{
"type": "FeatureCollection",
"name": "contours",
"crs": { "type": "name", "properties": { "name": "urn:ogc:def:crs:OGC:1.3:CRS84" } },
"features": [
{ "type": "Feature", "properties": { "fid": 1, "ID": 0, "ELEV": 125.0 }, "geometry": { "type": "LineString", "coordinates": [ [ 120.09, 13.721571590657026 ], [ 120.1, 13.721571590657026 ], [ 120.112617477041326, 13.740983870967742 ], [ 120.12, 13.751186809734037 ], [ 120.124728691765014, 13.760822580645161 ], [ 120.135310832429056, 13.78066129032258 ], [ 120.14, 13.788805635440946 ], [ 120.145939473684209, 13.8005 ], [ 120.156775998222699, 13.82033870967742 ], [ 120.16, 13.825891312921948 ], [ 120.167790191131942, 13.840177419354839 ], [ 120.179350798961906, 13.860016129032259 ], [ 120.18, 13.861079657326485 ], [ 120.191050380183654, 13.879854838709678 ], [ 120.2, 13.894222528128132 ], [ 120.203332824772218, 13.899693548387097 ], [ 120.215952760632618, 13.919532258064516 ], [ 120.22, 13.925652355931502 ], [ 120.228959762838528, 13.939370967741937 ], [ 120.24, 13.955627938268089 ], [ 120.242418926886799, 13.959209677419356 ], [ 120.256154917681471, 13.979048387096775 ], [ 120.26, 13.984499365645689 ], [ 120.270160372804455, 13.998887096774194 ], [ 120.28, 14.012655487282242 ], [ 120.284365473208311, 14.018725806451613 ], [ 120.298514733157447, 14.038564516129032 ], [ 120.3, 14.040753375515509 ], [ 120.312126229481095, 14.058403225806453 ], [ 120.32, 14.071425584671418 ], [ 120.324193708999161, 14.078241935483872 ], [ 120.33085732581165, 14.098080645161291 ], [ 120.33085732581165, 14.108 ] ] } },
{ "type": "Feature", "properties": { "fid": 2, "ID": 1, "ELEV": 450.0 }, "geometry": { "type": "LineString", "coordinates": [ [ 121.012452260587253, 13.443403225806453 ], [ 121.0, 13.434082448107105 ], [ 120.988020380188161, 13.443403225806453 ], [ 121.0, 13.456783441772654 ], [ 121.012452260587253, 13.443403225806453 ] ] } },
{ "type": "Feature", "properties": { "fid": 3, "ID": 2, "ELEV": 425.0 }, "geometry": { "type": "LineString", "coordinates": [ [ 121.040720027876787, 13.403725806451613 ], [ 121.04, 13.403055666657476 ], [ 121.02, 13.391314146664884 ], [ 121.0, 13.387623016475434 ], [ 120.98, 13.390855094627867 ], [ 120.96, 13.401975705003791 ], [ 120.958050513934992, 13.403725806451613 ], [ 120.943990763335023, 13.423564516129032 ], [ 120.94, 13.439659703320462 ], [ 120.93917568605967, 13.443403225806453 ], [ 120.94, 13.45059733902615 ], [ 120.941604740387533, 13.463241935483872 ], [ 120.952406393092872, 13.483080645161291 ], [ 120.96, 13.490845002404702 ], [ 120.98, 13.502546979981505 ], [ 120.982157384797162, 13.50291935483871 ], [ 121.0, 13.505643044004124 ], [ 121.01547657114746, 13.50291935483871 ], [ 121.02, 13.502028294241059 ], [ 121.04, 13.489644784900388 ], [ 121.046208523193698, 13.483080645161291 ], [ 121.056942799271852, 13.463241935483872 ], [ 121.059441796778614, 13.443403225806453 ], [ 121.05460296948965, 13.423564516129032 ], [ 121.040720027876787, 13.403725806451613 ] ] } },
{ "type": "Feature", "properties": { "fid": 4, "ID": 3, "ELEV": 400.0 }, "geometry": { "type": "LineString", "coordinates": [ [ 121.048433106696407, 13.364048387096775 ], [ 121.04, 13.359356066114543 ], [ 121.02, 13.352672865873391 ], [ 121.0, 13.350343591490038 ], [ 120.98, 13.352060712450104 ], [ 120.96, 13.358046333566922 ], [ 120.948512014699901, 13.364048387096775 ], [ 120.94, 13.369317053207876 ], [ 120.923864999009922, 13.383887096774194 ], [ 120.92, 13.388754346164328 ], [ 120.910226043885075, 13.403725806451613 ], [ 120.902597302256709, 13.423564516129032 ], [ 120.9, 13.4409018980265 ], [ 120.899632765687912, 13.443403225806453 ], [ 120.9, 13.449411057915777 ], [ 120.900855116683815, 13.463241935483872 ], [ 120.906464053008236, 13.483080645161291 ], [ 120.917247390602682, 13.50291935483871 ], [ 120.92, 13.506462891688013 ], [ 120.936040400770935, 13.522758064516129 ], [ 120.94, 13.525896928496026 ], [ 120.96, 13.537098516788705 ], [ 120.978169869958506, 13.542596774193548 ], [ 120.98, 13.543112962705951 ], [ 121.0, 13.544823219634475 ], [ 121.01898734177216, 13.542596774193548 ], [ 121.02, 13.542476300047095 ], [ 121.04, 13.535735873371417 ], [ 121.06, 13.523612545664424 ], [ 121.06102547857175, 13.522758064516129 ], [ 121.079690207119526, 13.50291935483871 ], [ 121.08, 13.502438337815033 ], [ 121.090408766375489, 13.483080645161291 ], [ 121.096029821526244, 13.463241935483872 ], [ 121.097267353402188, 13.443403225806453 ], [ 121.094305727840009, 13.423564516129032 ], [ 121.086701967719421, 13.403725806451613 ], [ 121.08, 13.393089904811427 ], [ 121.072984376156072, 13.383887096774194 ], [ 121.06, 13.371644158513591 ], [ 121.048433106696407, 13.364048387096775 ] ] } },
{ "type": "Feature", "properties": { "fid": 5, "ID": 4, "ELEV": 375.0 }, "geometry": { "type": "LineString", "coordinates": [ [ 121.053129112352579, 13.324370967741936 ], [ 121.04, 13.319153305788969 ], [ 121.02, 13.314368753139286 ], [ 121.0, 13.312588402182044 ], [ 120.98, 13.313678902599385 ], [ 120.96, 13.317719041303643 ], [ 120.941582017492877, 13.324370967741936 ], [ 120.94, 13.324980786941133 ], [ 120.92, 13.33612458484577 ], [ 120.909234754070638, 13.344209677419355 ], [ 120.9, 13.352468411633749 ], [ 120.889384978892323, 13.364048387096775 ], [ 120.88, 13.377439405997389 ], [ 120.875969630895113, 13.383887096774194 ], [ 120.867033802646432, 13.403725806451613 ], [ 120.861676995475477, 13.423564516129032 ], [ 120.86, 13.438491872586662 ], [ 120.859442775184135, 13.443403225806453 ], [ 120.86, 13.458523890455492 ], [ 120.860171161085276, 13.463241935483872 ], [ 120.863884920160046, 13.483080645161291 ], [ 120.870912322897226, 13.50291935483871 ], [ 120.88, 13.519766232405862 ], [ 120.881796865381304, 13.522758064516129 ], [ 120.897788921282796, 13.542596774193548 ], [ 120.9, 13.54481893911912 ], [ 120.92, 13.561146734692812 ], [ 120.922096381306346, 13.562435483870969 ], [ 120.94, 13.572280655382386 ], [ 120.96, 13.579568035811473 ], [ 120.97334006441389, 13.582274193548388 ], [ 120.98, 13.583603850728917 ], [ 121.0, 13.584706243095084 ], [ 121.02, 13.582893191701904 ], [ 121.022629029636448, 13.582274193548388 ], [ 121.04, 13.578122480058477 ], [ 121.06, 13.569962909363431 ], [ 121.072765873814348, 13.562435483870969 ], [ 121.08, 13.55767190348995 ], [ 121.097264745530637, 13.542596774193548 ], [ 121.1, 13.539685944109014 ], [ 121.113230970635541, 13.522758064516129 ], [ 121.12, 13.510959881979201 ], [ 121.124160619690414, 13.50291935483871 ], [ 121.131192164960794, 13.483080645161291 ], [ 121.134932507585233, 13.463241935483872 ], [ 121.13565816075625, 13.443403225806453 ], [ 121.133426286255386, 13.423564516129032 ], [ 121.128051140760604, 13.403725806451613 ], [ 121.12, 13.385694844701989 ], [ 121.119129188580629, 13.383887096774194 ], [ 121.105752707359287, 13.364048387096775 ], [ 121.1, 13.357479432149816 ], [ 121.085949714998478, 13.344209677419355 ], [ 121.08, 13.339485810454919 ], [ 121.06, 13.327280338865586 ], [ 121.053129112352579, 13.324370967741936 ] ] } },
{ "type": "Feature", "properties": { "fid": 6, "ID": 5, "ELEV": 350.0 }, "geometry": { "type": "LineString", "coordinates": [ [ 121.061105486734675, 13.284693548387096 ], [ 121.06, 13.284225946367101 ], [ 121.04, 13.278038718377754 ], [ 121.02, 13.274297552172035 ], [ 121.0, 13.272827882788295 ], [ 120.98, 13.273556398672973 ], [ 120.96, 13.276517746573596 ], [ 120.94, 13.281847637768953 ], [ 120.932569760670205, 13.284693548387096 ], [ 120.92, 13.289722819455154 ], [ 120.9, 13.300580259651511 ], [ 120.894147416413375, 13.304532258064516 ], [ 120.88, 13.315193579661576 ], [ 120.869880813985887, 13.324370967741936 ], [ 120.86, 13.334921910111708 ], [ 120.852336108493034, 13.344209677419355 ], [ 120.84, 13.362913603892443 ], [ 120.839307072586195, 13.364048387096775 ], [ 120.829696122648471, 13.383887096774194 ], [ 120.822992367413534, 13.403725806451613 ], [ 120.82, 13.417966354939789 ], [ 120.818819745666516, 13.423564516129032 ], [ 120.816953652814291, 13.443403225806453 ], [ 120.817393545850237, 13.463241935483872 ], [ 120.82, 13.482002779148461 ], [ 120.820148540596762, 13.483080645161291 ], [ 120.82522223382017, 13.50291935483871 ], [ 120.83295762732061, 13.522758064516129 ], [ 120.84, 13.536064398064847 ], [ 120.843714528962551, 13.542596774193548 ], [ 120.858123039605204, 13.562435483870969 ], [ 120.86, 13.564604372438554 ], [ 120.877574381158382, 13.582274193548388 ], [ 120.88, 13.584390901408913 ], [ 120.9, 13.599039427652764 ], [ 120.905317462518511, 13.602112903225807 ], [ 120.92, 13.610000556410769 ], [ 120.94, 13.617934829168403 ], [ 120.955049567668581, 13.621951612903226 ], [ 120.96, 13.623256092011323 ], [ 120.98, 13.626273301837301 ], [ 121.0, 13.627017892535671 ], [ 121.02, 13.625520431751584 ], [ 121.038770389677353, 13.621951612903226 ], [ 121.04, 13.621719547386125 ], [ 121.06, 13.615582811331381 ], [ 121.08, 13.606666532431666 ], [ 121.08784832279018, 13.602112903225807 ], [ 121.1, 13.594526132387978 ], [ 121.115536212749134, 13.582274193548388 ], [ 121.12, 13.578289441662365 ], [ 121.134968985059245, 13.562435483870969 ], [ 121.14, 13.556024410254192 ], [ 121.149387497819816, 13.542596774193548 ], [ 121.16, 13.522965682342205 ], [ 121.160104850328153, 13.522758064516129 ], [ 121.167849896875921, 13.50291935483871 ], [ 121.172959154177676, 13.483080645161291 ], [ 121.175660217174695, 13.463241935483872 ], [ 121.176087842289817, 13.443403225806453 ], [ 121.174262813967729, 13.423564516129032 ], [ 121.170085024814227, 13.403725806451613 ], [ 121.163343282435633, 13.383887096774194 ], [ 121.16, 13.376723836675868 ], [ 121.153770869680756, 13.364048387096775 ], [ 121.140802513279979, 13.344209677419355 ], [ 121.14, 13.34318906322469 ], [ 121.123315609704562, 13.324370967741936 ], [ 121.12, 13.321195133660735 ], [ 121.1, 13.305060139771797 ], [ 121.09919364674316, 13.304532258064516 ], [ 121.08, 13.293039191163837 ], [ 121.061105486734675, 13.284693548387096 ] ] } },
{ "type": "Feature", "properties": { "fid": 7, "ID": 6, "ELEV": 325.0 }, "geometry": { "type": "LineString", "coordinates": [ [ 121.076249908134017, 13.245016129032258 ], [ 121.06, 13.23936346819735 ], [ 121.04, 13.234413197298148 ], [ 121.02, 13.231361164488034 ], [ 121.0, 13.230100539881361 ], [ 120.98, 13.230585156018339 ], [ 120.96, 13.232832100806217 ], [ 120.94, 13.236918881613017 ], [ 120.92, 13.2429764175159 ], [ 120.914849361524901, 13.245016129032258 ], [ 120.9, 13.251081413233967 ], [ 120.88, 13.261588060166625 ], [ 120.8748105734105, 13.264854838709677 ], [ 120.86, 13.274911987044158 ], [ 120.847844410673389, 13.284693548387096 ], [ 120.84, 13.291745218753876 ], [ 120.827471590475753, 13.304532258064516 ], [ 120.82, 13.313389100949983 ], [ 120.811524401943927, 13.324370967741936 ], [ 120.8, 13.342468574684432 ], [ 120.798951715584408, 13.344209677419355 ], [ 120.789063792768943, 13.364048387096775 ], [ 120.781604934942763, 13.383887096774194 ], [ 120.78, 13.389765647532656 ], [ 120.776185930491934, 13.403725806451613 ], [ 120.772716740206107, 13.423564516129032 ], [ 120.771130681237125, 13.443403225806453 ], [ 120.771371854285206, 13.463241935483872 ], [ 120.773444570135752, 13.483080645161291 ], [ 120.777411850191882, 13.50291935483871 ], [ 120.78, 13.511678558467743 ], [ 120.783306230555525, 13.522758064516129 ], [ 120.791322342424053, 13.542596774193548 ], [ 120.8, 13.559210515330445 ], [ 120.801773629176921, 13.562435483870969 ], [ 120.81499968878947, 13.582274193548388 ], [ 120.82, 13.588619034982081 ], [ 120.831725329511741, 13.602112903225807 ], [ 120.84, 13.610427682794205 ], [ 120.853110947018649, 13.621951612903226 ], [ 120.86, 13.627438343115568 ], [ 120.88, 13.640888839791973 ], [ 120.881613517401817, 13.641790322580645 ], [ 120.9, 13.651544048479298 ], [ 120.92, 13.659740022550825 ], [ 120.926127658721811, 13.661629032258064 ], [ 120.94, 13.665864096080911 ], [ 120.96, 13.670037095040025 ], [ 120.98, 13.672337651567062 ], [ 121.0, 13.672840719492431 ], [ 121.02, 13.671562443866685 ], [ 121.04, 13.668457849635804 ], [ 121.06, 13.663422610856665 ], [ 121.065175237471337, 13.661629032258064 ], [ 121.08, 13.656437366476931 ], [ 121.1, 13.647175721422293 ], [ 121.10935075976127, 13.641790322580645 ], [ 121.12, 13.63532561954888 ], [ 121.138050132808289, 13.621951612903226 ], [ 121.14, 13.620376999040738 ], [ 121.159355487378392, 13.602112903225807 ], [ 121.16, 13.601423645359345 ], [ 121.17594753290696, 13.582274193548388 ], [ 121.18, 13.576508135142213 ], [ 121.189131649548884, 13.562435483870969 ], [ 121.199490612755852, 13.542596774193548 ], [ 121.2, 13.541377717652807 ], [ 121.207524889979609, 13.522758064516129 ], [ 121.213392481572058, 13.50291935483871 ], [ 121.217265665946584, 13.483080645161291 ], [ 121.219277525593313, 13.463241935483872 ], [ 121.219502278284523, 13.443403225806453 ], [ 121.217947299445413, 13.423564516129032 ], [ 121.214550090342186, 13.403725806451613 ], [ 121.209181988050474, 13.383887096774194 ], [ 121.201656734243244, 13.364048387096775 ], [ 121.2, 13.36058946014878 ], [ 121.191855277951277, 13.344209677419355 ], [ 121.18, 13.32540510386597 ], [ 121.179301284904795, 13.324370967741936 ], [ 121.163421697935263, 13.304532258064516 ], [ 121.16, 13.300840439708558 ], [ 121.143134300291067, 13.284693548387096 ], [ 121.14, 13.282008808751677 ], [ 121.12, 13.267207243087174 ], [ 121.116185719843131, 13.264854838709677 ], [ 121.1, 13.2554698890367 ], [ 121.08, 13.246341383811703 ], [ 121.076249908134017, 13.245016129032258 ] ] } },
{ "type": "Feature", "properties": { "fid": 8, "ID": 7, "ELEV": 300.0 }, "geometry": { "type": "LineString", "coordinates": [ [ 121.026453067962521, 13.1855 ], [ 121.02, 13.184654403266281 ], [ 121.0, 13.183506053756307 ], [ 120.98, 13.183825226257779 ], [ 120.961296988647945, 13.1855 ], [ 120.96, 13.18561307552476 ], [ 120.94, 13.188800668509343 ], [ 120.92, 13.193537395157614 ], [ 120.9, 13.19993852177004 ], [ 120.886647470045276, 13.20533870967742 ], [ 120.88, 13.208088652108321 ], [ 120.86, 13.218125549050187 ], [ 120.848220638493927, 13.225177419354839 ], [ 120.84, 13.230378719056661 ], [ 120.82019867417435, 13.245016129032258 ], [ 120.82, 13.245175244894895 ], [ 120.8, 13.263164312792236 ], [ 120.798302576948743, 13.264854838709677 ], [ 120.780503373786601, 13.284693548387096 ], [ 120.78, 13.285332525389114 ], [ 120.76584683230422, 13.304532258064516 ], [ 120.76, 13.313920129348192 ], [ 120.753763474975301, 13.324370967741936 ], [ 120.743908163650914, 13.344209677419355 ], [ 120.74, 13.353946971563234 ], [ 120.735991807955656, 13.364048387096775 ], [ 120.729823887393366, 13.383887096774194 ], [ 120.725358071218054, 13.403725806451613 ], [ 120.722478752686669, 13.423564516129032 ], [ 120.721107113551724, 13.443403225806453 ], [ 120.721203465778913, 13.463241935483872 ], [ 120.722768303181397, 13.483080645161291 ], [ 120.725840977096453, 13.50291935483871 ], [ 120.730496948970696, 13.522758064516129 ], [ 120.736843836186708, 13.542596774193548 ], [ 120.74, 13.550449021378883 ], [ 120.744908112922147, 13.562435483870969 ], [ 120.754917477514994, 13.582274193548388 ], [ 120.76, 13.590778684063578 ], [ 120.7671158450608, 13.602112903225807 ], [ 120.78, 13.619606129835924 ], [ 120.78185729703398, 13.621951612903226 ], [ 120.799688130319566, 13.641790322580645 ], [ 120.8, 13.642104580399746 ], [ 120.82, 13.660329129673217 ], [ 120.821616742542929, 13.661629032258064 ], [ 120.84, 13.675374239221012 ], [ 120.849536299996316, 13.681467741935485 ], [ 120.86, 13.687833643682568 ], [ 120.88, 13.698056348392091 ], [ 120.887742853271916, 13.701306451612904 ], [ 120.9, 13.706359526722485 ], [ 120.92, 13.712895640477948 ], [ 120.94, 13.717735817428037 ], [ 120.96, 13.72099848818724 ], [ 120.961638438352239, 13.721145161290323 ], [ 120.98, 13.722836136907471 ], [ 121.0, 13.723177495199707 ], [ 121.02, 13.722022816906804 ], [ 121.026606720302894, 13.721145161290323 ], [ 121.04, 13.719413680180212 ], [ 121.06, 13.715301668114314 ], [ 121.08, 13.709542542324639 ], [ 121.1, 13.701992597718121 ], [ 121.101500545625015, 13.701306451612904 ], [ 121.12, 13.692683389532608 ], [ 121.139518249540259, 13.681467741935485 ], [ 121.14, 13.681179729648822 ], [ 121.16, 13.66730422868339 ], [ 121.167071522293469, 13.661629032258064 ], [ 121.18, 13.650454506555201 ], [ 121.188900084405986, 13.641790322580645 ], [ 121.2, 13.629839101041098 ], [ 121.206677780404817, 13.621951612903226 ], [ 121.22, 13.604029808130425 ], [ 121.221331047416555, 13.602112903225807 ], [ 121.233444847664089, 13.582274193548388 ], [ 121.24, 13.569330466820452 ], [ 121.243369095864679, 13.562435483870969 ], [ 121.251400955485579, 13.542596774193548 ], [ 121.257614174661043, 13.522758064516129 ], [ 121.26, 13.51247653351435 ], [ 121.262229208579555, 13.50291935483871 ], [ 121.265329373182354, 13.483080645161291 ], [ 121.266903422825777, 13.463241935483872 ], [ 121.266984830313746, 13.443403225806453 ], [ 121.265572568987267, 13.423564516129032 ], [ 121.262629996451665, 13.403725806451613 ], [ 121.26, 13.392137522595631 ], [ 121.258151174762205, 13.383887096774194 ], [ 121.25208775362411, 13.364048387096775 ], [ 121.244185340494212, 13.344209677419355 ], [ 121.24, 13.335617583148833 ], [ 121.234364530746092, 13.324370967741936 ], [ 121.222333922070433, 13.304532258064516 ], [ 121.22, 13.301190609473402 ], [ 121.207741294677092, 13.284693548387096 ], [ 121.2, 13.275617618142689 ], [ 121.189981836900387, 13.264854838709677 ], [ 121.18, 13.255232256017784 ], [ 121.168110042118016, 13.245016129032258 ], [ 121.16, 13.238589802420035 ], [ 121.140436755160962, 13.225177419354839 ], [ 121.14, 13.22489432680125 ], [ 121.12, 13.213563592122332 ], [ 121.102123740132697, 13.20533870967742 ], [ 121.1, 13.204384135032736 ], [ 121.08, 13.196954707061565 ], [ 121.06, 13.191283101581083 ], [ 121.04, 13.187229850404588 ], [ 121.026453067962521, 13.1855 ] ] } },
{ "type": "Feature", "properties": { "fid": 9, "ID": 8, "ELEV": 275.0 }, "geometry": { "type": "LineString", "coordinates": [ [ 121.087587379686425, 13.145822580645161 ], [ 121.08, 13.14350091141876 ], [ 121.06, 13.138683052254628 ], [ 121.04, 13.135189854975273 ], [ 121.02, 13.132956490376198 ], [ 121.0, 13.131939872864123 ], [ 120.98, 13.132119695842665 ], [ 120.96, 13.133498660811995 ], [ 120.94, 13.136102171858159 ], [ 120.92, 13.139976897707179 ], [ 120.9, 13.145189345120821 ], [ 120.898035602370555, 13.145822580645161 ], [ 120.88, 13.151651295616281 ], [ 120.86, 13.15961998850052 ], [ 120.847242305470104, 13.16566129032258 ], [ 120.84, 13.169178396195623 ], [ 120.82, 13.180449756016603 ], [ 120.812139691852551, 13.1855 ], [ 120.8, 13.193696324066739 ], [ 120.784756635587968, 13.20533870967742 ], [ 120.78, 13.209226148802298 ], [ 120.762349428120004, 13.225177419354839 ], [ 120.76, 13.227494122223527 ], [ 120.743586363886692, 13.245016129032258 ], [ 120.74, 13.249280917313696 ], [ 120.727663969151493, 13.264854838709677 ], [ 120.72, 13.275870848418801 ], [ 120.714114560233455, 13.284693548387096 ], [ 120.702624476170186, 13.304532258064516 ], [ 120.7, 13.30980934626969 ], [ 120.692886318621049, 13.324370967741936 ], [ 120.684822859962921, 13.344209677419355 ], [ 120.68, 13.358866244535225 ], [ 120.67828843974452, 13.364048387096775 ], [ 120.673078579630712, 13.383887096774194 ], [ 120.669254888945801, 13.403725806451613 ], [ 120.66674489147735, 13.423564516129032 ], [ 120.66549866435534, 13.443403225806453 ], [ 120.66548986119858, 13.463241935483872 ], [ 120.666715748327988, 13.483080645161291 ], [ 120.669196774005883, 13.50291935483871 ], [ 120.672975418377078, 13.522758064516129 ], [ 120.67811435393601, 13.542596774193548 ], [ 120.68, 13.548404465402697 ], [ 120.684559642279524, 13.562435483870969 ], [ 120.692484912677301, 13.582274193548388 ], [ 120.7, 13.597957247047546 ], [ 120.702036464459084, 13.602112903225807 ], [ 120.713265054713517, 13.621951612903226 ], [ 120.72, 13.632298561021297 ], [ 120.72646768204558, 13.641790322580645 ], [ 120.74, 13.65931531086607 ], [ 120.741902849348293, 13.661629032258064 ], [ 120.759985220128968, 13.681467741935485 ], [ 120.76, 13.681482696071305 ], [ 120.78, 13.700104946766793 ], [ 120.781428750298801, 13.701306451612904 ], [ 120.8, 13.715970295108876 ], [ 120.807414318183277, 13.721145161290323 ], [ 120.82, 13.729539455850716 ], [ 120.839865228507747, 13.740983870967742 ], [ 120.84, 13.74105925607982 ], [ 120.86, 13.750914251040168 ], [ 120.88, 13.759061439117113 ], [ 120.885221830945795, 13.760822580645161 ], [ 120.9, 13.765806857732422 ], [ 120.92, 13.77114748752277 ], [ 120.94, 13.775119140611011 ], [ 120.96, 13.777793379623285 ], [ 120.98, 13.779220213659507 ], [ 121.0, 13.779427055696281 ], [ 121.02, 13.778417327408539 ], [ 121.04, 13.776170131287156 ], [ 121.06, 13.772640289813996 ], [ 121.08, 13.76775934261892 ], [ 121.1, 13.761436678357565 ], [ 121.101606686930097, 13.760822580645161 ], [ 121.12, 13.753782565648098 ], [ 121.14, 13.744462300752893 ], [ 121.146420113713418, 13.740983870967742 ], [ 121.16, 13.733453111981337 ], [ 121.17897469547934, 13.721145161290323 ], [ 121.18, 13.720453453114313 ], [ 121.2, 13.70526946295759 ], [ 121.204663797133691, 13.701306451612904 ], [ 121.22, 13.68739982486632 ], [ 121.225944829404781, 13.681467741935485 ], [ 121.24, 13.66620777514977 ], [ 121.243905238215831, 13.661629032258064 ], [ 121.259186358617171, 13.641790322580645 ], [ 121.26, 13.640614458015294 ], [ 121.272257939675399, 13.621951612903226 ], [ 121.28, 13.608281152999353 ], [ 121.283372341460563, 13.602112903225807 ], [ 121.292794420834042, 13.582274193548388 ], [ 121.3, 13.563920647676683 ], [ 121.300576014587861, 13.562435483870969 ], [ 121.307016643229673, 13.542596774193548 ], [ 121.312034488016522, 13.522758064516129 ], [ 121.315712545758657, 13.50291935483871 ], [ 121.318115862115064, 13.483080645161291 ], [ 121.319288928057887, 13.463241935483872 ], [ 121.319253346383789, 13.443403225806453 ], [ 121.318006532147407, 13.423564516129032 ], [ 121.315521110950542, 13.403725806451613 ], [ 121.311745368073503, 13.383887096774194 ], [ 121.306604514883134, 13.364048387096775 ], [ 121.300002527440782, 13.344209677419355 ], [ 121.3, 13.344203327987323 ], [ 121.292049569286817, 13.324370967741936 ], [ 121.28237275778794, 13.304532258064516 ], [ 121.28, 13.300306139081219 ], [ 121.270962440395564, 13.284693548387096 ], [ 121.26, 13.268416494249994 ], [ 121.257484016408583, 13.264854838709677 ], [ 121.241676167809288, 13.245016129032258 ], [ 121.24, 13.243110240695461 ], [ 121.223018146187044, 13.225177419354839 ], [ 121.22, 13.222259986156901 ], [ 121.200775403144448, 13.20533870967742 ], [ 121.2, 13.204701641654715 ], [ 121.18, 13.189777700283738 ], [ 121.173470964434784, 13.1855 ], [ 121.16, 13.177045167430968 ], [ 121.14, 13.166286352548786 ], [ 121.138657103258183, 13.16566129032258 ], [ 121.12, 13.157130589308665 ], [ 121.1, 13.149603026698262 ], [ 121.087587379686425, 13.145822580645161 ] ] } },
{ "type": "Feature", "properties": { "fid": 10, "ID": 9, "ELEV": 250.0 }, "geometry": { "type": "LineString", "coordinates": [ [ 121.087487574034938, 13.086306451612904 ], [ 121.08, 13.084357549712745 ], [ 121.06, 13.080236059998477 ], [ 121.04, 13.077213803651283 ], [ 121.02, 13.075247920051186 ], [ 121.0, 13.074309567762935 ], [ 120.98, 13.074384472206296 ], [ 120.96, 13.07547284487033 ], [ 120.94, 13.077589377336251 ], [ 120.92, 13.080762461481465 ], [ 120.9, 13.085033604829029 ], [ 120.89521774759146, 13.086306451612904 ], [ 120.88, 13.090321375704086 ], [ 120.86, 13.096769051909007 ], [ 120.84, 13.104504698791811 ], [ 120.83628943881051, 13.106145161290323 ], [ 120.82, 13.11344786599653 ], [ 120.8, 13.123854326767765 ], [ 120.796324132587955, 13.125983870967742 ], [ 120.78, 13.135745883156856 ], [ 120.765053645719291, 13.145822580645161 ], [ 120.76, 13.149385172188662 ], [ 120.74, 13.164959341638822 ], [ 120.73916476496116, 13.16566129032258 ], [ 120.72, 13.182821238591236 ], [ 120.717222609405496, 13.1855 ], [ 120.7, 13.203449622942104 ], [ 120.698292650393498, 13.20533870967742 ], [ 120.681834756793336, 13.225177419354839 ], [ 120.68, 13.2276192756062 ], [ 120.667444403850808, 13.245016129032258 ], [ 120.66, 13.256664833842212 ], [ 120.654908286099371, 13.264854838709677 ], [ 120.644006168441834, 13.284693548387096 ], [ 120.64, 13.293066612364111 ], [ 120.634567797371403, 13.304532258064516 ], [ 120.626501054346576, 13.324370967741936 ], [ 120.62, 13.343597948631206 ], [ 120.619791871681954, 13.344209677419355 ], [ 120.614153761985904, 13.364048387096775 ], [ 120.609723007487943, 13.383887096774194 ], [ 120.606435887520476, 13.403725806451613 ], [ 120.604243122581067, 13.423564516129032 ], [ 120.60311047116231, 13.443403225806453 ], [ 120.603018981234968, 13.463241935483872 ], [ 120.603964968441403, 13.483080645161291 ], [ 120.605959778018274, 13.50291935483871 ], [ 120.609029207599846, 13.522758064516129 ], [ 120.613212599021779, 13.542596774193548 ], [ 120.618561686619316, 13.562435483870969 ], [ 120.62, 13.566865373645918 ], [ 120.624985918395382, 13.582274193548388 ], [ 120.632660541504549, 13.602112903225807 ], [ 120.64, 13.618287699575045 ], [ 120.641683456307632, 13.621951612903226 ], [ 120.652023817331752, 13.641790322580645 ], [ 120.66, 13.655207680231001 ], [ 120.663932358966562, 13.661629032258064 ], [ 120.677503837069779, 13.681467741935485 ], [ 120.68, 13.684800500461975 ], [ 120.692962406335042, 13.701306451612904 ], [ 120.7, 13.709498792233317 ], [ 120.710627830947075, 13.721145161290323 ], [ 120.72, 13.73067626838581 ], [ 120.730916727027051, 13.740983870967742 ], [ 120.74, 13.749057003286556 ], [ 120.754466672653322, 13.760822580645161 ], [ 120.76, 13.765115720771375 ], [ 120.78, 13.779177502192733 ], [ 120.782338318645273, 13.78066129032258 ], [ 120.8, 13.791548100730349 ], [ 120.816633080663934, 13.8005 ], [ 120.82, 13.802280703064245 ], [ 120.84, 13.811663311402544 ], [ 120.86, 13.819606579126825 ], [ 120.862157399552714, 13.82033870967742 ], [ 120.88, 13.826422038420723 ], [ 120.9, 13.832002490608255 ], [ 120.92, 13.836396579956368 ], [ 120.94, 13.839664502387793 ], [ 120.944648237914322, 13.840177419354839 ], [ 120.96, 13.841922685881508 ], [ 120.98, 13.843112714252271 ], [ 121.0, 13.843228241628456 ], [ 121.02, 13.842269587290906 ], [ 121.04, 13.84022283766577 ], [ 121.040290500047774, 13.840177419354839 ], [ 121.06, 13.837181837807487 ], [ 121.08, 13.833020782245555 ], [ 121.1, 13.827676094854361 ], [ 121.12, 13.821071664316072 ], [ 121.121892878567138, 13.82033870967742 ], [ 121.14, 13.813348356462383 ], [ 121.16, 13.804203913188974 ], [ 121.167089885527076, 13.8005 ], [ 121.18, 13.793665120231113 ], [ 121.2, 13.781498524894591 ], [ 121.201245616880186, 13.78066129032258 ], [ 121.22, 13.767658310989964 ], [ 121.228833652995462, 13.760822580645161 ], [ 121.24, 13.751794699801676 ], [ 121.252166282297992, 13.740983870967742 ], [ 121.26, 13.733609511862397 ], [ 121.272226873316313, 13.721145161290323 ], [ 121.28, 13.712624445059514 ], [ 121.289670837314247, 13.701306451612904 ], [ 121.3, 13.688100116344268 ], [ 121.304925067791217, 13.681467741935485 ], [ 121.318276868115504, 13.661629032258064 ], [ 121.32, 13.658796307686808 ], [ 121.330003188831995, 13.641790322580645 ], [ 121.34, 13.622247803504511 ], [ 121.340148284927253, 13.621951612903226 ], [ 121.349022291870554, 13.602112903225807 ], [ 121.356527621558641, 13.582274193548388 ], [ 121.36, 13.571363207251803 ], [ 121.362845474457714, 13.562435483870969 ], [ 121.368060388300549, 13.542596774193548 ], [ 121.372129327400998, 13.522758064516129 ], [ 121.375103727502278, 13.50291935483871 ], [ 121.377022915680215, 13.483080645161291 ], [ 121.377912631692951, 13.463241935483872 ], [ 121.377784119097441, 13.443403225806453 ], [ 121.376633508392544, 13.423564516129032 ], [ 121.374441506040938, 13.403725806451613 ], [ 121.371173469387756, 13.383887096774194 ], [ 121.366779874631021, 13.364048387096775 ], [ 121.361197230618117, 13.344209677419355 ], [ 121.36, 13.340662783840539 ], [ 121.354527592687518, 13.324370967741936 ], [ 121.346551183561431, 13.304532258064516 ], [ 121.34, 13.290600050671879 ], [ 121.337188717935916, 13.284693548387096 ], [ 121.326408309611253, 13.264854838709677 ], [ 121.32, 13.25447160723775 ], [ 121.313981780900193, 13.245016129032258 ], [ 121.3, 13.225543026146779 ], [ 121.299725629536638, 13.225177419354839 ], [ 121.2834205296368, 13.20533870967742 ], [ 121.28, 13.201531793300656 ], [ 121.264641195978086, 13.1855 ], [ 121.26, 13.181004031840846 ], [ 121.242859698155399, 13.16566129032258 ], [ 121.24, 13.163250398451462 ], [ 121.22, 13.147794276032091 ], [ 121.217183659762057, 13.145822580645161 ], [ 121.2, 13.134265930664426 ], [ 121.186043846003201, 13.125983870967742 ], [ 121.18, 13.122493028438511 ], [ 121.16, 13.112226712529914 ], [ 121.14625104091489, 13.106145161290323 ], [ 121.14, 13.103404680821425 ], [ 121.12, 13.095814081291763 ], [ 121.1, 13.089518821785875 ], [ 121.087487574034938, 13.086306451612904 ] ] } },
{ "type": "Feature", "properties": { "fid": 11, "ID": 10, "ELEV": 225.0 }, "geometry": { "type": "LineString", "coordinates": [ [ 121.116723741333502, 13.026790322580645 ], [ 121.1, 13.022235423595232 ], [ 121.08, 13.017768785619804 ], [ 121.06, 13.014253161853233 ], [ 121.04, 13.011649102960785 ], [ 121.02, 13.009926513116683 ], [ 121.0, 13.009064892745338 ], [ 120.98, 13.009053688349173 ], [ 120.96, 13.009892011021703 ], [ 120.94, 13.01158879662708 ], [ 120.92, 13.014162382614369 ], [ 120.9, 13.017640208820239 ], [ 120.88, 13.022058108668476 ], [ 120.862431131473642, 13.026790322580645 ], [ 120.86, 13.027438151784768 ], [ 120.84, 13.033677962516151 ], [ 120.82, 13.041003544737823 ], [ 120.806589423350218, 13.046629032258064 ], [ 120.8, 13.049411904570185 ], [ 120.78, 13.058904706688955 ], [ 120.765857485549802, 13.066467741935483 ], [ 120.76, 13.069664624939167 ], [ 120.74, 13.081713644158418 ], [ 120.733042228495847, 13.086306451612904 ], [ 120.72, 13.09521696248607 ], [ 120.705383638449717, 13.106145161290323 ], [ 120.7, 13.110353704053439 ], [ 120.681496338788151, 13.125983870967742 ], [ 120.68, 13.12731961009688 ], [ 120.66058388407393, 13.145822580645161 ], [ 120.66, 13.146417195990175 ], [ 120.642093254850352, 13.16566129032258 ], [ 120.64, 13.168093239677553 ], [ 120.625646194953106, 13.1855 ], [ 120.62, 13.192991137641931 ], [ 120.610991977441188, 13.20533870967742 ], [ 120.6, 13.222027601799025 ], [ 120.597972685887711, 13.225177419354839 ], [ 120.586335030831137, 13.245016129032258 ], [ 120.58, 13.257204457642729 ], [ 120.576061166989675, 13.264854838709677 ], [ 120.566977583581931, 13.284693548387096 ], [ 120.56, 13.302322619698508 ], [ 120.559122678057022, 13.304532258064516 ], [ 120.552231455027041, 13.324370967741936 ], [ 120.546447560078761, 13.344209677419355 ], [ 120.541706482732906, 13.364048387096775 ], [ 120.54, 13.372997129856842 ], [ 120.537874377468654, 13.383887096774194 ], [ 120.53495193681303, 13.403725806451613 ], [ 120.53297061079536, 13.423564516129032 ], [ 120.531907247352862, 13.443403225806453 ], [ 120.531748420257202, 13.463241935483872 ], [ 120.532489976723923, 13.483080645161291 ], [ 120.534137211382387, 13.50291935483871 ], [ 120.536704393790814, 13.522758064516129 ], [ 120.54, 13.541400963711437 ], [ 120.540206827313938, 13.542596774193548 ], [ 120.544538335935542, 13.562435483870969 ], [ 120.549861410832847, 13.582274193548388 ], [ 120.556226483854147, 13.602112903225807 ], [ 120.56, 13.612277742379362 ], [ 120.56358489061644, 13.621951612903226 ], [ 120.57198741772784, 13.641790322580645 ], [ 120.58, 13.658380716877437 ], [ 120.581585481238108, 13.661629032258064 ], [ 120.592306570171246, 13.681467741935485 ], [ 120.6, 13.694227438697002 ], [ 120.604370073295541, 13.701306451612904 ], [ 120.617832429118423, 13.721145161290323 ], [ 120.62, 13.724104892035001 ], [ 120.632825042680935, 13.740983870967742 ], [ 120.64, 13.749707731628165 ], [ 120.649576212852224, 13.760822580645161 ], [ 120.66, 13.772128644667267 ], [ 120.668324801846666, 13.78066129032258 ], [ 120.68, 13.791967510494956 ], [ 120.689422992782525, 13.8005 ], [ 120.7, 13.809644338449399 ], [ 120.713375463482933, 13.82033870967742 ], [ 120.72, 13.825446630385752 ], [ 120.74, 13.839574586261348 ], [ 120.740927809433302, 13.840177419354839 ], [ 120.76, 13.852292677972416 ], [ 120.773609900593897, 13.860016129032259 ], [ 120.78, 13.863593266286944 ], [ 120.8, 13.873677840949004 ], [ 120.813937089403026, 13.879854838709678 ], [ 120.82, 13.882539392924658 ], [ 120.84, 13.890362205652597 ], [ 120.86, 13.897034597241623 ], [ 120.869402029443719, 13.899693548387097 ], [ 120.88, 13.902737026863122 ], [ 120.9, 13.90748949979905 ], [ 120.92, 13.911240698565511 ], [ 120.94, 13.914028936671132 ], [ 120.96, 13.915883357951147 ], [ 120.98, 13.916823580848101 ], [ 121.0, 13.916859427763107 ], [ 121.02, 13.915990548549061 ], [ 121.04, 13.914206366106988 ], [ 121.06, 13.911486120541102 ], [ 121.08, 13.907798850099196 ], [ 121.1, 13.903103726005734 ], [ 121.111948515827066, 13.899693548387097 ], [ 121.12, 13.897436637517151 ], [ 121.14, 13.890805621330674 ], [ 121.16, 13.883006445062323 ], [ 121.167101355184741, 13.879854838709678 ], [ 121.18, 13.874139826662521 ], [ 121.2, 13.864038667422138 ], [ 121.207137144761276, 13.860016129032259 ], [ 121.22, 13.852684306926168 ], [ 121.239532177619949, 13.840177419354839 ], [ 121.24, 13.839871721091669 ], [ 121.26, 13.825616976202316 ], [ 121.266753644920868, 13.82033870967742 ], [ 121.28, 13.809621019381989 ], [ 121.290387364648097, 13.8005 ], [ 121.3, 13.791670662751324 ], [ 121.311166958222998, 13.78066129032258 ], [ 121.32, 13.771451514476412 ], [ 121.329599632729114, 13.760822580645161 ], [ 121.34, 13.748502535139341 ], [ 121.346039055585692, 13.740983870967742 ], [ 121.36, 13.722161399974915 ], [ 121.360724318807812, 13.721145161290323 ], [ 121.373903601514499, 13.701306451612904 ], [ 121.38, 13.691158594881278 ], [ 121.38567107036387, 13.681467741935485 ], [ 121.39614895620781, 13.661629032258064 ], [ 121.4, 13.65348688349439 ], [ 121.405462162083623, 13.641790322580645 ], [ 121.413657634862062, 13.621951612903226 ], [ 121.42, 13.60418697937863 ], [ 121.420740601882557, 13.602112903225807 ], [ 121.426932345356406, 13.582274193548388 ], [ 121.432104072448723, 13.562435483870969 ], [ 121.436304221624908, 13.542596774193548 ], [ 121.439574189152481, 13.522758064516129 ], [ 121.44, 13.519234402490031 ], [ 121.442022906927605, 13.50291935483871 ], [ 121.443585236178123, 13.483080645161291 ], [ 121.444258455727251, 13.463241935483872 ], [ 121.444047084320076, 13.443403225806453 ], [ 121.442946686068424, 13.423564516129032 ], [ 121.440943597708966, 13.403725806451613 ], [ 121.44, 13.397288603778868 ], [ 121.438088858075631, 13.383887096774194 ], [ 121.434341982005535, 13.364048387096775 ], [ 121.429622839136314, 13.344209677419355 ], [ 121.423877582499344, 13.324370967741936 ], [ 121.42, 13.312991501977569 ], [ 121.417137663613076, 13.304532258064516 ], [ 121.409378179040786, 13.284693548387096 ], [ 121.400384259103717, 13.264854838709677 ], [ 121.4, 13.264090257686549 ], [ 121.390307008391048, 13.245016129032258 ], [ 121.38, 13.227175453389144 ], [ 121.378822142823537, 13.225177419354839 ], [ 121.365985860009957, 13.20533870967742 ], [ 121.36, 13.196949092095934 ], [ 121.351540792309322, 13.1855 ], [ 121.34, 13.171212607171221 ], [ 121.335307159950119, 13.16566129032258 ], [ 121.32, 13.148890492776028 ], [ 121.317036649525903, 13.145822580645161 ], [ 121.3, 13.129288428283949 ], [ 121.296354326122866, 13.125983870967742 ], [ 121.28, 13.111925419339892 ], [ 121.272712875111665, 13.106145161290323 ], [ 121.26, 13.096475825283326 ], [ 121.245328443672392, 13.086306451612904 ], [ 121.24, 13.082728050238611 ], [ 121.22, 13.070464463029403 ], [ 121.212759977267822, 13.066467741935483 ], [ 121.2, 13.059543331067031 ], [ 121.18, 13.049911133771506 ], [ 121.172304001296837, 13.046629032258064 ], [ 121.16, 13.041399052069089 ], [ 121.14, 13.033979969761624 ], [ 121.12, 13.027670095210341 ], [ 121.116723741333502, 13.026790322580645 ] ] } },
{ "type": "Feature", "properties": { "fid": 12, "ID": 11, "ELEV": 200.0 }, "geometry": { "type": "LineString", "coordinates": [ [ 121.108248334117491, 12.947435483870969 ], [ 121.1, 12.94551021579157 ], [ 121.08, 12.941629990890533 ], [ 121.06, 12.938550095089301 ], [ 121.04, 12.936244040303706 ], [ 121.02, 12.934691423819949 ], [ 121.0, 12.93387808330367 ], [ 120.98, 12.933796202131317 ], [ 120.96, 12.934444316899008 ], [ 120.94, 12.935827173556639 ], [ 120.92, 12.937955688074 ], [ 120.9, 12.940846664845363 ], [ 120.88, 12.944522603793342 ], [ 120.866943737109537, 12.947435483870969 ], [ 120.86, 12.948958086799109 ], [ 120.84, 12.954120565381253 ], [ 120.82, 12.960153037366025 ], [ 120.8, 12.967101354273812 ], [ 120.799551296473368, 12.967274193548388 ], [ 120.78, 12.974800774388248 ], [ 120.76, 12.983514501109315 ], [ 120.752498501050724, 12.987112903225807 ], [ 120.74, 12.99316529727934 ], [ 120.72, 13.003883692225363 ], [ 120.714718445624541, 13.006951612903226 ], [ 120.7, 13.015673329042036 ], [ 120.682872898218392, 13.026790322580645 ], [ 120.68, 13.028706707186874 ], [ 120.66, 13.043013136014888 ], [ 120.655274355633935, 13.046629032258064 ], [ 120.64, 13.058771080472168 ], [ 120.630920247326785, 13.066467741935483 ], [ 120.62, 13.076161310564455 ], [ 120.609185908205589, 13.086306451612904 ], [ 120.6, 13.09540519165629 ], [ 120.589651859892584, 13.106145161290323 ], [ 120.58, 13.116811518672028 ], [ 120.572013176309952, 13.125983870967742 ], [ 120.56, 13.140802102018629 ], [ 120.5560525209319, 13.145822580645161 ], [ 120.541588435287849, 13.16566129032258 ], [ 120.54, 13.168013779266861 ], [ 120.528421347283697, 13.1855 ], [ 120.52, 13.199526478833661 ], [ 120.516553819124496, 13.20533870967742 ], [ 120.505797102310012, 13.225177419354839 ], [ 120.5, 13.237085744773033 ], [ 120.49614834697644, 13.245016129032258 ], [ 120.48747754081262, 13.264854838709677 ], [ 120.48, 13.284359706601778 ], [ 120.479871090564544, 13.284693548387096 ], [ 120.473042342539301, 13.304532258064516 ], [ 120.467173279196643, 13.324370967741936 ], [ 120.462213416654578, 13.344209677419355 ], [ 120.46, 13.354863184194757 ], [ 120.458047758317363, 13.364048387096775 ], [ 120.454653999329309, 13.383887096774194 ], [ 120.452084233676985, 13.403725806451613 ], [ 120.450315663401753, 13.423564516129032 ], [ 120.449331740616202, 13.443403225806453 ], [ 120.449122439516685, 13.463241935483872 ], [ 120.449683992855441, 13.483080645161291 ], [ 120.451018812916004, 13.50291935483871 ], [ 120.453135473136911, 13.522758064516129 ], [ 120.45604826571369, 13.542596774193548 ], [ 120.459777045641744, 13.562435483870969 ], [ 120.46, 13.563417883198312 ], [ 120.464199550707107, 13.582274193548388 ], [ 120.46946605651047, 13.602112903225807 ], [ 120.475621588841719, 13.621951612903226 ], [ 120.48, 13.634318781698424 ], [ 120.482626879089906, 13.641790322580645 ], [ 120.490463206871453, 13.661629032258064 ], [ 120.499319589889794, 13.681467741935485 ], [ 120.5, 13.682865943207537 ], [ 120.509025184495343, 13.701306451612904 ], [ 120.519852412787941, 13.721145161290323 ], [ 120.52, 13.721397149765602 ], [ 120.531648767430042, 13.740983870967742 ], [ 120.54, 13.753824349611925 ], [ 120.544652925098916, 13.760822580645161 ], [ 120.5588934361611, 13.78066129032258 ], [ 120.56, 13.782115311134293 ], [ 120.574447000530881, 13.8005 ], [ 120.58, 13.807131387143231 ], [ 120.591503204455691, 13.82033870967742 ], [ 120.6, 13.829571759965397 ], [ 120.610228463408049, 13.840177419354839 ], [ 120.62, 13.8498463920518 ], [ 120.630855592093198, 13.860016129032259 ], [ 120.64, 13.868257359421824 ], [ 120.653702191541896, 13.879854838709678 ], [ 120.66, 13.885022986722309 ], [ 120.679194271951857, 13.899693548387097 ], [ 120.68, 13.900295170435939 ], [ 120.7, 13.914299186546444 ], [ 120.708142397312628, 13.919532258064516 ], [ 120.72, 13.927056084403844 ], [ 120.74, 13.938601317868859 ], [ 120.741450132926857, 13.939370967741937 ], [ 120.76, 13.949194125536806 ], [ 120.78, 13.958628772626735 ], [ 120.781359525991789, 13.959209677419356 ], [ 120.8, 13.96724032720145 ], [ 120.82, 13.974812285090016 ], [ 120.832791206778111, 13.979048387096775 ], [ 120.84, 13.981480716239046 ], [ 120.86, 13.987347171318277 ], [ 120.88, 13.992283934045826 ], [ 120.9, 13.996330775677045 ], [ 120.915988233131088, 13.998887096774194 ], [ 120.92, 13.999551717306591 ], [ 120.94, 14.002027840274883 ], [ 120.96, 14.003656554218566 ], [ 120.98, 14.004450781088563 ], [ 121.0, 14.004416656539743 ], [ 121.02, 14.003553548428009 ], [ 121.04, 14.001853944965603 ], [ 121.06, 13.99930344439827 ], [ 121.062453952657435, 13.998887096774194 ], [ 121.08, 13.996017652077704 ], [ 121.1, 13.991887097159243 ], [ 121.12, 13.986856130311246 ], [ 121.14, 13.980881601916897 ], [ 121.145342101506174, 13.979048387096775 ], [ 121.16, 13.974116719259534 ], [ 121.18, 13.966401371130258 ], [ 121.196411958733947, 13.959209677419356 ], [ 121.2, 13.957651988026955 ], [ 121.22, 13.948016897407149 ], [ 121.236018845974868, 13.939370967741937 ], [ 121.24, 13.937219367249511 ], [ 121.26, 13.925382315257112 ], [ 121.269014904693293, 13.919532258064516 ], [ 121.28, 13.912316161226407 ], [ 121.29757091116079, 13.899693548387097 ], [ 121.3, 13.897913738677028 ], [ 121.32, 13.882129451995191 ], [ 121.32269207559419, 13.879854838709678 ], [ 121.34, 13.864769741146096 ], [ 121.34510993702844, 13.860016129032259 ], [ 121.36, 13.845611233372772 ], [ 121.365304766674527, 13.840177419354839 ], [ 121.38, 13.824391171968653 ], [ 121.383590795169738, 13.82033870967742 ], [ 121.4, 13.800747004557744 ], [ 121.400198428574797, 13.8005 ], [ 121.415342406761681, 13.78066129032258 ], [ 121.42, 13.774106370421688 ], [ 121.42914668859116, 13.760822580645161 ], [ 121.44, 13.74370905533068 ], [ 121.441686987977448, 13.740983870967742 ], [ 121.453146457743742, 13.721145161290323 ], [ 121.46, 13.708080879198034 ], [ 121.463504551252825, 13.701306451612904 ], [ 121.472903582497977, 13.681467741935485 ], [ 121.48, 13.664698226298921 ], [ 121.481293651058522, 13.661629032258064 ], [ 121.488880207135566, 13.641790322580645 ], [ 121.495528835883249, 13.621951612903226 ], [ 121.5, 13.606623673555797 ], [ 121.501327924748267, 13.602112903225807 ], [ 121.506405128446062, 13.582274193548388 ], [ 121.510654121197035, 13.562435483870969 ], [ 121.514105008674008, 13.542596774193548 ], [ 121.516783150023869, 13.522758064516129 ], [ 121.518708646830689, 13.50291935483871 ], [ 121.519895933070288, 13.483080645161291 ], [ 121.52, 13.478579783146044 ], [ 121.520367141732308, 13.463241935483872 ], [ 121.52008682669819, 13.443403225806453 ], [ 121.52, 13.441743099042698 ], [ 121.519082168971622, 13.423564516129032 ], [ 121.517338544307705, 13.403725806451613 ], [ 121.51483558680502, 13.383887096774194 ], [ 121.511549662655895, 13.364048387096775 ], [ 121.507450822736516, 13.344209677419355 ], [ 121.502502930435369, 13.324370967741936 ], [ 121.5, 13.315770953596342 ], [ 121.496774127252039, 13.304532258064516 ], [ 121.490207493325968, 13.284693548387096 ], [ 121.482660389480671, 13.264854838709677 ], [ 121.48, 13.258589835806106 ], [ 121.47423863360406, 13.245016129032258 ], [ 121.464787580879772, 13.225177419354839 ], [ 121.46, 13.216080110497238 ], [ 121.454290539114282, 13.20533870967742 ], [ 121.44263732472605, 13.1855 ], [ 121.44, 13.181354058795764 ], [ 121.429806512477725, 13.16566129032258 ], [ 121.42, 13.151846222206965 ], [ 121.415600425144987, 13.145822580645161 ], [ 121.4, 13.126083218824029 ], [ 121.399918555929077, 13.125983870967742 ], [ 121.382617203205839, 13.106145161290323 ], [ 121.38, 13.103325355319097 ], [ 121.363423556465051, 13.086306451612904 ], [ 121.36, 13.082975390856985 ], [ 121.342042879099694, 13.066467741935483 ], [ 121.34, 13.064672772132724 ], [ 121.32, 13.048139376448843 ], [ 121.318045990437795, 13.046629032258064 ], [ 121.3, 13.033141662276705 ], [ 121.29077586282277, 13.026790322580645 ], [ 121.28, 13.019558492127491 ], [ 121.26, 13.007299558620533 ], [ 121.259386621900831, 13.006951612903226 ], [ 121.24, 12.996111568867132 ], [ 121.222006918878094, 12.987112903225807 ], [ 121.22, 12.986116651071931 ], [ 121.2, 12.977030085265158 ], [ 121.18, 12.96901294446409 ], [ 121.175141049454382, 12.967274193548388 ], [ 121.16, 12.961820313815389 ], [ 121.14, 12.95552365457883 ], [ 121.12, 12.950125810410597 ], [ 121.108248334117491, 12.947435483870969 ] ] } },
{ "type": "Feature", "properties": { "fid": 13, "ID": 12, "ELEV": 175.0 }, "geometry": { "type": "LineString", "coordinates": [ [ 121.137056420694563, 14.108 ], [ 121.137056420694563, 14.098080645161291 ], [ 121.14, 14.097112050631145 ], [ 121.16, 14.0895694519137 ], [ 121.18, 14.080911072947357 ], [ 121.185509902744414, 14.078241935483872 ], [ 121.2, 14.072185538461293 ], [ 121.22, 14.062817924481758 ], [ 121.228538430189914, 14.058403225806453 ], [ 121.24, 14.052794745549891 ], [ 121.26, 14.041999468801333 ], [ 121.265852738098573, 14.038564516129032 ], [ 121.28, 14.03046054445964 ], [ 121.298693450672786, 14.018725806451613 ], [ 121.3, 14.017913356955185 ], [ 121.32, 14.004571461764762 ], [ 121.327896846895655, 13.998887096774194 ], [ 121.34, 13.990145869715642 ], [ 121.354300013799104, 13.979048387096775 ], [ 121.36, 13.974573028351989 ], [ 121.378324983100725, 13.959209677419356 ], [ 121.38, 13.957778190494992 ], [ 121.4, 13.939651903435308 ], [ 121.400294565060634, 13.939370967741937 ], [ 121.42, 13.920028435857791 ], [ 121.420481463265503, 13.919532258064516 ], [ 121.439097667286518, 13.899693548387097 ], [ 121.44, 13.898693458002285 ], [ 121.456309820913233, 13.879854838709678 ], [ 121.46, 13.875385167041257 ], [ 121.472246806640925, 13.860016129032259 ], [ 121.48, 13.849739166774473 ], [ 121.487001995369525, 13.840177419354839 ], [ 121.5, 13.821291161618525 ], [ 121.500639792459566, 13.82033870967742 ], [ 121.513319430858473, 13.8005 ], [ 121.52, 13.789245533127295 ], [ 121.525011947473402, 13.78066129032258 ], [ 121.53580452050592, 13.760822580645161 ], [ 121.54, 13.752501276469424 ], [ 121.545756004920179, 13.740983870967742 ], [ 121.554878396114972, 13.721145161290323 ], [ 121.56, 13.708949526532933 ], [ 121.563205888714819, 13.701306451612904 ], [ 121.57082543770791, 13.681467741935485 ], [ 121.577641419641935, 13.661629032258064 ], [ 121.58, 13.653995496247092 ], [ 121.583804863918587, 13.641790322580645 ], [ 121.589293908337808, 13.621951612903226 ], [ 121.59406520551272, 13.602112903225807 ], [ 121.598144562250965, 13.582274193548388 ], [ 121.6, 13.571545783282868 ], [ 121.601609342798255, 13.562435483870969 ], [ 121.604469913001452, 13.542596774193548 ], [ 121.606676889165755, 13.522758064516129 ], [ 121.608241609140677, 13.50291935483871 ], [ 121.609171740154466, 13.483080645161291 ], [ 121.60947117914516, 13.463241935483872 ], [ 121.609140062796769, 13.443403225806453 ], [ 121.608174506747588, 13.423564516129032 ], [ 121.606566565255449, 13.403725806451613 ], [ 121.604304278504387, 13.383887096774194 ], [ 121.601371631776132, 13.364048387096775 ], [ 121.6, 13.356485956461887 ], [ 121.597826411663476, 13.344209677419355 ], [ 121.593634646753358, 13.324370967741936 ], [ 121.58871866456218, 13.304532258064516 ], [ 121.583044819193546, 13.284693548387096 ], [ 121.58, 13.275257100163472 ], [ 121.576683119386772, 13.264854838709677 ], [ 121.569595383324355, 13.245016129032258 ], [ 121.561635657421675, 13.225177419354839 ], [ 121.56, 13.221444327248573 ], [ 121.552953037345731, 13.20533870967742 ], [ 121.543342766101475, 13.1855 ], [ 121.54, 13.179136682987815 ], [ 121.532874047679201, 13.16566129032258 ], [ 121.521385553564485, 13.145822580645161 ], [ 121.52, 13.143582581035755 ], [ 121.508950080650223, 13.125983870967742 ], [ 121.5, 13.112825171232677 ], [ 121.495361512990229, 13.106145161290323 ], [ 121.480574476145208, 13.086306451612904 ], [ 121.48, 13.08557579940072 ], [ 121.464527825588064, 13.066467741935483 ], [ 121.46, 13.061199528229388 ], [ 121.447023376376308, 13.046629032258064 ], [ 121.44, 13.03914791071788 ], [ 121.427900863066697, 13.026790322580645 ], [ 121.42, 13.01908315386544 ], [ 121.406944492658027, 13.006951612903226 ], [ 121.4, 13.00074780052921 ], [ 121.383868985379635, 12.987112903225807 ], [ 121.38, 12.983948809095033 ], [ 121.36, 12.968524416444511 ], [ 121.358280266110455, 12.967274193548388 ], [ 121.34, 12.954301882343977 ], [ 121.329570160577092, 12.947435483870969 ], [ 121.32, 12.941248781083614 ], [ 121.3, 12.929282229030692 ], [ 121.296975355009479, 12.927596774193548 ], [ 121.28, 12.91822831184094 ], [ 121.26, 12.908202017299072 ], [ 121.259043754677208, 12.907758064516129 ], [ 121.24, 12.898928856406242 ], [ 121.22, 12.890588340418912 ], [ 121.212950563434461, 12.88791935483871 ], [ 121.2, 12.882984468478277 ], [ 121.18, 12.876147502166303 ], [ 121.16, 12.870115312570869 ], [ 121.152361898136206, 12.868080645161291 ], [ 121.14, 12.86473264029652 ], [ 121.12, 12.860024233405962 ], [ 121.1, 12.856029125128492 ], [ 121.08, 12.852720224843358 ], [ 121.06, 12.850074518849766 ], [ 121.041695591808406, 12.848241935483872 ], [ 121.04, 12.848066889099465 ], [ 121.02, 12.84664321663808 ], [ 121.0, 12.84586272694234 ], [ 120.98, 12.845719543772471 ], [ 120.96, 12.846211915246542 ], [ 120.94, 12.847342035127786 ], [ 120.929820752164503, 12.848241935483872 ], [ 120.92, 12.849084665055676 ], [ 120.9, 12.851426946492943 ], [ 120.88, 12.854416360818078 ], [ 120.86, 12.858071426729584 ], [ 120.84, 12.86241442956965 ], [ 120.82, 12.867470981703232 ], [ 120.81786077617663, 12.868080645161291 ], [ 120.8, 12.873107690966384 ], [ 120.78, 12.879487984717997 ], [ 120.76, 12.886668762435253 ], [ 120.756814234549523, 12.88791935483871 ], [ 120.74, 12.894504439656139 ], [ 120.72, 12.903184684980015 ], [ 120.710332038050666, 12.907758064516129 ], [ 120.7, 12.912671937062857 ], [ 120.68, 12.923025673832406 ], [ 120.671812087117459, 12.927596774193548 ], [ 120.66, 12.93427994679733 ], [ 120.64, 12.94654321578887 ], [ 120.638624485248883, 12.947435483870969 ], [ 120.62, 12.959779109504971 ], [ 120.609446576532775, 12.967274193548388 ], [ 120.6, 12.974168204045098 ], [ 120.583325942997178, 12.987112903225807 ], [ 120.58, 12.989782022048468 ], [ 120.56, 13.006725445463237 ], [ 120.559744243637226, 13.006951612903226 ], [ 120.54, 13.025148962048124 ], [ 120.538294913173829, 13.026790322580645 ], [ 120.52, 13.045258398614095 ], [ 120.518691716016605, 13.046629032258064 ], [ 120.500714605352016, 13.066467741935483 ], [ 120.5, 13.067301394486996 ], [ 120.484164673038364, 13.086306451612904 ], [ 120.48, 13.091642984964691 ], [ 120.468932884271098, 13.106145161290323 ], [ 120.46, 13.118728862148734 ], [ 120.454934894050723, 13.125983870967742 ], [ 120.442066413892078, 13.145822580645161 ], [ 120.44, 13.149246995266012 ], [ 120.430177483347293, 13.16566129032258 ], [ 120.42, 13.184336372328534 ], [ 120.419367890950127, 13.1855 ], [ 120.409363729999725, 13.20533870967742 ], [ 120.400374843700618, 13.225177419354839 ], [ 120.4, 13.226081506288844 ], [ 120.392091920771804, 13.245016129032258 ], [ 120.384709367678326, 13.264854838709677 ], [ 120.38, 13.279105964484975 ], [ 120.378126702459099, 13.284693548387096 ], [ 120.372219948538202, 13.304532258064516 ], [ 120.367110612934553, 13.324370967741936 ], [ 120.362764274083418, 13.344209677419355 ], [ 120.36, 13.359347777178826 ], [ 120.359118891959298, 13.364048387096775 ], [ 120.356101476298363, 13.383887096774194 ], [ 120.353795093315981, 13.403725806451613 ], [ 120.352183865486211, 13.423564516129032 ], [ 120.351256106692702, 13.443403225806453 ], [ 120.351004472531528, 13.463241935483872 ], [ 120.351425672616472, 13.483080645161291 ], [ 120.352520771946587, 13.50291935483871 ], [ 120.354294594450238, 13.522758064516129 ], [ 120.356755996351879, 13.542596774193548 ], [ 120.3599175334829, 13.562435483870969 ], [ 120.36, 13.562862323326762 ], [ 120.36366194471735, 13.582274193548388 ], [ 120.368118688526806, 13.602112903225807 ], [ 120.373314830151742, 13.621951612903226 ], [ 120.379277152931664, 13.641790322580645 ], [ 120.38, 13.64394968181972 ], [ 120.385845424260779, 13.661629032258064 ], [ 120.393205680346796, 13.681467741935485 ], [ 120.4, 13.697948931924685 ], [ 120.401376585656052, 13.701306451612904 ], [ 120.410227826274379, 13.721145161290323 ], [ 120.42, 13.740978038369017 ], [ 120.42000287898199, 13.740983870967742 ], [ 120.430484394932805, 13.760822580645161 ], [ 120.44, 13.777334611106635 ], [ 120.441934875364922, 13.78066129032258 ], [ 120.454232580821198, 13.8005 ], [ 120.46, 13.809199781171898 ], [ 120.467509160248269, 13.82033870967742 ], [ 120.48, 13.837694873666319 ], [ 120.481826550894453, 13.840177419354839 ], [ 120.497194059563299, 13.860016129032259 ], [ 120.5, 13.863467779913902 ], [ 120.513722589372648, 13.879854838709678 ], [ 120.52, 13.887011697946967 ], [ 120.531522646233213, 13.899693548387097 ], [ 120.54, 13.908660369110965 ], [ 120.550708586732128, 13.919532258064516 ], [ 120.56, 13.928658318428816 ], [ 120.571430061053746, 13.939370967741937 ], [ 120.58, 13.947194323372774 ], [ 120.593876462791926, 13.959209677419356 ], [ 120.6, 13.964410728424387 ], [ 120.618281183586731, 13.979048387096775 ], [ 120.62, 13.98040872470834 ], [ 120.64, 13.995370598728574 ], [ 120.64502929606256, 13.998887096774194 ], [ 120.66, 14.009346856622994 ], [ 120.67451003314406, 14.018725806451613 ], [ 120.68, 14.022312101229426 ], [ 120.7, 14.034445727846764 ], [ 120.707376127027558, 14.038564516129032 ], [ 120.72, 14.045825363495833 ], [ 120.74, 14.056288027103804 ], [ 120.744423883186357, 14.058403225806453 ], [ 120.76, 14.066351885258118 ], [ 120.78, 14.075472530403024 ], [ 120.78677615861163, 14.078241935483872 ], [ 120.8, 14.084693146385755 ], [ 120.82, 14.093226980800731 ], [ 120.833163895993181, 14.098080645161291 ], [ 120.833163895993181, 14.108 ] ] } },
{ "type": "Feature", "properties": { "fid": 14, "ID": 13, "ELEV": 150.0 }, "geometry": { "type": "LineString", "coordinates": [ [ 121.408850308130681, 14.108 ], [ 121.408850308130681, 14.098080645161291 ], [ 121.42, 14.085958638238573 ], [ 121.426729577924931, 14.078241935483872 ], [ 121.44, 14.065312642132319 ], [ 121.446745671752396, 14.058403225806453 ], [ 121.46, 14.045386013107075 ], [ 121.466631897289588, 14.038564516129032 ], [ 121.48, 14.024906120352602 ], [ 121.485798617188863, 14.018725806451613 ], [ 121.5, 14.003430855979781 ], [ 121.50406069348945, 13.998887096774194 ], [ 121.52, 13.980664505382805 ], [ 121.521366161924533, 13.979048387096775 ], [ 121.537730679179845, 13.959209677419356 ], [ 121.54, 13.956367777044132 ], [ 121.553186787038314, 13.939370967741937 ], [ 121.56, 13.930210840565719 ], [ 121.567749052819252, 13.919532258064516 ], [ 121.58, 13.901811405697662 ], [ 121.581434269834119, 13.899693548387097 ], [ 121.594347900675217, 13.879854838709678 ], [ 121.6, 13.87067353514656 ], [ 121.606463565253193, 13.860016129032259 ], [ 121.617800677180043, 13.840177419354839 ], [ 121.62, 13.83611717132918 ], [ 121.628468874227323, 13.82033870967742 ], [ 121.638371135188493, 13.8005 ], [ 121.64, 13.797036458814189 ], [ 121.647675130342222, 13.78066129032258 ], [ 121.656266582810872, 13.760822580645161 ], [ 121.66, 13.751530797790183 ], [ 121.664247548430566, 13.740983870967742 ], [ 121.671627951777523, 13.721145161290323 ], [ 121.678335911035333, 13.701306451612904 ], [ 121.68, 13.695937342172966 ], [ 121.684529490877082, 13.681467741935485 ], [ 121.690139392124564, 13.661629032258064 ], [ 121.695137758596559, 13.641790322580645 ], [ 121.699544258976417, 13.621951612903226 ], [ 121.7, 13.619620201683066 ], [ 121.703489190138896, 13.602112903225807 ], [ 121.706876915537151, 13.582274193548388 ], [ 121.70970557449013, 13.562435483870969 ], [ 121.711986147086606, 13.542596774193548 ], [ 121.713727616348592, 13.522758064516129 ], [ 121.714936543400199, 13.50291935483871 ], [ 121.715617150404185, 13.483080645161291 ], [ 121.71577115096315, 13.463241935483872 ], [ 121.715397837596953, 13.443403225806453 ], [ 121.714493776757109, 13.423564516129032 ], [ 121.713052919162735, 13.403725806451613 ], [ 121.711066574142961, 13.383887096774194 ], [ 121.708523274247014, 13.364048387096775 ], [ 121.705408995241754, 13.344209677419355 ], [ 121.701706917453436, 13.324370967741936 ], [ 121.7, 13.316454838044814 ], [ 121.697482688537562, 13.304532258064516 ], [ 121.69270144912727, 13.284693548387096 ], [ 121.687280723222159, 13.264854838709677 ], [ 121.681192266907175, 13.245016129032258 ], [ 121.68, 13.24147609540703 ], [ 121.674573082921071, 13.225177419354839 ], [ 121.667268902118323, 13.20533870967742 ], [ 121.66, 13.187414927560859 ], [ 121.659227865945155, 13.1855 ], [ 121.650605291687882, 13.16566129032258 ], [ 121.641146044462886, 13.145822580645161 ], [ 121.64, 13.143569597223763 ], [ 121.631030755444613, 13.125983870967742 ], [ 121.620012778288455, 13.106145161290323 ], [ 121.62, 13.106123376572922 ], [ 121.608271341526816, 13.086306451612904 ], [ 121.6, 13.073324693920094 ], [ 121.59557306855919, 13.066467741935483 ], [ 121.581931892113758, 13.046629032258064 ], [ 121.58, 13.043960614893797 ], [ 121.567320334212212, 13.026790322580645 ], [ 121.56, 13.017434603671404 ], [ 121.551595122262896, 13.006951612903226 ], [ 121.54, 12.993228414554931 ], [ 121.534680117277802, 12.987112903225807 ], [ 121.52, 12.971013873539942 ], [ 121.516471909347672, 12.967274193548388 ], [ 121.5, 12.950530257352616 ], [ 121.496834315638367, 12.947435483870969 ], [ 121.48, 12.931571832538006 ], [ 121.475591314913629, 12.927596774193548 ], [ 121.46, 12.91397799407809 ], [ 121.452518856876452, 12.907758064516129 ], [ 121.44, 12.897625369447585 ], [ 121.427334587810464, 12.88791935483871 ], [ 121.42, 12.882421540138031 ], [ 121.4, 12.868295613077308 ], [ 121.399679903138534, 12.868080645161291 ], [ 121.38, 12.855066269457183 ], [ 121.368931006493511, 12.848241935483872 ], [ 121.36, 12.842796011945305 ], [ 121.34, 12.831396182486571 ], [ 121.334388147393184, 12.828403225806451 ], [ 121.32, 12.820764561077457 ], [ 121.3, 12.810967058150068 ], [ 121.294728541355425, 12.808564516129032 ], [ 121.28, 12.801840524210089 ], [ 121.26, 12.793465116793897 ], [ 121.247636833589837, 12.788725806451612 ], [ 121.24, 12.785775924361015 ], [ 121.22, 12.778688534250621 ], [ 121.2, 12.772309894862692 ], [ 121.188082008389543, 12.768887096774193 ], [ 121.18, 12.766529935466457 ], [ 121.16, 12.761296230190226 ], [ 121.14, 12.756694573004456 ], [ 121.12, 12.752700807539355 ], [ 121.1, 12.749293544804933 ], [ 121.098287039321136, 12.749048387096774 ], [ 121.08, 12.746360440271818 ], [ 121.06, 12.743988916143367 ], [ 121.04, 12.742175237737243 ], [ 121.02, 12.740909480553761 ], [ 121.0, 12.740184666554063 ], [ 120.98, 12.739996239231285 ], [ 120.96, 12.740342500071419 ], [ 120.94, 12.74122435165879 ], [ 120.92, 12.74264532050945 ], [ 120.9, 12.744611545231669 ], [ 120.88, 12.747131597194727 ], [ 120.867526349599103, 12.749048387096774 ], [ 120.86, 12.750177249923087 ], [ 120.84, 12.753720011245097 ], [ 120.82, 12.757841850567909 ], [ 120.8, 12.762561736937 ], [ 120.78, 12.767900916778267 ], [ 120.776652857051246, 12.768887096774193 ], [ 120.76, 12.773731333940663 ], [ 120.74, 12.780188901756475 ], [ 120.72, 12.787332787883901 ], [ 120.716388916896889, 12.788725806451612 ], [ 120.7, 12.7950163555751 ], [ 120.68, 12.803404380575875 ], [ 120.668614199422223, 12.808564516129032 ], [ 120.66, 12.812471696764664 ], [ 120.64, 12.822220735346441 ], [ 120.628198075993581, 12.828403225806451 ], [ 120.62, 12.83272726960918 ], [ 120.6, 12.843991565129237 ], [ 120.59289119700324, 12.848241935483872 ], [ 120.58, 12.8560501867656 ], [ 120.561408269248645, 12.868080645161291 ], [ 120.56, 12.869007737516727 ], [ 120.54, 12.882813438740827 ], [ 120.532989511142077, 12.88791935483871 ], [ 120.52, 12.897604281716911 ], [ 120.507054837050049, 12.907758064516129 ], [ 120.5, 12.913448276252527 ], [ 120.483236981153397, 12.927596774193548 ], [ 120.48, 12.930419092453612 ], [ 120.461252361409677, 12.947435483870969 ], [ 120.46, 12.948615245361752 ], [ 120.440876228412691, 12.967274193548388 ], [ 120.44, 12.968165733467496 ], [ 120.421930834562374, 12.987112903225807 ], [ 120.42, 12.989234523607241 ], [ 120.404278290191414, 13.006951612903226 ], [ 120.4, 13.012028629692484 ], [ 120.387813193806807, 13.026790322580645 ], [ 120.38, 13.036805893560802 ], [ 120.372457730854563, 13.046629032258064 ], [ 120.36, 13.063886327771094 ], [ 120.358157613577276, 13.066467741935483 ], [ 120.344756399518516, 13.086306451612904 ], [ 120.34, 13.093836576466868 ], [ 120.332262648714632, 13.106145161290323 ], [ 120.320695034331422, 13.125983870967742 ], [ 120.32, 13.127253852341902 ], [ 120.30982047339009, 13.145822580645161 ], [ 120.3, 13.165390724733154 ], [ 120.299863405152621, 13.16566129032258 ], [ 120.290502149081362, 13.1855 ], [ 120.281995902215442, 13.20533870967742 ], [ 120.28, 13.210405992230379 ], [ 120.274096784928631, 13.225177419354839 ], [ 120.266914646719655, 13.245016129032258 ], [ 120.260482634340875, 13.264854838709677 ], [ 120.26, 13.26650651799994 ], [ 120.254561969642651, 13.284693548387096 ], [ 120.249329244921427, 13.304532258064516 ], [ 120.244776272244778, 13.324370967741936 ], [ 120.240879282991656, 13.344209677419355 ], [ 120.24, 13.349524542665147 ], [ 120.237515551768212, 13.364048387096775 ], [ 120.234756678278615, 13.383887096774194 ], [ 120.232625997152795, 13.403725806451613 ], [ 120.231112202534618, 13.423564516129032 ], [ 120.230207350291252, 13.443403225806453 ], [ 120.229906138696833, 13.463241935483872 ], [ 120.230206390639822, 13.483080645161291 ], [ 120.231108828445016, 13.50291935483871 ], [ 120.232617037475677, 13.522758064516129 ], [ 120.234737209500295, 13.542596774193548 ], [ 120.23747830451326, 13.562435483870969 ], [ 120.24, 13.577299850008387 ], [ 120.240816940128994, 13.582274193548388 ], [ 120.244673894786345, 13.602112903225807 ], [ 120.249169643160869, 13.621951612903226 ], [ 120.254322721961358, 13.641790322580645 ], [ 120.26, 13.661113619117163 ], [ 120.260148055090667, 13.661629032258064 ], [ 120.26644054858437, 13.681467741935485 ], [ 120.273438134715931, 13.701306451612904 ], [ 120.28, 13.718200595307319 ], [ 120.28112714374268, 13.721145161290323 ], [ 120.289334242177716, 13.740983870967742 ], [ 120.2983113869401, 13.760822580645161 ], [ 120.3, 13.764316566793907 ], [ 120.307845946996267, 13.78066129032258 ], [ 120.318145425397915, 13.8005 ], [ 120.32, 13.803873918880212 ], [ 120.32904240859979, 13.82033870967742 ], [ 120.34, 13.838932025485235 ], [ 120.340736346732172, 13.840177419354839 ], [ 120.353048485306914, 13.860016129032259 ], [ 120.36, 13.870590925036776 ], [ 120.36614550832499, 13.879854838709678 ], [ 120.38, 13.899648971305798 ], [ 120.380031619712526, 13.899693548387097 ], [ 120.394620311984738, 13.919532258064516 ], [ 120.4, 13.926541860831442 ], [ 120.410036109540769, 13.939370967741937 ], [ 120.42, 13.951647824463233 ], [ 120.42628265754611, 13.959209677419356 ], [ 120.44, 13.975228571827401 ], [ 120.44336313831441, 13.979048387096775 ], [ 120.46, 13.9975203055147 ], [ 120.461271292938804, 13.998887096774194 ], [ 120.479970315142737, 14.018725806451613 ], [ 120.48, 14.018757369675633 ], [ 120.499346955846335, 14.038564516129032 ], [ 120.5, 14.039248367930062 ], [ 120.519085355210336, 14.058403225806453 ], [ 120.52, 14.059392881413039 ], [ 120.538268373364019, 14.078241935483872 ], [ 120.54, 14.080612008017159 ], [ 120.553475382905731, 14.098080645161291 ], [ 120.553475382905731, 14.108 ] ] } },
{ "type": "Feature", "properties": { "fid": 15, "ID": 14, "ELEV": 125.0 }, "geometry": { "type": "LineString", "coordinates": [ [ 121.619338664709247, 14.108 ], [ 121.619338664709247, 14.098080645161291 ], [ 121.62, 14.09681374355284 ], [ 121.629459561341235, 14.078241935483872 ], [ 121.64, 14.061983066832568 ], [ 121.642269266093095, 14.058403225806453 ], [ 121.655668896719206, 14.038564516129032 ], [ 121.66, 14.032208225379632 ], [ 121.669012136269544, 14.018725806451613 ], [ 121.68, 14.001995257901738 ], [ 121.68200805865645, 13.998887096774194 ], [ 121.694607506439354, 13.979048387096775 ], [ 121.7, 13.970266421347901 ], [ 121.706704785081513, 13.959209677419356 ], [ 121.718250724494197, 13.939370967741937 ], [ 121.72, 13.936258860196373 ], [ 121.729322776396543, 13.919532258064516 ], [ 121.739777396552441, 13.899693548387097 ], [ 121.74, 13.899254671336678 ], [ 121.749798047881953, 13.879854838709678 ], [ 121.759190199262591, 13.860016129032259 ], [ 121.76, 13.858224132344168 ], [ 121.768154935798975, 13.840177419354839 ], [ 121.776532410645274, 13.82033870967742 ], [ 121.78, 13.811610655809327 ], [ 121.784432441489699, 13.8005 ], [ 121.791843235176216, 13.78066129032258 ], [ 121.798692677935264, 13.760822580645161 ], [ 121.8, 13.75676842568061 ], [ 121.805140026407443, 13.740983870967742 ], [ 121.811088295204897, 13.721145161290323 ], [ 121.816515981153699, 13.701306451612904 ], [ 121.82, 13.687323252870746 ], [ 121.821481437945067, 13.681467741935485 ], [ 121.826049235481094, 13.661629032258064 ], [ 121.830127228796343, 13.641790322580645 ], [ 121.833726647937397, 13.621951612903226 ], [ 121.836857711903036, 13.602112903225807 ], [ 121.839529559479601, 13.582274193548388 ], [ 121.84, 13.578095250038587 ], [ 121.841807788365387, 13.562435483870969 ], [ 121.843642953763464, 13.542596774193548 ], [ 121.845024229677009, 13.522758064516129 ], [ 121.845954859860214, 13.50291935483871 ], [ 121.846436674688078, 13.483080645161291 ], [ 121.846469819631722, 13.463241935483872 ], [ 121.846053057749884, 13.443403225806453 ], [ 121.845183403460609, 13.423564516129032 ], [ 121.843856403867505, 13.403725806451613 ], [ 121.842065790487766, 13.383887096774194 ], [ 121.84, 13.365760520530065 ], [ 121.839810134679098, 13.364048387096775 ], [ 121.837155373494397, 13.344209677419355 ], [ 121.834022711947185, 13.324370967741936 ], [ 121.830398865296999, 13.304532258064516 ], [ 121.826268806235731, 13.284693548387096 ], [ 121.821615853376187, 13.264854838709677 ], [ 121.82, 13.258626012236819 ], [ 121.816530635924948, 13.245016129032258 ], [ 121.810945658149436, 13.225177419354839 ], [ 121.804788418237607, 13.20533870967742 ], [ 121.8, 13.191201495737044 ], [ 121.798091456920289, 13.1855 ], [ 121.790922290480452, 13.16566129032258 ], [ 121.783111523122528, 13.145822580645161 ], [ 121.78, 13.138446431479414 ], [ 121.774772528685972, 13.125983870967742 ], [ 121.7658213238076, 13.106145161290323 ], [ 121.76, 13.094103791317874 ], [ 121.756234523818293, 13.086306451612904 ], [ 121.746032499194072, 13.066467741935483 ], [ 121.74, 13.055462032547501 ], [ 121.735140657979557, 13.046629032258064 ], [ 121.723547722590979, 13.026790322580645 ], [ 121.72, 13.021031675032859 ], [ 121.711251396882531, 13.006951612903226 ], [ 121.7, 12.989910053615926 ], [ 121.698131327341542, 12.987112903225807 ], [ 121.684245163484377, 12.967274193548388 ], [ 121.68, 12.961496920029397 ], [ 121.669492359311761, 12.947435483870969 ], [ 121.66, 12.935339888556619 ], [ 121.653798844996743, 12.927596774193548 ], [ 121.64, 12.911123638786584 ], [ 121.637112749956273, 12.907758064516129 ], [ 121.62, 12.888609847874141 ], [ 121.619365692883889, 12.88791935483871 ], [ 121.600473437689899, 12.868080645161291 ], [ 121.6, 12.867599636129023 ], [ 121.580315778967602, 12.848241935483872 ], [ 121.58, 12.84794075809033 ], [ 121.56, 12.829502281733806 ], [ 121.558761334132214, 12.828403225806451 ], [ 121.54, 12.812175354771295 ], [ 121.535642738766541, 12.808564516129032 ], [ 121.52, 12.795881252450595 ], [ 121.510752017942124, 12.788725806451612 ], [ 121.5, 12.780557131011511 ], [ 121.483838607485836, 12.768887096774193 ], [ 121.48, 12.766155985947888 ], [ 121.46, 12.752570867944732 ], [ 121.454538163128348, 12.749048387096774 ], [ 121.44, 12.739763697228696 ], [ 121.422408994089025, 12.729209677419355 ], [ 121.42, 12.72777381085564 ], [ 121.4, 12.716422658787916 ], [ 121.386711734426882, 12.709370967741936 ], [ 121.38, 12.705815455723696 ], [ 121.36, 12.695826900140476 ], [ 121.346471746833032, 12.689532258064515 ], [ 121.34, 12.686512115446137 ], [ 121.32, 12.677751583305724 ], [ 121.300032116143441, 12.669693548387096 ], [ 121.3, 12.669680491207565 ], [ 121.28, 12.662043157815896 ], [ 121.26, 12.655041644664212 ], [ 121.24382944957668, 12.649854838709677 ], [ 121.24, 12.648609911031901 ], [ 121.22, 12.642610540902746 ], [ 121.2, 12.637180280947705 ], [ 121.18, 12.632297377520295 ], [ 121.169586305278173, 12.630016129032258 ], [ 121.16, 12.627872228423445 ], [ 121.14, 12.623894427696023 ], [ 121.12, 12.620423478597685 ], [ 121.1, 12.617445255985091 ], [ 121.08, 12.614947457978086 ], [ 121.06, 12.612919431379206 ], [ 121.04, 12.611352508059339 ], [ 121.02, 12.610239684591065 ], [ 121.018126824091269, 12.610177419354839 ], [ 121.0, 12.60955476398386 ], [ 120.98, 12.609328833627345 ], [ 120.96, 12.609562445168795 ], [ 120.942250888508624, 12.610177419354839 ], [ 120.94, 12.610252967621248 ], [ 120.92, 12.611368761920557 ], [ 120.9, 12.612934207150504 ], [ 120.88, 12.61495454551422 ], [ 120.86, 12.61743668106112 ], [ 120.84, 12.620389083871205 ], [ 120.82, 12.623821788666353 ], [ 120.8, 12.627746262203335 ], [ 120.789688647207555, 12.630016129032258 ], [ 120.78, 12.632108334094855 ], [ 120.76, 12.636906426524009 ], [ 120.74, 12.642228477362693 ], [ 120.72, 12.648092129834801 ], [ 120.714443498376198, 12.649854838709677 ], [ 120.7, 12.654382261175337 ], [ 120.68, 12.661193100980256 ], [ 120.66, 12.668598443874551 ], [ 120.657220740703821, 12.669693548387096 ], [ 120.64, 12.676437631155142 ], [ 120.62, 12.684883742624912 ], [ 120.609677111905356, 12.689532258064515 ], [ 120.6, 12.693882356729381 ], [ 120.58, 12.703449634095595 ], [ 120.568357958681631, 12.709370967741936 ], [ 120.56, 12.713633594399031 ], [ 120.54, 12.724423949921478 ], [ 120.53158910481369, 12.729209677419355 ], [ 120.52, 12.735851925313787 ], [ 120.5, 12.747988705790821 ], [ 120.498321795569851, 12.749048387096774 ], [ 120.48, 12.760755156355392 ], [ 120.467916136708652, 12.768887096774193 ], [ 120.46, 12.774294830768849 ], [ 120.44, 12.788620878951189 ], [ 120.439858131596253, 12.788725806451612 ], [ 120.42, 12.803702949876072 ], [ 120.413810030412279, 12.808564516129032 ], [ 120.4, 12.819661059970983 ], [ 120.389510039869521, 12.828403225806451 ], [ 120.38, 12.836538572647195 ], [ 120.366756370806741, 12.848241935483872 ], [ 120.36, 12.854391264232286 ], [ 120.34538157513343, 12.868080645161291 ], [ 120.34, 12.873288831190909 ], [ 120.325247485873646, 12.88791935483871 ], [ 120.32, 12.893316110311865 ], [ 120.306240694910443, 12.907758064516129 ], [ 120.3, 12.914574395662928 ], [ 120.288269029637661, 12.927596774193548 ], [ 120.28, 12.937182130622636 ], [ 120.271259055415186, 12.947435483870969 ], [ 120.26, 12.961274936067216 ], [ 120.255154496724998, 12.967274193548388 ], [ 120.24, 12.987003576011737 ], [ 120.239916198397466, 12.987112903225807 ], [ 120.225339996648032, 13.006951612903226 ], [ 120.22, 13.014644662970875 ], [ 120.21152280422227, 13.026790322580645 ], [ 120.2, 13.044330783381536 ], [ 120.198469932119821, 13.046629032258064 ], [ 120.18592346633281, 13.066467741935483 ], [ 120.18, 13.07646107383753 ], [ 120.174008910137999, 13.086306451612904 ], [ 120.162704801275339, 13.106145161290323 ], [ 120.16, 13.111202822898555 ], [ 120.151708723543592, 13.125983870967742 ], [ 120.141400544365823, 13.145822580645161 ], [ 120.14, 13.148705956904971 ], [ 120.130940825446359, 13.16566129032258 ], [ 120.121207242515553, 13.1855 ], [ 120.12, 13.188153924596847 ], [ 120.109701157352148, 13.20533870967742 ], [ 120.1, 13.22311995884573 ], [ 120.09, 13.22311995884573 ] ] } },
{ "type": "Feature", "properties": { "fid": 16, "ID": 15, "ELEV": 100.0 }, "geometry": { "type": "LineString", "coordinates": [ [ 121.843886287002363, 14.108 ], [ 121.843886287002363, 14.098080645161291 ], [ 121.848969092431474, 14.078241935483872 ], [ 121.857307144101199, 14.058403225806453 ], [ 121.86, 14.052704375278415 ], [ 121.866646183219601, 14.038564516129032 ], [ 121.876213327991266, 14.018725806451613 ], [ 121.88, 14.010879779624391 ], [ 121.885772034003395, 13.998887096774194 ], [ 121.895137411033971, 13.979048387096775 ], [ 121.9, 13.968454640586952 ], [ 121.904243589916334, 13.959209677419356 ], [ 121.913059746291012, 13.939370967741937 ], [ 121.92, 13.923028016666532 ], [ 121.921488842283537, 13.919532258064516 ], [ 121.929643194285404, 13.899693548387097 ], [ 121.937355728067573, 13.879854838709678 ], [ 121.94, 13.872723526630113 ], [ 121.944744579587521, 13.860016129032259 ], [ 121.951756938516439, 13.840177419354839 ], [ 121.958331040977413, 13.82033870967742 ], [ 121.96, 13.815011020623693 ], [ 121.964595870224969, 13.8005 ], [ 121.97047569675874, 13.78066129032258 ], [ 121.975933384242339, 13.760822580645161 ], [ 121.98, 13.744868876021407 ], [ 121.981005212901309, 13.740983870967742 ], [ 121.98577897771473, 13.721145161290323 ], [ 121.990147209178176, 13.701306451612904 ], [ 121.994117380250415, 13.681467741935485 ], [ 121.997696642327995, 13.661629032258064 ], [ 122.0, 13.647363096655161 ], [ 122.000918973405604, 13.641790322580645 ], [ 122.003823190324042, 13.621951612903226 ], [ 122.006344971153268, 13.602112903225807 ], [ 122.008488829243205, 13.582274193548388 ], [ 122.010258652887529, 13.562435483870969 ], [ 122.011657461152339, 13.542596774193548 ], [ 122.012687563124302, 13.522758064516129 ], [ 122.013350321661861, 13.50291935483871 ], [ 122.013646249283823, 13.483080645161291 ], [ 122.013574937932077, 13.463241935483872 ], [ 122.013135009977248, 13.443403225806453 ], [ 122.012324123384573, 13.423564516129032 ], [ 122.011138850839245, 13.403725806451613 ], [ 122.009574909583293, 13.383887096774194 ], [ 122.007626884126239, 13.364048387096775 ], [ 122.005288373593643, 13.344209677419355 ], [ 122.002551899789992, 13.324370967741936 ], [ 122.0, 13.308240836354663 ], [ 121.999426832036406, 13.304532258064516 ], [ 121.995974595049901, 13.284693548387096 ], [ 121.992106568378517, 13.264854838709677 ], [ 121.987810859926284, 13.245016129032258 ], [ 121.983074542624763, 13.225177419354839 ], [ 121.98, 13.213368813119709 ], [ 121.977944639088406, 13.20533870967742 ], [ 121.97244442298873, 13.1855 ], [ 121.96646739579603, 13.16566129032258 ], [ 121.96, 13.14583459204867 ], [ 121.959996131867072, 13.145822580645161 ], [ 121.95320195167514, 13.125983870967742 ], [ 121.945882610422046, 13.106145161290323 ], [ 121.94, 13.091240303980529 ], [ 121.938068865014031, 13.086306451612904 ], [ 121.929849967590471, 13.066467741935483 ], [ 121.921044727475731, 13.046629032258064 ], [ 121.92, 13.044386387079204 ], [ 121.911832801769592, 13.026790322580645 ], [ 121.902013901218496, 13.006951612903226 ], [ 121.9, 13.003067548422978 ], [ 121.891729064282302, 12.987112903225807 ], [ 121.880804839682156, 12.967274193548388 ], [ 121.88, 12.965870353846695 ], [ 121.869395578026669, 12.947435483870969 ], [ 121.86, 12.931990981331772 ], [ 121.857311607576818, 12.927596774193548 ], [ 121.844643050552548, 12.907758064516129 ], [ 121.84, 12.900801591700638 ], [ 121.831321149966854, 12.88791935483871 ], [ 121.82, 12.871887841239788 ], [ 121.817279481561314, 12.868080645161291 ], [ 121.802541877140769, 12.848241935483872 ], [ 121.8, 12.844941184979092 ], [ 121.787064872560407, 12.828403225806451 ], [ 121.78, 12.819713989723883 ], [ 121.770769101985067, 12.808564516129032 ], [ 121.76, 12.796014963486389 ], [ 121.75361386388623, 12.788725806451612 ], [ 121.74, 12.773690302740089 ], [ 121.735547867030945, 12.768887096774193 ], [ 121.72, 12.752609968975912 ], [ 121.716507870415725, 12.749048387096774 ], [ 121.7, 12.732664414939661 ], [ 121.696417046237627, 12.729209677419355 ], [ 121.68, 12.713762155839296 ], [ 121.675182838232303, 12.709370967741936 ], [ 121.66, 12.695827519702441 ], [ 121.652694751114566, 12.689532258064515 ], [ 121.64, 12.678798311666315 ], [ 121.628821763812113, 12.669693548387096 ], [ 121.62, 12.662624588879712 ], [ 121.603409173617479, 12.649854838709677 ], [ 121.6, 12.647266681225711 ], [ 121.58, 12.63264382713108 ], [ 121.57625864358657, 12.630016129032258 ], [ 121.56, 12.61871077749481 ], [ 121.547118365254178, 12.610177419354839 ], [ 121.54, 12.605497375271737 ], [ 121.52, 12.592936377243014 ], [ 121.515677393677507, 12.59033870967742 ], [ 121.5, 12.580953919027211 ], [ 121.481507143760268, 12.5705 ], [ 121.48, 12.569649367629127 ], [ 121.46, 12.558824508085713 ], [ 121.443959874591798, 12.55066129032258 ], [ 121.44, 12.548642122471479 ], [ 121.42, 12.538922067220899 ], [ 121.402205271052068, 12.530822580645161 ], [ 121.4, 12.52981344381679 ], [ 121.38, 12.521106837089512 ], [ 121.36, 12.512990969654894 ], [ 121.354754795690454, 12.510983870967742 ], [ 121.34, 12.505281382890116 ], [ 121.32, 12.498065651567694 ], [ 121.3, 12.49137897890752 ], [ 121.299254270471337, 12.491145161290323 ], [ 121.28, 12.485020641202002 ], [ 121.26, 12.479154021869853 ], [ 121.24, 12.473768195944295 ], [ 121.230057874193989, 12.471306451612904 ], [ 121.22, 12.46876938366 ], [ 121.2, 12.464153710831354 ], [ 121.18, 12.459983599478718 ], [ 121.16, 12.456246271126938 ], [ 121.14, 12.452929921629634 ], [ 121.12997271653704, 12.451467741935485 ], [ 121.12, 12.44997706613791 ], [ 121.1, 12.44738999701266 ], [ 121.08, 12.445208074384645 ], [ 121.06, 12.443424262213043 ], [ 121.04, 12.442032810912565 ], [ 121.02, 12.441028940886699 ], [ 121.0, 12.440409095632955 ], [ 120.98, 12.44017070057718 ], [ 120.96, 12.440312340525161 ], [ 120.94, 12.440833636007959 ], [ 120.92, 12.441735251534068 ], [ 120.9, 12.443018945186179 ], [ 120.88, 12.444687446314841 ], [ 120.86, 12.44674454245877 ], [ 120.84, 12.449194862454055 ], [ 120.824022877707094, 12.451467741935485 ], [ 120.82, 12.452026334172968 ], [ 120.8, 12.455181610100942 ], [ 120.78, 12.458739235252388 ], [ 120.76, 12.462708013888218 ], [ 120.74, 12.467097346686268 ], [ 120.722510020554992, 12.471306451612904 ], [ 120.72, 12.471899735093295 ], [ 120.7, 12.477009953744115 ], [ 120.68, 12.482565499382082 ], [ 120.66, 12.488579332302562 ], [ 120.652014107123506, 12.491145161290323 ], [ 120.64, 12.4949567684163 ], [ 120.62, 12.501741343493704 ], [ 120.6, 12.509020272284371 ], [ 120.594889900460259, 12.510983870967742 ], [ 120.58, 12.51665785428524 ], [ 120.56, 12.524764598590188 ], [ 120.545902030881578, 12.530822580645161 ], [ 120.54, 12.533345591870162 ], [ 120.52, 12.54232533972908 ], [ 120.502494246942163, 12.55066129032258 ], [ 120.5, 12.551846692067532 ], [ 120.48, 12.561755078981385 ], [ 120.463298561873131, 12.5705 ], [ 120.46, 12.572229429996829 ], [ 120.44, 12.583130996277403 ], [ 120.427394460025923, 12.59033870967742 ], [ 120.42, 12.594586371933502 ], [ 120.4, 12.606552814169994 ], [ 120.394158116520913, 12.610177419354839 ], [ 120.38, 12.619031535790086 ], [ 120.363163884379489, 12.630016129032258 ], [ 120.36, 12.632101454379367 ], [ 120.34, 12.645692308984351 ], [ 120.334066566003798, 12.649854838709677 ], [ 120.32, 12.659856157843983 ], [ 120.306609595962215, 12.669693548387096 ], [ 120.3, 12.674626136212007 ], [ 120.280597695595063, 12.689532258064515 ], [ 120.28, 12.689999791474943 ], [ 120.26, 12.705936006279735 ], [ 120.255775984338484, 12.709370967741936 ], [ 120.24, 12.722472954038484 ], [ 120.232017456775807, 12.729209677419355 ], [ 120.22, 12.739590898171267 ], [ 120.209155108538496, 12.749048387096774 ], [ 120.2, 12.757239029316203 ], [ 120.186986238710688, 12.768887096774193 ], [ 120.18, 12.775316250194777 ], [ 120.165228612441609, 12.788725806451612 ], [ 120.16, 12.793616344737217 ], [ 120.143368138976157, 12.808564516129032 ], [ 120.14, 12.811689633756163 ], [ 120.120004216932699, 12.828403225806451 ], [ 120.12, 12.828406870509491 ], [ 120.1, 12.839915943923053 ], [ 120.09, 12.839915943923053 ] ] } },
{ "type": "Feature", "properties": { "fid": 17, "ID": 16, "ELEV": 75.0 }, "geometry": { "type": "LineString", "coordinates": [ [ 122.118769810166512, 14.108 ], [ 122.118769810166512, 14.098080645161291 ], [ 122.119263112837899, 14.078241935483872 ], [ 122.12, 14.075131452629867 ], [ 122.123982717543399, 14.058403225806453 ], [ 122.130078604000389, 14.038564516129032 ], [ 122.136672989984774, 14.018725806451613 ], [ 122.14, 14.008999811616832 ], [ 122.14348258660678, 13.998887096774194 ], [ 122.150325546427055, 13.979048387096775 ], [ 122.157020407617296, 13.959209677419356 ], [ 122.16, 13.950169626053516 ], [ 122.163592302915205, 13.939370967741937 ], [ 122.169987803093136, 13.919532258064516 ], [ 122.176109274419247, 13.899693548387097 ], [ 122.18, 13.886519763848876 ], [ 122.181992095701318, 13.879854838709678 ], [ 122.187672666899687, 13.860016129032259 ], [ 122.193045816053953, 13.840177419354839 ], [ 122.198109168443494, 13.82033870967742 ], [ 122.2, 13.812500662246325 ], [ 122.202940274589636, 13.8005 ], [ 122.207507414328077, 13.78066129032258 ], [ 122.211761241402129, 13.760822580645161 ], [ 122.215704137136711, 13.740983870967742 ], [ 122.219338913912139, 13.721145161290323 ], [ 122.22, 13.717231976053093 ], [ 122.222744343006752, 13.701306451612904 ], [ 122.225859139004669, 13.681467741935485 ], [ 122.228667390220295, 13.661629032258064 ], [ 122.231171852549068, 13.641790322580645 ], [ 122.233374946154612, 13.621951612903226 ], [ 122.235278866644407, 13.602112903225807 ], [ 122.236885636180048, 13.582274193548388 ], [ 122.238196788364164, 13.562435483870969 ], [ 122.239213485437404, 13.542596774193548 ], [ 122.239936349022244, 13.522758064516129 ], [ 122.24, 13.519820943923978 ], [ 122.240376595824813, 13.50291935483871 ], [ 122.240516386382453, 13.483080645161291 ], [ 122.24035287673982, 13.463241935483872 ], [ 122.24, 13.448284037531627 ], [ 122.239888111547174, 13.443403225806453 ], [ 122.239136087741855, 13.423564516129032 ], [ 122.238084169676412, 13.403725806451613 ], [ 122.236729370023383, 13.383887096774194 ], [ 122.235068189741796, 13.364048387096775 ], [ 122.233096591377119, 13.344209677419355 ], [ 122.230809808587679, 13.324370967741936 ], [ 122.228202637635192, 13.304532258064516 ], [ 122.225269117542368, 13.284693548387096 ], [ 122.222002757713369, 13.264854838709677 ], [ 122.22, 13.253800127615319 ], [ 122.218441487648349, 13.245016129032258 ], [ 122.214597460362413, 13.225177419354839 ], [ 122.210405712676575, 13.20533870967742 ], [ 122.20585705614954, 13.1855 ], [ 122.200941886947831, 13.16566129032258 ], [ 122.2, 13.162097916655673 ], [ 122.195767432439268, 13.145822580645161 ], [ 122.190238366754215, 13.125983870967742 ], [ 122.184317253789189, 13.106145161290323 ], [ 122.18, 13.0925478893432 ], [ 122.178044318089647, 13.086306451612904 ], [ 122.17147511312217, 13.066467741935483 ], [ 122.164481429557128, 13.046629032258064 ], [ 122.16, 13.034594091299017 ], [ 122.157123128532447, 13.026790322580645 ], [ 122.149430939617503, 13.006951612903226 ], [ 122.141274754145556, 12.987112903225807 ], [ 122.14, 12.98414079931753 ], [ 122.132814295800443, 12.967274193548388 ], [ 122.123891791995916, 12.947435483870969 ], [ 122.12, 12.939159626849392 ], [ 122.114585858219613, 12.927596774193548 ], [ 122.104845245471111, 12.907758064516129 ], [ 122.1, 12.898312038578467 ], [ 122.094678894001561, 12.88791935483871 ], [ 122.084058504017193, 12.868080645161291 ], [ 122.08, 12.860794261929538 ], [ 122.073003425530104, 12.848241935483872 ], [ 122.061431012511576, 12.828403225806451 ], [ 122.06, 12.826028022317594 ], [ 122.049444143114499, 12.808564516129032 ], [ 122.04, 12.793614379995018 ], [ 122.036896511446812, 12.788725806451612 ], [ 122.023858425273076, 12.768887096774193 ], [ 122.02, 12.763213023569815 ], [ 122.010294732819816, 12.749048387096774 ], [ 122.0, 12.734583614992928 ], [ 121.996139460529321, 12.729209677419355 ], [ 121.981404996167626, 12.709370967741936 ], [ 121.98, 12.707529768213908 ], [ 121.966101020548166, 12.689532258064515 ], [ 121.96, 12.681882471726857 ], [ 121.950143970724341, 12.669693548387096 ], [ 121.94, 12.657520649771286 ], [ 121.93351132510216, 12.649854838709677 ], [ 121.92, 12.634334173682092 ], [ 121.916174622837673, 12.630016129032258 ], [ 121.9, 12.612227342314455 ], [ 121.898099598538494, 12.610177419354839 ], [ 121.88, 12.591116695963624 ], [ 121.879245328663913, 12.59033870967742 ], [ 121.86, 12.570930427716025 ], [ 121.85956314371451, 12.5705 ], [ 121.84, 12.551606663175798 ], [ 121.838996118453665, 12.55066129032258 ], [ 121.82, 12.533092392427051 ], [ 121.817478162547687, 12.530822580645161 ], [ 121.8, 12.515342719680058 ], [ 121.794932772141692, 12.510983870967742 ], [ 121.78, 12.498320091493522 ], [ 121.771271529821689, 12.491145161290323 ], [ 121.76, 12.481993557047049 ], [ 121.746393156329304, 12.471306451612904 ], [ 121.74, 12.466337681358828 ], [ 121.72018160490687, 12.451467741935485 ], [ 121.72, 12.451332666022743 ], [ 121.7, 12.436860753662012 ], [ 121.692485, 12.431629032258064 ], [ 121.68, 12.422989950327025 ], [ 121.663137711523575, 12.411790322580645 ], [ 121.66, 12.40971534722625 ], [ 121.64, 12.396925160122898 ], [ 121.631897273957591, 12.391951612903226 ], [ 121.62, 12.384661610726534 ], [ 121.6, 12.372950640772897 ], [ 121.598518303609524, 12.372112903225807 ], [ 121.58, 12.361634057932896 ], [ 121.562589302555352, 12.352274193548388 ], [ 121.56, 12.350878834278332 ], [ 121.54, 12.340496103722259 ], [ 121.523628255509323, 12.332435483870967 ], [ 121.52, 12.330640334691889 ], [ 121.5, 12.321139703292953 ], [ 121.480962949070602, 12.312596774193548 ], [ 121.48, 12.312161471831633 ], [ 121.46, 12.303483147383968 ], [ 121.44, 12.295305294846061 ], [ 121.433452406016798, 12.292758064516129 ], [ 121.42, 12.287468802761827 ], [ 121.4, 12.280035383226053 ], [ 121.38, 12.273057141008087 ], [ 121.379584370835971, 12.272919354838709 ], [ 121.36, 12.266336641871632 ], [ 121.34, 12.260044721031463 ], [ 121.32, 12.254171196692333 ], [ 121.316049631120052, 12.25308064516129 ], [ 121.3, 12.248574553853789 ], [ 121.28, 12.243347432309514 ], [ 121.26, 12.238509749713449 ], [ 121.24, 12.23405056838585 ], [ 121.236075337987472, 12.233241935483871 ], [ 121.22, 12.229860718357166 ], [ 121.2, 12.22601464318579 ], [ 121.18, 12.22252790205628 ], [ 121.16, 12.2193925648488 ], [ 121.14, 12.216601318402327 ], [ 121.12, 12.214147599725719 ], [ 121.113005961972291, 12.213403225806452 ], [ 121.1, 12.211982926051157 ], [ 121.08, 12.210131550658195 ], [ 121.06, 12.208611957299821 ], [ 121.04, 12.207420291605366 ], [ 121.02, 12.206553499400606 ], [ 121.0, 12.206009092971085 ], [ 120.98, 12.205785240465282 ], [ 120.96, 12.205880698164185 ], [ 120.94, 12.206295028383195 ], [ 120.92, 12.207028101819716 ], [ 120.9, 12.20808075155426 ], [ 120.88, 12.209454173467925 ], [ 120.86, 12.211150198065564 ], [ 120.84, 12.213171201850152 ], [ 120.838015687457585, 12.213403225806452 ], [ 120.82, 12.215457567211992 ], [ 120.8, 12.218059429560604 ], [ 120.78, 12.220987897917876 ], [ 120.76, 12.224247475395394 ], [ 120.74, 12.227843335855114 ], [ 120.72, 12.231781087473188 ], [ 120.713142534598816, 12.233241935483871 ], [ 120.7, 12.235986296434159 ], [ 120.68, 12.240495837021692 ], [ 120.66, 12.245358643386702 ], [ 120.64, 12.250581928973657 ], [ 120.631005543129433, 12.25308064516129 ], [ 120.62, 12.256088652736677 ], [ 120.6, 12.26189518841853 ], [ 120.58, 12.268078998610514 ], [ 120.565212213740466, 12.272919354838709 ], [ 120.56, 12.274602824585148 ], [ 120.54, 12.281385619502004 ], [ 120.52, 12.28856528900554 ], [ 120.508869505561819, 12.292758064516129 ], [ 120.5, 12.296064866296808 ], [ 120.48, 12.303866427468147 ], [ 120.46, 12.312085439513769 ], [ 120.458797923322692, 12.312596774193548 ], [ 120.44, 12.320535143858553 ], [ 120.42, 12.32940154034689 ], [ 120.413396441842607, 12.332435483870967 ], [ 120.4, 12.338559499603507 ], [ 120.38, 12.348084927511433 ], [ 120.371499475021835, 12.352274193548388 ], [ 120.36, 12.357925710377508 ], [ 120.34, 12.368115027637677 ], [ 120.332381523920262, 12.372112903225807 ], [ 120.32, 12.378606855898283 ], [ 120.3, 12.38944807654766 ], [ 120.295479669487449, 12.391951612903226 ], [ 120.28, 12.400539517470882 ], [ 120.260329386096103, 12.411790322580645 ], [ 120.26, 12.411979322288104 ], [ 120.24, 12.423573003899991 ], [ 120.226369379997379, 12.431629032258064 ], [ 120.22, 12.435413768429072 ], [ 120.2, 12.44733967065379 ], [ 120.193014296382273, 12.451467741935485 ], [ 120.18, 12.459215689585827 ], [ 120.16, 12.470841089136652 ], [ 120.159126700513895, 12.471306451612904 ], [ 120.14, 12.48159376027299 ], [ 120.12, 12.490390172939822 ], [ 120.114222917209631, 12.491145161290323 ], [ 120.1, 12.493023776126311 ], [ 120.09, 12.493023776126311 ] ] } },
{ "type": "Feature", "properties": { "fid": 18, "ID": 17, "ELEV": 50.0 }, "geometry": { "type": "LineString", "coordinates": [ [ 122.506412001604971, 14.108 ], [ 122.506412001604971, 14.098080645161291 ], [ 122.50134575844001, 14.078241935483872 ], [ 122.502161379395872, 14.058403225806453 ], [ 122.505044803805163, 14.038564516129032 ], [ 122.508850801629322, 14.018725806451613 ], [ 122.513093866653477, 13.998887096774194 ], [ 122.517526739322619, 13.979048387096775 ], [ 122.52, 13.968152628717633 ], [ 122.522058411902051, 13.959209677419356 ], [ 122.526614655502044, 13.939370967741937 ], [ 122.531078014480059, 13.919532258064516 ], [ 122.535410311123343, 13.899693548387097 ], [ 122.539585273102432, 13.879854838709678 ], [ 122.54, 13.877813625773262 ], [ 122.543676384920516, 13.860016129032259 ], [ 122.547586247218518, 13.840177419354839 ], [ 122.551294745534832, 13.82033870967742 ], [ 122.554795247159873, 13.8005 ], [ 122.55808309481607, 13.78066129032258 ], [ 122.56, 13.768313227469239 ], [ 122.561185535195037, 13.760822580645161 ], [ 122.564115207263328, 13.740983870967742 ], [ 122.566820536975982, 13.721145161290323 ], [ 122.569300478662441, 13.701306451612904 ], [ 122.571554547711216, 13.681467741935485 ], [ 122.573582585521109, 13.661629032258064 ], [ 122.575384461859841, 13.641790322580645 ], [ 122.57696020523835, 13.621951612903226 ], [ 122.578309911279263, 13.602112903225807 ], [ 122.579433625868788, 13.582274193548388 ], [ 122.58, 13.569766927792109 ], [ 122.580340271163081, 13.562435483870969 ], [ 122.58103007823037, 13.542596774193548 ], [ 122.581487239244794, 13.522758064516129 ], [ 122.581711278175248, 13.50291935483871 ], [ 122.581701519249663, 13.483080645161291 ], [ 122.581457084216538, 13.463241935483872 ], [ 122.580976871023125, 13.443403225806453 ], [ 122.580259510906203, 13.423564516129032 ], [ 122.58, 13.418173562412342 ], [ 122.579321938108279, 13.403725806451613 ], [ 122.578157118398522, 13.383887096774194 ], [ 122.576755985978252, 13.364048387096775 ], [ 122.57511615357366, 13.344209677419355 ], [ 122.573235065478684, 13.324370967741936 ], [ 122.571109754796012, 13.304532258064516 ], [ 122.568736981391211, 13.284693548387096 ], [ 122.566113274872507, 13.264854838709677 ], [ 122.563234760596174, 13.245016129032258 ], [ 122.560097353416722, 13.225177419354839 ], [ 122.56, 13.224606021041907 ], [ 122.556782353961751, 13.20533870967742 ], [ 122.553208004810671, 13.1855 ], [ 122.549366609702034, 13.16566129032258 ], [ 122.545252829776857, 13.145822580645161 ], [ 122.540860936033255, 13.125983870967742 ], [ 122.54, 13.122305378048157 ], [ 122.536281444069189, 13.106145161290323 ], [ 122.531439236774574, 13.086306451612904 ], [ 122.526305609151052, 13.066467741935483 ], [ 122.520873484645449, 13.046629032258064 ], [ 122.52, 13.04358178002979 ], [ 122.515255465437022, 13.026790322580645 ], [ 122.509351051280277, 13.006951612903226 ], [ 122.503130352980818, 12.987112903225807 ], [ 122.5, 12.97756505579444 ], [ 122.496667256103265, 12.967274193548388 ], [ 122.489951751890942, 12.947435483870969 ], [ 122.482898839468049, 12.927596774193548 ], [ 122.48, 12.919761225305454 ], [ 122.475604102246237, 12.907758064516129 ], [ 122.468025660625372, 12.88791935483871 ], [ 122.460085020022831, 12.868080645161291 ], [ 122.46, 12.867874750728728 ], [ 122.451957085279346, 12.848241935483872 ], [ 122.443451607602555, 12.828403225806451 ], [ 122.44, 12.820631200800035 ], [ 122.434674978319791, 12.808564516129032 ], [ 122.425576471195811, 12.788725806451612 ], [ 122.42, 12.777010829930513 ], [ 122.416151149001166, 12.768887096774193 ], [ 122.406426628607292, 12.749048387096774 ], [ 122.4, 12.736413871003572 ], [ 122.396346691796822, 12.729209677419355 ], [ 122.385958425180121, 12.709370967741936 ], [ 122.38, 12.698378765944661 ], [ 122.375211208905284, 12.689532258064515 ], [ 122.364116515505017, 12.669693548387096 ], [ 122.36, 12.662549735951474 ], [ 122.352682380216379, 12.649854838709677 ], [ 122.340833431903661, 12.630016129032258 ], [ 122.34, 12.628652520131789 ], [ 122.328685211743363, 12.610177419354839 ], [ 122.32, 12.596473999792012 ], [ 122.316099208142106, 12.59033870967742 ], [ 122.303131353220849, 12.5705 ], [ 122.3, 12.565828542790403 ], [ 122.28978357832365, 12.55066129032258 ], [ 122.28, 12.536570812779713 ], [ 122.275984687819857, 12.530822580645161 ], [ 122.261759723176425, 12.510983870967742 ], [ 122.26, 12.508581511579616 ], [ 122.247128750490774, 12.491145161290323 ], [ 122.24, 12.481740913173432 ], [ 122.232019491666208, 12.471306451612904 ], [ 122.22, 12.455981595280559 ], [ 122.216423773810604, 12.451467741935485 ], [ 122.200335719357668, 12.431629032258064 ], [ 122.2, 12.431222138095674 ], [ 122.183776698769151, 12.411790322580645 ], [ 122.18, 12.407362991142953 ], [ 122.166681255284232, 12.391951612903226 ], [ 122.16, 12.38437504860352 ], [ 122.149031832002606, 12.372112903225807 ], [ 122.14, 12.362204013752235 ], [ 122.130808038937147, 12.352274193548388 ], [ 122.12, 12.340801260812459 ], [ 122.111986398359463, 12.332435483870967 ], [ 122.1, 12.320123355334191 ], [ 122.092539875407425, 12.312596774193548 ], [ 122.08, 12.300132063173212 ], [ 122.072437836376594, 12.292758064516129 ], [ 122.06, 12.280793259115782 ], [ 122.051645705513778, 12.272919354838709 ], [ 122.04, 12.262077257369643 ], [ 122.030124578330543, 12.25308064516129 ], [ 122.02, 12.243957861652603 ], [ 122.00783095872589, 12.233241935483871 ], [ 122.0, 12.226412674738745 ], [ 121.984716359512632, 12.213403225806452 ], [ 121.98, 12.209422382844833 ], [ 121.96072677351593, 12.193564516129031 ], [ 121.96, 12.192970806010006 ], [ 121.94, 12.176984787499705 ], [ 121.935811511815828, 12.173725806451612 ], [ 121.92, 12.161488592747606 ], [ 121.909888360782574, 12.153887096774193 ], [ 121.9, 12.146483612815404 ], [ 121.882878595245515, 12.134048387096774 ], [ 121.88, 12.13196355829427 ], [ 121.86, 12.117849252580632 ], [ 121.854687866254082, 12.114209677419355 ], [ 121.84, 12.10415606673711 ], [ 121.825207989784985, 12.094370967741934 ], [ 121.82, 12.090924800128576 ], [ 121.8, 12.078078212374383 ], [ 121.794304402145954, 12.074532258064515 ], [ 121.78, 12.06560733980772 ], [ 121.761829815880247, 12.054693548387096 ], [ 121.76, 12.053590710010411 ], [ 121.74, 12.041868029797332 ], [ 121.727559732677165, 12.034854838709677 ], [ 121.72, 12.030570283451091 ], [ 121.7, 12.019618980695608 ], [ 121.691281059297637, 12.015016129032258 ], [ 121.68, 12.009017371488419 ], [ 121.66, 11.998787864680423 ], [ 121.652678075893334, 11.995177419354839 ], [ 121.64, 11.988868040638339 ], [ 121.62, 11.979316733834516 ], [ 121.611338048336009, 11.97533870967742 ], [ 121.6, 11.970073036062614 ], [ 121.58, 11.961162032230822 ], [ 121.566719186501288, 11.9555 ], [ 121.56, 11.952597150983546 ], [ 121.54, 11.944293732530177 ], [ 121.52, 11.936397837139424 ], [ 121.518059427581662, 11.93566129032258 ], [ 121.5, 11.928696102222737 ], [ 121.48, 11.921363987165115 ], [ 121.464098525053799, 11.915822580645161 ], [ 121.46, 11.914367944023891 ], [ 121.44, 11.907579056664339 ], [ 121.42, 11.901157092524208 ], [ 121.402968416175455, 11.895983870967742 ], [ 121.4, 11.89506278972997 ], [ 121.38, 11.889157403425406 ], [ 121.36, 11.883599301441555 ], [ 121.34, 11.878379601820075 ], [ 121.330904123434564, 11.876145161290323 ], [ 121.32, 11.873398111229182 ], [ 121.3, 11.868671885591322 ], [ 121.28, 11.864270270567982 ], [ 121.26, 11.860186226076873 ], [ 121.24, 11.856413099717042 ], [ 121.239388748727478, 11.856306451612902 ], [ 121.22, 11.852820538402584 ], [ 121.2, 11.849533618559022 ], [ 121.18, 11.846550998089729 ], [ 121.16, 11.843867801056122 ], [ 121.14, 11.841479554244176 ], [ 121.12, 11.839382205969367 ], [ 121.1, 11.837572228166632 ], [ 121.085533921508983, 11.836467741935483 ], [ 121.08, 11.83602957249281 ], [ 121.06, 11.834735239258817 ], [ 121.04, 11.833731125572196 ], [ 121.02, 11.833015316875032 ], [ 121.0, 11.832586177229283 ], [ 120.98, 11.832442564666055 ], [ 120.96, 11.832583809700612 ], [ 120.94, 11.833009496020271 ], [ 120.92, 11.833719664469392 ], [ 120.9, 11.834714732514076 ], [ 120.88, 11.835995439386966 ], [ 120.873963963963959, 11.836467741935483 ], [ 120.86, 11.837520660223422 ], [ 120.84, 11.839304862354707 ], [ 120.82, 11.841367966445489 ], [ 120.8, 11.843712164205865 ], [ 120.78, 11.846339697173086 ], [ 120.76, 11.849253324316315 ], [ 120.74, 11.852455818990446 ], [ 120.72, 11.855950316982391 ], [ 120.718110518437314, 11.856306451612902 ], [ 120.7, 11.859617438648481 ], [ 120.68, 11.863560447760252 ], [ 120.66, 11.867795687493807 ], [ 120.64, 11.872326744668005 ], [ 120.62416534803674, 11.876145161290323 ], [ 120.62, 11.877123336280095 ], [ 120.6, 11.882085528354976 ], [ 120.58, 11.887345177881958 ], [ 120.56, 11.892905588692493 ], [ 120.54945574935401, 11.895983870967742 ], [ 120.54, 11.898681860526915 ], [ 120.52, 11.904658973746649 ], [ 120.5, 11.910936561219772 ], [ 120.485108546467913, 11.915822580645161 ], [ 120.48, 11.917465405425645 ], [ 120.46, 11.92414306071238 ], [ 120.44, 11.931115960437257 ], [ 120.427436167098548, 11.93566129032258 ], [ 120.42, 11.938304986875654 ], [ 120.4, 11.945648743025263 ], [ 120.38, 11.953271242850308 ], [ 120.374302350222507, 11.9555 ], [ 120.36, 11.961011781079703 ], [ 120.34, 11.968946766969413 ], [ 120.324313827833521, 11.97533870967742 ], [ 120.32, 11.977073893058773 ], [ 120.3, 11.985249198344288 ], [ 120.28, 11.993606121838164 ], [ 120.276258275625906, 11.995177419354839 ], [ 120.26, 12.001933249576201 ], [ 120.24, 12.010298389052661 ], [ 120.228627625334667, 12.015016129032258 ], [ 120.22, 12.018564280866851 ], [ 120.2, 12.026572341637731 ], [ 120.18, 12.034207713217778 ], [ 120.178089744984945, 12.034854838709677 ], [ 120.16, 12.040944041114585 ], [ 120.14, 12.046163446539127 ], [ 120.12, 12.048077536290988 ], [ 120.1, 12.04057720008684 ], [ 120.09, 12.04057720008684 ] ] } },
{ "type": "Feature", "properties": { "fid": 19, "ID": 18, "ELEV": 25.0 }, "geometry": { "type": "LineString", "coordinates": [ [ 123.208921713803178, 14.108 ], [ 123.208921713803178, 14.098080645161291 ], [ 123.2, 14.086846401011101 ], [ 123.193316495898358, 14.078241935483872 ], [ 123.187834803145847, 14.058403225806453 ], [ 123.186032023681378, 14.038564516129032 ], [ 123.186030652457191, 14.018725806451613 ], [ 123.187032170154112, 13.998887096774194 ], [ 123.188628003785027, 13.979048387096775 ], [ 123.190583164221636, 13.959209677419356 ], [ 123.192751280767297, 13.939370967741937 ], [ 123.195035845246622, 13.919532258064516 ], [ 123.19737019868559, 13.899693548387097 ], [ 123.199706858553938, 13.879854838709678 ], [ 123.2, 13.877341419443685 ], [ 123.202058767831119, 13.860016129032259 ], [ 123.204358030248812, 13.840177419354839 ], [ 123.206577377645814, 13.82033870967742 ], [ 123.20870100386513, 13.8005 ], [ 123.210716585263867, 13.78066129032258 ], [ 123.212614364975664, 13.760822580645161 ], [ 123.214386514529863, 13.740983870967742 ], [ 123.216026805535691, 13.721145161290323 ], [ 123.217529996173099, 13.701306451612904 ], [ 123.218892065440286, 13.681467741935485 ], [ 123.22, 13.66341769841852 ], [ 123.220112191559238, 13.661629032258064 ], [ 123.221208335400263, 13.641790322580645 ], [ 123.222150970130485, 13.621951612903226 ], [ 123.222938145310025, 13.602112903225807 ], [ 123.223568097227499, 13.582274193548388 ], [ 123.224039214496003, 13.562435483870969 ], [ 123.224350150122817, 13.542596774193548 ], [ 123.224499738559118, 13.522758064516129 ], [ 123.224486777858161, 13.50291935483871 ], [ 123.22431030433431, 13.483080645161291 ], [ 123.223969353420827, 13.463241935483872 ], [ 123.223462904760638, 13.443403225806453 ], [ 123.222789972339314, 13.423564516129032 ], [ 123.221949677889867, 13.403725806451613 ], [ 123.220941020745059, 13.383887096774194 ], [ 123.22, 13.368035095048874 ], [ 123.219768613727723, 13.364048387096775 ], [ 123.218452366758072, 13.344209677419355 ], [ 123.216968565389806, 13.324370967741936 ], [ 123.215316058607286, 13.304532258064516 ], [ 123.213493643041872, 13.284693548387096 ], [ 123.211500011295257, 13.264854838709677 ], [ 123.209333761450551, 13.245016129032258 ], [ 123.206993399877931, 13.225177419354839 ], [ 123.204477324534864, 13.20533870967742 ], [ 123.201783901932004, 13.1855 ], [ 123.2, 13.173159555994928 ], [ 123.198936965972109, 13.16566129032258 ], [ 123.195955073102212, 13.145822580645161 ], [ 123.192794036402162, 13.125983870967742 ], [ 123.189451785918067, 13.106145161290323 ], [ 123.185926019422666, 13.086306451612904 ], [ 123.182214408543402, 13.066467741935483 ], [ 123.18, 13.055173549408023 ], [ 123.178353641247426, 13.046629032258064 ], [ 123.174357189057559, 13.026790322580645 ], [ 123.17017085865956, 13.006951612903226 ], [ 123.165791769347351, 12.987112903225807 ], [ 123.161216921146774, 12.967274193548388 ], [ 123.16, 12.962188968030137 ], [ 123.156524146581162, 12.947435483870969 ], [ 123.151660654827964, 12.927596774193548 ], [ 123.146595214047082, 12.907758064516129 ], [ 123.141324214863729, 12.88791935483871 ], [ 123.14, 12.883094679285001 ], [ 123.135936895359833, 12.868080645161291 ], [ 123.130369718104063, 12.848241935483872 ], [ 123.124589023052451, 12.828403225806451 ], [ 123.12, 12.813192583989085 ], [ 123.118621664001481, 12.808564516129032 ], [ 123.112537290035348, 12.788725806451612 ], [ 123.106229927368432, 12.768887096774193 ], [ 123.1, 12.749965403272721 ], [ 123.099701594132029, 12.749048387096774 ], [ 123.093079824159133, 12.729209677419355 ], [ 123.086224271654558, 12.709370967741936 ], [ 123.08, 12.691942137758561 ], [ 123.079148359035187, 12.689532258064515 ], [ 123.071964616350542, 12.669693548387096 ], [ 123.064534969801656, 12.649854838709677 ], [ 123.06, 12.638085657103916 ], [ 123.056919241513924, 12.630016129032258 ], [ 123.049144479827987, 12.610177419354839 ], [ 123.041110390143729, 12.59033870967742 ], [ 123.04, 12.587655614447085 ], [ 123.032956811172625, 12.5705 ], [ 123.024557942995784, 12.55066129032258 ], [ 123.02, 12.540170846729023 ], [ 123.015967057280989, 12.530822580645161 ], [ 123.00719044949652, 12.510983870967742 ], [ 123.0, 12.495194964254898 ], [ 122.998167044268087, 12.491145161290323 ], [ 122.988998418290919, 12.471306451612904 ], [ 122.98, 12.45242629742334 ], [ 122.979545545362214, 12.451467741935485 ], [ 122.969969427741361, 12.431629032258064 ], [ 122.960090146058889, 12.411790322580645 ], [ 122.96, 12.411612225361884 ], [ 122.95008833469889, 12.391951612903226 ], [ 122.94, 12.372540045405461 ], [ 122.939778769153563, 12.372112903225807 ], [ 122.929337444614305, 12.352274193548388 ], [ 122.92, 12.335031989912936 ], [ 122.918597367910905, 12.332435483870967 ], [ 122.907696798617039, 12.312596774193548 ], [ 122.9, 12.298938225965568 ], [ 122.89652283343456, 12.292758064516129 ], [ 122.88514476050895, 12.272919354838709 ], [ 122.88, 12.264133012101091 ], [ 122.873532583850761, 12.25308064516129 ], [ 122.861658761569942, 12.233241935483871 ], [ 122.86, 12.230511637465707 ], [ 122.849603210429379, 12.213403225806452 ], [ 122.84, 12.197964183732736 ], [ 122.837260972105497, 12.193564516129031 ], [ 122.824712058732942, 12.173725806451612 ], [ 122.82, 12.16640780484679 ], [ 122.811923514430845, 12.153887096774193 ], [ 122.8, 12.135780789736842 ], [ 122.798856425336652, 12.134048387096774 ], [ 122.785599857115329, 12.114209677419355 ], [ 122.78, 12.105973481348594 ], [ 122.772085390524424, 12.094370967741934 ], [ 122.76, 12.076968128604735 ], [ 122.758301804616636, 12.074532258064515 ], [ 122.744315883388396, 12.054693548387096 ], [ 122.74, 12.048654260123934 ], [ 122.730091485279004, 12.034854838709677 ], [ 122.72, 12.021005434446462 ], [ 122.715612370169723, 12.015016129032258 ], [ 122.700899801390264, 11.995177419354839 ], [ 122.7, 11.993971932734352 ], [ 122.686005595523582, 11.97533870967742 ], [ 122.68, 11.967427497527476 ], [ 122.670884106010234, 11.9555 ], [ 122.66, 11.94138655378055 ], [ 122.655552200085125, 11.93566129032258 ], [ 122.640031209147793, 11.915822580645161 ], [ 122.64, 11.915782661596598 ], [ 122.624395712008663, 11.895983870967742 ], [ 122.62, 11.89041936288012 ], [ 122.608626684529909, 11.876145161290323 ], [ 122.6, 11.865307197322657 ], [ 122.592770007316844, 11.856306451612902 ], [ 122.58, 11.840325899148317 ], [ 122.576887168698235, 11.836467741935483 ], [ 122.561073156348627, 11.816629032258064 ], [ 122.56, 11.815252075822308 ], [ 122.545466428405973, 11.796790322580645 ], [ 122.54, 11.789634646674244 ], [ 122.53021020251218, 11.776951612903225 ], [ 122.52, 11.763071516101439 ], [ 122.515570211256104, 11.757112903225806 ], [ 122.501989704861202, 11.737274193548387 ], [ 122.5, 11.733887049120018 ], [ 122.490239373109063, 11.717435483870968 ], [ 122.481741702809728, 11.697596774193547 ], [ 122.48, 11.678103659059712 ], [ 122.479968917572251, 11.677758064516128 ], [ 122.48, 11.67771979376595 ], [ 122.496308403063097, 11.657919354838709 ], [ 122.496308403063097, 11.648 ] ] } }
]
}
