{"type":"FeatureCollection","features":[{"type":"Feature","properties":{"fault_name":"Lobo Fault System","segment_name":"Jaybanga Segment","fault_class":"Potentially Active Fault","trace_type":"Approximate","symbology":"Dashed - black","mechanism":"Strike-Slip"},"geometry":{"type":"LineString","coordinates":[[121.2868,13.6898],[121.2905,13.6889],[121.2944,13.6886],[121.2961,13.6882]]}},{"type":"Feature","properties":{"fault_name":"Lobo Fault System","segment_name":"Pinaghawanan Segment","fault_class":"Potentially Active Fault","trace_type":"Approximate","symbology":"Dashed - black","mechanism":"Strike-Slip"},"geometry":{"type":"LineString","coordinates":[[121.2853,13.6978],[121.2868,13.6972],[121.2877,13.6962]]}},{"type":"Feature","properties":{"fault_name":"Lobo Fault System","segment_name":"Jaybanga Segment","fault_class":"Potentially Active Fault","trace_type":"Approximate","symbology":"Dashed - black","mechanism":"Strike-Slip"},"geometry":{"type":"LineString","coordinates":[[121.3101,13.6862],[121.3129,13.6844],[121.3189,13.6828]]}},{"type":"Feature","properties":{"fault_name":"Lobo Fault System","segment_name":"Jaybanga Segment","fault_class":"Potentially Active Fault","trace_type":"Certain","symbology":"Solid - black","mechanism":"Strike-Slip"},"geometry":{"type":"LineString","coordinates":[[121.2582,13.7012],[121.2571,13.7015]]}},{"type":"Feature","properties":{"fault_name":"Lobo Fault System","segment_name":"Pinaghawanan Segment","fault_class":"Potentially Active Fault","trace_type":"Approximate","symbology":"Dashed - black","mechanism":"Strike-Slip"},"geometry":{"type":"LineString","coordinates":[[121.3028,13.6902],[121.3016,13.6909],[121.3005,13.6911],[121.2981,13.691],[121.2955,13.6912]]}},{"type":"Feature","properties":{"fault_name":"Lobo Fault System","segment_name":"Jaybanga Segment","fault_class":"Potentially Active Fault","trace_type":"Certain","symbology":"Solid - black","mechanism":"Strike-Slip"},"geometry":{"type":"LineString","coordinates":[[121.2475,13.7057],[121.2458,13.7063],[121.2451,13.7067]]}},{"type":"Feature","properties":{"fault_name":"Lobo Fault System","segment_name":"Jaybanga Segment","fault_class":"Potentially Active Fault","trace_type":"Certain","symbology":"Solid - black","mechanism":"Strike-Slip"},"geometry":{"type":"LineString","coordinates":[[121.2564,13.7019],[121.2556,13.7022]]}},{"type":"Feature","properties":{"fault_name":"Lobo Fault System","segment_name":"Jaybanga Segment","fault_class":"Potentially Active Fault","trace_type":"Approximate","symbology":"Dashed - black","mechanism":"Strike-Slip"},"geometry":{"type":"LineString","coordinates":[[121.2993,13.6878],[121.2998,13.6877],[121.3011,13.688],[121.302,13.6884]]}},{"type":"Feature","properties":{"fault_name":"Lobo Fault System","segment_name":"Pinaghawanan Segment","fault_class":"Potentially Active Fault","trace_type":"Certain","symbology":"Solid - black","mechanism":"Strike-Slip"},"geometry":{"type":"LineString","coordinates":[[121.278,13.7017],[121.2791,13.7009],[121.2802,13.7004]]}},{"type":"Feature","properties":{"fault_name":"Lobo Fault System","segment_name":"Jaybanga Segment","fault_class":"Potentially Active Fault","trace_type":"Approximate","symbology":"Dashed - black","mechanism":"Strike-Slip"},"geometry":{"type":"LineString","coordinates":[[121.2816,13.6919],[121.2825,13.6915]]}},{"type":"Feature","properties":{"fault_name":"Lobo Fault System","segment_name":"Jaybanga Segment","fault_class":"Potentially Active Fault","trace_type":"Approximate","symbology":"Dashed - black","mechanism":"Strike-Slip"},"geometry":{"type":"LineString","coordinates":[[121.2973,13.6881],[121.2993,13.6878]]}},{"type":"Feature","properties":{"fault_name":"Lobo Fault System","segment_name":"Jaybanga Segment","fault_class":"Potentially Active Fault","trace_type":"Certain","symbology":"Solid - black","mechanism":"Strike-Slip"},"geometry":{"type":"LineString","coordinates":[[121.2816,13.6919],[121.2807,13.6921]]}},{"type":"Feature","properties":{"fault_name":"Lobo Fault System","segment_name":"Jaybanga Segment","fault_class":"Potentially Active Fault","trace_type":"Approximate","symbology":"Dashed - black","mechanism":"Strike-Slip"},"geometry":{"type":"LineString","coordinates":[[121.2453,13.7069],[121.2444,13.7073],[121.2439,13.7076]]}},{"type":"Feature","properties":{"fault_name":"Lobo Fault System","segment_name":"Pinaghawanan Segment","fault_class":"Potentially Active Fault","trace_type":"Certain","symbology":"Solid - black","mechanism":"Strike-Slip"},"geometry":{"type":"LineString","coordinates":[[121.2521,13.7077],[121.2541,13.7066],[121.2556,13.7064],[121.26,13.7065]]}},{"type":"Feature","properties":{"fault_name":"Lobo Fault System","segment_name":"Pinaghawanan Segment","fault_class":"Potentially Active Fault","trace_type":"Approximate","symbology":"Dashed - black","mechanism":"Strike-Slip"},"geometry":{"type":"LineString","coordinates":[[121.26,13.7065],[121.2609,13.7064]]}},{"type":"Feature","properties":{"fault_name":"Lobo Fault System","segment_name":"Jaybanga Segment","fault_class":"Potentially Active Fault","trace_type":"Approximate","symbology":"Dashed - black","mechanism":"Strike-Slip"},"geometry":{"type":"LineString","coordinates":[[121.2571,13.7015],[121.2564,13.7019]]}},{"type":"Feature","properties":{"fault_name":"Lobo Fault System","segment_name":"Pinaghawanan Segment","fault_class":"Potentially Active Fault","trace_type":"Approximate","symbology":"Dashed - black","mechanism":"Strike-Slip"},"geometry":{"type":"LineString","coordinates":[[121.27,13.704],[121.2712,13.7039]]}},{"type":"Feature","properties":{"fault_name":"Lobo Fault System","segment_name":"Pinaghawanan Segment","fault_class":"Potentially Active Fault","trace_type":"Certain","symbology":"Solid - black","mechanism":"Strike-Slip"},"geometry":{"type":"LineString","coordinates":[[121.2712,13.7039],[121.2716,13.7039]]}},{"type":"Feature","properties":{"fault_name":"Lobo Fault System","segment_name":"Jaybanga Segment","fault_class":"Potentially Active Fault","trace_type":"Certain","symbology":"Solid - black","mechanism":"Strike-Slip"},"geometry":{"type":"LineString","coordinates":[[121.2556,13.7022],[121.2552,13.7026]]}},{"type":"Feature","properties":{"fault_name":"Lobo Fault System","segment_name":"Pinaghawanan Segment","fault_class":"Potentially Active Fault","trace_type":"Approximate","symbology":"Dashed - black","mechanism":"Strike-Slip"},"geometry":{"type":"LineString","coordinates":[[121.2802,13.7004],[121.2826,13.6993]]}},{"type":"Feature","properties":{"fault_name":"Lobo Fault System","segment_name":"Pinaghawanan Segment","fault_class":"Potentially Active Fault","trace_type":"Approximate","symbology":"Dashed - black","mechanism":"Strike-Slip"},"geometry":{"type":"LineString","coordinates":[[121.2826,13.6993],[121.2838,13.6984],[121.2851,13.6979]]}},{"type":"Feature","properties":{"fault_name":"Lobo Fault System","segment_name":"Jaybanga Segment","fault_class":"Potentially Active Fault","trace_type":"Approximate","symbology":"Dashed - black","mechanism":"Strike-Slip"},"geometry":{"type":"LineString","coordinates":[[121.2807,13.6921],[121.2789,13.6927],[121.2749,13.6952],[121.2736,13.6957],[121.2729,13.6956],[121.271,13.6961],[121.2698,13.6976],[121.269,13.698],[121.2678,13.6982],[121.2652,13.6996],[121.2635,13.6998],[121.2596,13.7011],[121.2582,13.7012]]}},{"type":"Feature","properties":{"fault_name":"Lobo Fault System","segment_name":"Jaybanga Segment","fault_class":"Potentially Active Fault","trace_type":"Approximate","symbology":"Dashed - black","mechanism":"Strike-Slip"},"geometry":{"type":"LineString","coordinates":[[121.2513,13.704],[121.2497,13.7048],[121.2489,13.7048]]}},{"type":"Feature","properties":{"fault_name":"Lobo Fault System","segment_name":"Pinaghawanan Segment","fault_class":"Potentially Active Fault","trace_type":"Approximate","symbology":"Dashed - black","mechanism":"Strike-Slip"},"geometry":{"type":"LineString","coordinates":[[121.2851,13.6979],[121.2853,13.6978]]}},{"type":"Feature","properties":{"fault_name":"Lobo Fault System","segment_name":"Jaybanga Segment","fault_class":"Potentially Active Fault","trace_type":"Certain","symbology":"Solid - black","mechanism":"Strike-Slip"},"geometry":{"type":"LineString","coordinates":[[121.2852,13.6915],[121.2868,13.6911]]}},{"type":"Feature","properties":{"fault_name":"Lobo Fault System","segment_name":"Jaybanga Segment","fault_class":"Potentially Active Fault","trace_type":"Approximate","symbology":"Dashed - black","mechanism":"Strike-Slip"},"geometry":{"type":"LineString","coordinates":[[121.2543,13.703],[121.2536,13.7029],[121.2531,13.703]]}},{"type":"Feature","properties":{"fault_name":"Lobo Fault System","segment_name":"Pinaghawanan Segment","fault_class":"Potentially Active Fault","trace_type":"Approximate","symbology":"Dashed - black","mechanism":"Strike-Slip"},"geometry":{"type":"LineString","coordinates":[[121.3028,13.6902],[121.3046,13.6903]]}},{"type":"Feature","properties":{"fault_name":"Lobo Fault System","segment_name":"Pinaghawanan Segment","fault_class":"Potentially Active Fault","trace_type":"Approximate","symbology":"Dashed - black","mechanism":"Strike-Slip"},"geometry":{"type":"LineString","coordinates":[[121.3323,13.6903],[121.3306,13.6903],[121.3289,13.6908],[121.3255,13.691],[121.3217,13.6908],[121.3191,13.6913],[121.3173,13.6911],[121.3143,13.6903],[121.3125,13.6903],[121.3106,13.6906],[121.3077,13.6903],[121.3046,13.6903]]}},{"type":"Feature","properties":{"fault_name":"Lobo Fault System","segment_name":"Jaybanga Segment","fault_class":"Potentially Active Fault","trace_type":"Approximate","symbology":"Dashed - black","mechanism":"Strike-Slip"},"geometry":{"type":"LineString","coordinates":[[121.302,13.6884],[121.3028,13.6884],[121.3032,13.6882],[121.3047,13.6869],[121.3054,13.6868]]}},{"type":"Feature","properties":{"fault_name":"Lobo Fault System","segment_name":"Pinaghawanan Segment","fault_class":"Potentially Active Fault","trace_type":"Certain","symbology":"Solid - black","mechanism":"Strike-Slip"},"geometry":{"type":"LineString","coordinates":[[121.2609,13.7064],[121.2631,13.7062],[121.2645,13.7057],[121.2664,13.7054],[121.2683,13.7045],[121.27,13.704]]}},{"type":"Feature","properties":{"fault_name":"Lobo Fault System","segment_name":"Pinaghawanan Segment","fault_class":"Potentially Active Fault","trace_type":"Approximate","symbology":"Dashed - black","mechanism":"Strike-Slip"},"geometry":{"type":"LineString","coordinates":[[121.278,13.7017],[121.2754,13.703]]}},{"type":"Feature","properties":{"fault_name":"Lobo Fault System","segment_name":"Jaybanga Segment","fault_class":"Potentially Active Fault","trace_type":"Approximate","symbology":"Dashed - black","mechanism":"Strike-Slip"},"geometry":{"type":"LineString","coordinates":[[121.2552,13.7026],[121.2543,13.703]]}},{"type":"Feature","properties":{"fault_name":"Panganiran Fault","segment_name":null,"fault_class":"Active Fault","trace_type":"Certain - Downthrown Area","symbology":"Hachured (E) - red","mechanism":null},"geometry":{"type":"LineString","coordinates":[[123.4081,13.0758],[123.4083,13.0755]]}},{"type":"Feature","properties":{"fault_name":"Golo Fault System","segment_name":"South Golo Fault","fault_class":"Active Fault","trace_type":"Certain","symbology":"Solid - red","mechanism":null},"geometry":{"type":"LineString","coordinates":[[120.5833,13.6201],[120.5599,13.6057]]}},{"type":"Feature","properties":{"fault_name":"Golo Fault System","segment_name":"South Golo Fault","fault_class":"Active Fault","trace_type":"Approximate","symbology":"Dashed - red","mechanism":null},"geometry":{"type":"LineString","coordinates":[[120.5825,13.6248],[120.5849,13.6256],[120.5866,13.6257],[120.5892,13.6251],[120.5923,13.6248],[120.5954,13.626]]}},{"type":"Feature","properties":{"fault_name":"Golo Fault System","segment_name":"South Golo Fault","fault_class":"Active Fault","trace_type":"Certain","symbology":"Solid - red","mechanism":null},"geometry":{"type":"LineString","coordinates":[[120.4951,13.569],[120.5124,13.5799],[120.5212,13.5877]]}},{"type":"Feature","properties":{"fault_name":"Golo Fault System","segment_name":"South Golo Fault","fault_class":"Active Fault","trace_type":"Approximate","symbology":"Dashed - red","mechanism":null},"geometry":{"type":"LineString","coordinates":[[120.4951,13.569],[120.4892,13.5632],[120.483,13.5596]]}},{"type":"Feature","properties":{"fault_name":"Golo Fault System","segment_name":"South Golo Fault","fault_class":"Active Fault","trace_type":"Certain","symbology":"Solid - red","mechanism":null},"geometry":{"type":"LineString","coordinates":[[120.515,13.581],[120.5101,13.5759],[120.5074,13.5737],[120.5034,13.5712]]}},{"type":"Feature","properties":{"fault_name":"Golo Fault System","segment_name":"South Golo Fault","fault_class":"Active Fault","trace_type":"Certain","symbology":"Solid - red","mechanism":null},"geometry":{"type":"LineString","coordinates":[[120.5447,13.6061],[120.5552,13.6135],[120.562,13.615],[120.5649,13.6165],[120.5672,13.6192],[120.5696,13.6212],[120.5712,13.6219],[120.5753,13.6224],[120.5788,13.6222],[120.581,13.6234],[120.5825,13.6248]]}},{"type":"Feature","properties":{"fault_name":"Golo Fault System","segment_name":"South Golo Fault","fault_class":"Active Fault","trace_type":"Certain - Downthrown Area","symbology":"Hachured (E) - red","mechanism":"Normal"},"geometry":{"type":"LineString","coordinates":[[120.512,13.6305],[120.5095,13.6287],[120.5081,13.6264],[120.5068,13.6227],[120.5063,13.6208],[120.5054,13.619],[120.5044,13.6174],[120.502,13.6122],[120.4995,13.6099],[120.497,13.6086],[120.4932,13.6081],[120.4907,13.607],[120.4891,13.6053],[120.4877,13.6034],[120.4865,13.601],[120.4874,13.5979],[120.4871,13.5912],[120.4846,13.5881],[120.4825,13.5846],[120.4788,13.5774]]}},{"type":"Feature","properties":{"fault_name":"Golo Fault System","segment_name":"South Golo Fault","fault_class":"Active Fault","trace_type":"Certain - Downthrown Area","symbology":"Hachured (E) - red","mechanism":"Normal"},"geometry":{"type":"LineString","coordinates":[[120.5273,13.6314],[120.5215,13.6195],[120.519,13.6162],[120.5164,13.6145],[120.51,13.6128],[120.5045,13.6118]]}},{"type":"Feature","properties":{"fault_name":"Golo Fault System","segment_name":"North Golo Fault","fault_class":"Active Fault","trace_type":"Certain - Downthrown Area","symbology":"Hachured (E) - red","mechanism":"Normal"},"geometry":{"type":"LineString","coordinates":[[120.5031,13.7041],[120.5022,13.7004],[120.5008,13.698],[120.499,13.6962],[120.4977,13.6946],[120.4961,13.6895],[120.495,13.6868],[120.4943,13.6834],[120.4937,13.6819]]}},{"type":"Feature","properties":{"fault_name":"Golo Fault System","segment_name":"North Golo Fault","fault_class":"Active Fault","trace_type":"Certain - Downthrown Area","symbology":"Hachured (E) - red","mechanism":"Normal"},"geometry":{"type":"LineString","coordinates":[[120.4891,13.6871],[120.4868,13.6791],[120.4848,13.6751],[120.4818,13.6726],[120.4757,13.6687],[120.4671,13.6644]]}},{"type":"Feature","properties":{"fault_name":"Golo Fault System","segment_name":"North Golo Fault","fault_class":"Active Fault","trace_type":"Certain - Downthrown Area","symbology":"Hachured (E) - red","mechanism":"Normal"},"geometry":{"type":"LineString","coordinates":[[120.5026,13.7408],[120.5017,13.7374],[120.5004,13.7356],[120.498,13.7294]]}},{"type":"Feature","properties":{"fault_name":"Golo Fault System","segment_name":"North Golo Fault","fault_class":"Active Fault","trace_type":"Certain - Downthrown Area","symbology":"Hachured (E) - red","mechanism":"Normal"},"geometry":{"type":"LineString","coordinates":[[120.5092,13.7367],[120.5057,13.7335],[120.5019,13.7297],[120.4971,13.727],[120.495,13.7253],[120.4922,13.7225],[120.4877,13.7164]]}},{"type":"Feature","properties":{"fault_name":"Golo Fault System","segment_name":"South Golo Fault","fault_class":"Active Fault","trace_type":"Certain - Downthrown Area","symbology":"Hachured (E) - red","mechanism":"Normal"},"geometry":{"type":"LineString","coordinates":[[120.4788,13.5774],[120.4673,13.5706],[120.4592,13.5624]]}},{"type":"Feature","properties":{"fault_name":"Golo Fault System","segment_name":"South Golo Fault","fault_class":"Active Fault","trace_type":"Certain - Downthrown Area","symbology":"Hachured (N) - red","mechanism":"Normal"},"geometry":{"type":"LineString","coordinates":[[120.5387,13.6728],[120.5382,13.6647],[120.5389,13.6559],[120.5413,13.6485],[120.543,13.6407],[120.5408,13.6335],[120.538,13.6293]]}},{"type":"Feature","properties":{"fault_name":"Golo Fault System","segment_name":"North Golo Fault","fault_class":"Active Fault","trace_type":"Certain - Downthrown Area","symbology":"Hachured (N) - red","mechanism":"Normal"},"geometry":{"type":"LineString","coordinates":[[120.5108,13.733],[120.5099,13.7273],[120.5106,13.7197],[120.5127,13.7133],[120.5127,13.7075]]}},{"type":"Feature","properties":{"fault_name":"Legaspi Lineament","segment_name":"San Vicente - Linao Segment","fault_class":"Active Fault","trace_type":"Approximate","symbology":"Dashed - red","mechanism":null},"geometry":{"type":"LineString","coordinates":[[123.3732,13.2882],[123.3681,13.2908],[123.3626,13.2931],[123.3617,13.2937]]}},{"type":"Feature","properties":{"fault_name":"Legaspi Lineament","segment_name":"San Vicente - Linao Segment","fault_class":"Active Fault","trace_type":"Certain","symbology":"Solid - red","mechanism":null},"geometry":{"type":"LineString","coordinates":[[123.3974,13.2766],[123.3965,13.2772],[123.3952,13.2777]]}},{"type":"Feature","properties":{"fault_name":"Panganiran Fault","segment_name":null,"fault_class":"Active Fault","trace_type":"Approximate","symbology":"Dashed - red","mechanism":null},"geometry":{"type":"LineString","coordinates":[[123.4902,12.9883],[123.4918,12.9857]]}},{"type":"Feature","properties":{"fault_name":"Panganiran Fault","segment_name":null,"fault_class":"Active Fault","trace_type":"Certain","symbology":"Solid - red","mechanism":null},"geometry":{"type":"LineString","coordinates":[[123.4192,13.0614],[123.4199,13.0609],[123.4203,13.0604],[123.4216,13.0582],[123.422,13.0571]]}},{"type":"Feature","properties":{"fault_name":"San Miguel Fault","segment_name":null,"fault_class":"Potentially Active Fault","trace_type":"Approximate - Downthrown Area","symbology":"Dashed (Hachured - S) - black","mechanism":null},"geometry":{"type":"LineString","coordinates":[[123.7701,13.3966],[123.7741,13.3897],[123.7752,13.3885],[123.7803,13.3842],[123.7819,13.3832],[123.7886,13.3799],[123.7905,13.3785],[123.7933,13.3759]]}},{"type":"Feature","properties":{"fault_name":"Panganiran Fault","segment_name":null,"fault_class":"Active Fault","trace_type":"Certain","symbology":"Solid - red","mechanism":null},"geometry":{"type":"LineString","coordinates":[[123.4039,13.0828],[123.4044,13.0817]]}},{"type":"Feature","properties":{"fault_name":"Legaspi Lineament","segment_name":"Bato Segment","fault_class":"Active Fault","trace_type":"Approximate","symbology":"Dashed - red","mechanism":null},"geometry":{"type":"LineString","coordinates":[[123.4025,13.3371],[123.401,13.338]]}},{"type":"Feature","properties":{"fault_name":"Panganiran Fault","segment_name":null,"fault_class":"Active Fault","trace_type":"Approximate","symbology":"Dashed - red","mechanism":null},"geometry":{"type":"LineString","coordinates":[[123.4093,13.0677],[123.4098,13.0673]]}},{"type":"Feature","properties":{"fault_name":"Legaspi Lineament","segment_name":"San Vicente - Linao Segment","fault_class":"Active Fault","trace_type":"Approximate","symbology":"Dashed - red","mechanism":null},"geometry":{"type":"LineString","coordinates":[[123.3924,13.2786],[123.3906,13.2801],[123.3892,13.2809],[123.3872,13.2817],[123.3855,13.2828],[123.3801,13.2854],[123.3736,13.2881]]}},{"type":"Feature","properties":{"fault_name":"Panganiran Fault","segment_name":null,"fault_class":"Active Fault","trace_type":"Certain","symbology":"Solid - red","mechanism":null},"geometry":{"type":"LineString","coordinates":[[123.3482,13.1587],[123.3499,13.155],[123.352,13.1515]]}},{"type":"Feature","properties":{"fault_name":"Panganiran Fault","segment_name":null,"fault_class":"Active Fault","trace_type":"Certain","symbology":"Solid - red","mechanism":null},"geometry":{"type":"LineString","coordinates":[[123.4235,13.0614],[123.424,13.0607],[123.4247,13.0605],[123.4269,13.059],[123.4291,13.0587]]}},{"type":"Feature","properties":{"fault_name":"Panganiran Fault","segment_name":null,"fault_class":"Active Fault","trace_type":"Approximate","symbology":"Dashed - red","mechanism":null},"geometry":{"type":"LineString","coordinates":[[123.475,13.0105],[123.479,13.0035]]}},{"type":"Feature","properties":{"fault_name":"Legaspi Lineament","segment_name":"Bato Segment","fault_class":"Active Fault","trace_type":"Approximate","symbology":"Dashed - red","mechanism":null},"geometry":{"type":"LineString","coordinates":[[123.3887,13.345],[123.3908,13.3432],[123.3949,13.3417],[123.3971,13.3406],[123.3992,13.3392]]}},{"type":"Feature","properties":{"fault_name":"Panganiran Fault","segment_name":null,"fault_class":"Active Fault","trace_type":"Certain","symbology":"Solid - red","mechanism":null},"geometry":{"type":"LineString","coordinates":[[123.3906,13.1021],[123.3922,13.1009],[123.3949,13.0983],[123.4002,13.0941],[123.4021,13.0928]]}},{"type":"Feature","properties":{"fault_name":"Panganiran Fault","segment_name":null,"fault_class":"Active Fault","trace_type":"Certain","symbology":"Solid - red","mechanism":null},"geometry":{"type":"LineString","coordinates":[[123.4083,13.0755],[123.4085,13.0749],[123.4108,13.072],[123.4131,13.0696]]}},{"type":"Feature","properties":{"fault_name":"Panganiran Fault","segment_name":null,"fault_class":"Active Fault","trace_type":"Certain","symbology":"Solid - red","mechanism":null},"geometry":{"type":"LineString","coordinates":[[123.4222,13.0842],[123.4205,13.085],[123.4189,13.086],[123.4154,13.0875],[123.4099,13.0894],[123.4086,13.0901],[123.4069,13.0914],[123.4042,13.0925],[123.4024,13.0936],[123.4019,13.0943],[123.3997,13.0961],[123.3953,13.1007],[123.3916,13.1031],[123.3889,13.1055],[123.3863,13.1094],[123.3856,13.1101],[123.3821,13.1127],[123.3776,13.1164],[123.3774,13.1168],[123.3761,13.1181],[123.3722,13.1215],[123.3668,13.1285]]}},{"type":"Feature","properties":{"fault_name":"Panganiran Fault","segment_name":null,"fault_class":"Active Fault","trace_type":"Approximate","symbology":"Dashed - red","mechanism":null},"geometry":{"type":"LineString","coordinates":[[123.4612,13.0388],[123.4602,13.0412],[123.4584,13.0442]]}},{"type":"Feature","properties":{"fault_name":"Panganiran Fault","segment_name":null,"fault_class":"Active Fault","trace_type":"Certain","symbology":"Solid - red","mechanism":null},"geometry":{"type":"LineString","coordinates":[[123.3676,13.1341],[123.3638,13.1393],[123.3622,13.1419],[123.361,13.1434],[123.3582,13.1474],[123.3562,13.149],[123.3555,13.1494],[123.3532,13.1521],[123.3498,13.1574],[123.3487,13.1596],[123.348,13.1616],[123.3473,13.1627],[123.3449,13.1652],[123.3444,13.1667],[123.3436,13.1677],[123.3394,13.1753],[123.3379,13.1771],[123.336,13.1786]]}},{"type":"Feature","properties":{"fault_name":"Legaspi Lineament","segment_name":"San Vicente - Linao Segment","fault_class":"Active Fault","trace_type":"Certain","symbology":"Solid - red","mechanism":null},"geometry":{"type":"LineString","coordinates":[[123.3974,13.2766],[123.3997,13.2763]]}},{"type":"Feature","properties":{"fault_name":"Panganiran Fault","segment_name":null,"fault_class":"Active Fault","trace_type":"Certain","symbology":"Solid - red","mechanism":null},"geometry":{"type":"LineString","coordinates":[[123.42,13.0634],[123.4213,13.0617],[123.4224,13.0596]]}},{"type":"Feature","properties":{"fault_name":"Legaspi Lineament","segment_name":"Bato Segment","fault_class":"Active Fault","trace_type":"Approximate","symbology":"Dashed - red","mechanism":null},"geometry":{"type":"LineString","coordinates":[[123.3992,13.3392],[123.401,13.338]]}},{"type":"Feature","properties":{"fault_name":"Legaspi Lineament","segment_name":"San Vicente - Linao Segment","fault_class":"Active Fault","trace_type":"Certain","symbology":"Solid - red","mechanism":null},"geometry":{"type":"LineString","coordinates":[[123.3976,13.2765],[123.3963,13.2763],[123.3953,13.2764],[123.3936,13.2775],[123.3924,13.2786]]}},{"type":"Feature","properties":{"fault_name":"Panganiran Fault","segment_name":null,"fault_class":"Active Fault","trace_type":"Approximate","symbology":"Dashed - red","mechanism":null},"geometry":{"type":"LineString","coordinates":[[123.5009,12.9748],[123.5015,12.974],[123.5022,12.9723],[123.5053,12.9682],[123.5072,12.9668],[123.5085,12.9655]]}},{"type":"Feature","properties":{"fault_name":"Panganiran Fault","segment_name":null,"fault_class":"Active Fault","trace_type":"Approximate","symbology":"Dashed - red","mechanism":null},"geometry":{"type":"LineString","coordinates":[[123.336,13.1786],[123.3342,13.1809]]}},{"type":"Feature","properties":{"fault_name":"Legaspi Lineament","segment_name":"Bato Segment","fault_class":"Active Fault","trace_type":"Approximate","symbology":"Dashed - red","mechanism":null},"geometry":{"type":"LineString","coordinates":[[123.4863,13.3053],[123.4848,13.3072],[123.4812,13.3109],[123.4791,13.312],[123.4779,13.3127],[123.4758,13.3135],[123.4738,13.3145],[123.4729,13.3152]]}},{"type":"Feature","properties":{"fault_name":"San Miguel Fault","segment_name":null,"fault_class":"Potentially Active Fault","trace_type":"Certain - Downthrown Area","symbology":"Hachured (S) - black","mechanism":null},"geometry":{"type":"LineString","coordinates":[[123.8402,13.3362],[123.8424,13.334],[123.8451,13.3326]]}},{"type":"Feature","properties":{"fault_name":"Legaspi Lineament","segment_name":"Bato Segment","fault_class":"Active Fault","trace_type":"Approximate","symbology":"Dashed - red","mechanism":null},"geometry":{"type":"LineString","coordinates":[[123.5104,13.2909],[123.5139,13.2878],[123.5162,13.2856],[123.5184,13.2839],[123.5212,13.2811],[123.5224,13.2797]]}},{"type":"Feature","properties":{"fault_name":"Panganiran Fault","segment_name":null,"fault_class":"Active Fault","trace_type":"Certain","symbology":"Solid - red","mechanism":null},"geometry":{"type":"LineString","coordinates":[[123.4168,13.0647],[123.4174,13.0642],[123.4175,13.0636]]}},{"type":"Feature","properties":{"fault_name":"San Miguel Fault","segment_name":null,"fault_class":"Potentially Active Fault","trace_type":"Approximate - Downthrown Area","symbology":"Dashed (Hachured - S) - black","mechanism":null},"geometry":{"type":"LineString","coordinates":[[123.8269,13.3485],[123.8305,13.3457],[123.8349,13.343]]}},{"type":"Feature","properties":{"fault_name":"Panganiran Fault","segment_name":null,"fault_class":"Active Fault","trace_type":"Approximate","symbology":"Dashed - red","mechanism":null},"geometry":{"type":"LineString","coordinates":[[123.4391,13.0654],[123.4376,13.0668],[123.4355,13.0693],[123.4345,13.0711],[123.4339,13.0726],[123.432,13.0757],[123.4309,13.0768],[123.4284,13.0784],[123.4238,13.0825],[123.4222,13.0842]]}},{"type":"Feature","properties":{"fault_name":"Panganiran Fault","segment_name":null,"fault_class":"Active Fault","trace_type":"Certain","symbology":"Solid - red","mechanism":null},"geometry":{"type":"LineString","coordinates":[[123.4078,13.07],[123.4087,13.0689],[123.4093,13.0677]]}},{"type":"Feature","properties":{"fault_name":"Panganiran Fault","segment_name":null,"fault_class":"Active Fault","trace_type":"Approximate","symbology":"Dashed - red","mechanism":null},"geometry":{"type":"LineString","coordinates":[[123.4512,13.0527],[123.4521,13.052]]}},{"type":"Feature","properties":{"fault_name":"Panganiran Fault","segment_name":null,"fault_class":"Active Fault","trace_type":"Approximate","symbology":"Dashed - red","mechanism":null},"geometry":{"type":"LineString","coordinates":[[123.4521,13.052],[123.4541,13.0491],[123.455,13.0475]]}},{"type":"Feature","properties":{"fault_name":"Panganiran Fault","segment_name":null,"fault_class":"Active Fault","trace_type":"Approximate","symbology":"Dashed - red","mechanism":null},"geometry":{"type":"LineString","coordinates":[[123.4918,12.9857],[123.4923,12.9853]]}},{"type":"Feature","properties":{"fault_name":"Legaspi Lineament","segment_name":"San Vicente - Linao Segment","fault_class":"Active Fault","trace_type":"Approximate","symbology":"Dashed - red","mechanism":null},"geometry":{"type":"LineString","coordinates":[[123.3997,13.2763],[123.4014,13.2758],[123.4028,13.275],[123.4037,13.2748],[123.4051,13.2747],[123.4086,13.2737],[123.412,13.2718],[123.4129,13.271],[123.4153,13.2705],[123.4175,13.2686],[123.4183,13.2687],[123.4189,13.2684],[123.4193,13.2678],[123.4214,13.2665],[123.4226,13.2662],[123.4245,13.2661],[123.4259,13.2657],[123.4268,13.2657],[123.429,13.2651],[123.4314,13.2641],[123.433,13.2631],[123.4352,13.2628],[123.4374,13.2621],[123.4391,13.2612],[123.4411,13.2609],[123.4433,13.2604],[123.4455,13.2594],[123.4474,13.2581]]}},{"type":"Feature","properties":{"fault_name":"Panganiran Fault","segment_name":null,"fault_class":"Active Fault","trace_type":"Certain","symbology":"Solid - red","mechanism":null},"geometry":{"type":"LineString","coordinates":[[123.4062,13.0719],[123.4078,13.07]]}},{"type":"Feature","properties":{"fault_name":"Panganiran Fault","segment_name":null,"fault_class":"Active Fault","trace_type":"Approximate","symbology":"Dashed - red","mechanism":null},"geometry":{"type":"LineString","coordinates":[[123.4286,13.0564],[123.4296,13.0555],[123.4315,13.0545],[123.4327,13.0532],[123.4343,13.0517],[123.4365,13.0487],[123.4383,13.0471],[123.4401,13.0447]]}},{"type":"Feature","properties":{"fault_name":"Panganiran Fault","segment_name":null,"fault_class":"Active Fault","trace_type":"Approximate","symbology":"Dashed - red","mechanism":null},"geometry":{"type":"LineString","coordinates":[[123.4196,13.0494],[123.4193,13.0515],[123.4175,13.0567]]}},{"type":"Feature","properties":{"fault_name":"Panganiran Fault","segment_name":null,"fault_class":"Active Fault","trace_type":"Approximate","symbology":"Dashed - red","mechanism":null},"geometry":{"type":"LineString","coordinates":[[123.4098,13.0673],[123.4124,13.0653],[123.4151,13.0603],[123.4175,13.0567]]}},{"type":"Feature","properties":{"fault_name":"Legaspi Lineament","segment_name":"Bato Segment","fault_class":"Active Fault","trace_type":"Approximate","symbology":"Dashed - red","mechanism":null},"geometry":{"type":"LineString","coordinates":[[123.5036,13.2924],[123.5002,13.2949],[123.4956,13.2986],[123.4906,13.3017],[123.4879,13.3036],[123.4868,13.3046],[123.4863,13.3053]]}},{"type":"Feature","properties":{"fault_name":"Legaspi Lineament","segment_name":"San Vicente - Linao Segment","fault_class":"Active Fault","trace_type":"Approximate","symbology":"Dashed - red","mechanism":null},"geometry":{"type":"LineString","coordinates":[[123.3549,13.2988],[123.3554,13.2985]]}},{"type":"Feature","properties":{"fault_name":"Panganiran Fault","segment_name":null,"fault_class":"Active Fault","trace_type":"Approximate","symbology":"Dashed - red","mechanism":null},"geometry":{"type":"LineString","coordinates":[[123.441,13.0639],[123.4404,13.0642]]}},{"type":"Feature","properties":{"fault_name":"Legaspi Lineament","segment_name":"Bato Segment","fault_class":"Active Fault","trace_type":"Approximate - Downthrown Area","symbology":"Dashed (Hachured - S) - red","mechanism":null},"geometry":{"type":"LineString","coordinates":[[123.3635,13.3539],[123.3642,13.3532],[123.3678,13.3513],[123.3725,13.3498]]}},{"type":"Feature","properties":{"fault_name":"Legaspi Lineament","segment_name":"San Vicente - Linao Segment","fault_class":"Active Fault","trace_type":"Approximate","symbology":"Dashed - red","mechanism":null},"geometry":{"type":"LineString","coordinates":[[123.2764,13.3513],[123.2773,13.3507],[123.2827,13.3489],[123.2854,13.3476],[123.2868,13.3468],[123.289,13.3461],[123.2898,13.3456],[123.292,13.3435],[123.294,13.3426],[123.2978,13.34]]}},{"type":"Feature","properties":{"fault_name":"Legaspi Lineament","segment_name":"San Vicente - Linao Segment","fault_class":"Active Fault","trace_type":"Approximate","symbology":"Dashed - red","mechanism":null},"geometry":{"type":"LineString","coordinates":[[123.3549,13.2988],[123.3538,13.2994]]}},{"type":"Feature","properties":{"fault_name":"Panganiran Fault","segment_name":null,"fault_class":"Active Fault","trace_type":"Certain","symbology":"Solid - red","mechanism":null},"geometry":{"type":"LineString","coordinates":[[123.4428,13.0624],[123.4438,13.0618],[123.4445,13.0613],[123.4451,13.0599],[123.4471,13.0573],[123.4474,13.0564],[123.449,13.0547],[123.4512,13.0527]]}},{"type":"Feature","properties":{"fault_name":"Panganiran Fault","segment_name":null,"fault_class":"Active Fault","trace_type":"Approximate","symbology":"Dashed - red","mechanism":null},"geometry":{"type":"LineString","coordinates":[[123.4391,13.0654],[123.4391,13.0654]]}},{"type":"Feature","properties":{"fault_name":"Panganiran Fault","segment_name":null,"fault_class":"Active Fault","trace_type":"Approximate","symbology":"Dashed - red","mechanism":null},"geometry":{"type":"LineString","coordinates":[[123.455,13.0475],[123.4573,13.0433]]}},{"type":"Feature","properties":{"fault_name":"Panganiran Fault","segment_name":null,"fault_class":"Active Fault","trace_type":"Certain","symbology":"Solid - red","mechanism":null},"geometry":{"type":"LineString","coordinates":[[123.4208,13.0627],[123.4221,13.0622],[123.4227,13.0617]]}},{"type":"Feature","properties":{"fault_name":"Panganiran Fault","segment_name":null,"fault_class":"Active Fault","trace_type":"Approximate","symbology":"Dashed - red","mechanism":null},"geometry":{"type":"LineString","coordinates":[[123.4391,13.0654],[123.4391,13.0654]]}},{"type":"Feature","properties":{"fault_name":"Panganiran Fault","segment_name":null,"fault_class":"Active Fault","trace_type":"Certain","symbology":"Solid - red","mechanism":null},"geometry":{"type":"LineString","coordinates":[[123.4613,13.0387],[123.4582,13.0416],[123.458,13.0422],[123.4573,13.0433]]}},{"type":"Feature","properties":{"fault_name":"Panganiran Fault","segment_name":null,"fault_class":"Active Fault","trace_type":"Approximate","symbology":"Dashed - red","mechanism":null},"geometry":{"type":"LineString","coordinates":[[123.4138,13.07],[123.4151,13.0688],[123.4156,13.0679],[123.417,13.0663],[123.4186,13.0651],[123.42,13.0634]]}},{"type":"Feature","properties":{"fault_name":"Panganiran Fault","segment_name":null,"fault_class":"Active Fault","trace_type":"Certain","symbology":"Solid - red","mechanism":null},"geometry":{"type":"LineString","coordinates":[[123.4223,13.0631],[123.4235,13.0614]]}},{"type":"Feature","properties":{"fault_name":"Panganiran Fault","segment_name":null,"fault_class":"Active Fault","trace_type":"Certain","symbology":"Solid - red","mechanism":null},"geometry":{"type":"LineString","coordinates":[[123.4062,13.0719],[123.4049,13.0734],[123.4036,13.0745]]}},{"type":"Feature","properties":{"fault_name":"Legaspi Lineament","segment_name":"San Vicente - Linao Segment","fault_class":"Active Fault","trace_type":"Approximate","symbology":"Dashed - red","mechanism":null},"geometry":{"type":"LineString","coordinates":[[123.2691,13.3583],[123.27,13.3572],[123.2725,13.355],[123.274,13.353],[123.2764,13.3513]]}},{"type":"Feature","properties":{"fault_name":"San Miguel Fault","segment_name":null,"fault_class":"Potentially Active Fault","trace_type":"Certain - Downthrown Area","symbology":"Hachured (S) - black","mechanism":null},"geometry":{"type":"LineString","coordinates":[[123.7639,13.4041],[123.7671,13.4007],[123.7693,13.398],[123.7701,13.3966]]}},{"type":"Feature","properties":{"fault_name":"Legaspi Lineament","segment_name":"San Vicente - Linao Segment","fault_class":"Active Fault","trace_type":"Approximate","symbology":"Dashed - red","mechanism":null},"geometry":{"type":"LineString","coordinates":[[123.3103,13.3405],[123.3084,13.341],[123.3008,13.3447],[123.2924,13.3482],[123.2757,13.3564],[123.2705,13.3593],[123.2656,13.3616],[123.2523,13.3696],[123.2507,13.3711],[123.2497,13.3717],[123.2474,13.3726],[123.2418,13.3756],[123.2385,13.3779],[123.2347,13.3795],[123.2281,13.3841],[123.2231,13.3872],[123.2166,13.3909],[123.215,13.3922],[123.2129,13.3936],[123.2114,13.3951],[123.2103,13.3959],[123.2085,13.3969],[123.2026,13.3996]]}},{"type":"Feature","properties":{"fault_name":"Panganiran Fault","segment_name":null,"fault_class":"Active Fault","trace_type":"Approximate","symbology":"Dashed - red","mechanism":null},"geometry":{"type":"LineString","coordinates":[[123.4432,13.0632],[123.4404,13.0644],[123.4391,13.0654]]}},{"type":"Feature","properties":{"fault_name":"Panganiran Fault","segment_name":null,"fault_class":"Active Fault","trace_type":"Certain","symbology":"Solid - red","mechanism":null},"geometry":{"type":"LineString","coordinates":[[123.4227,13.0617],[123.4231,13.0612],[123.4243,13.0603],[123.4252,13.0589],[123.426,13.0582]]}},{"type":"Feature","properties":{"fault_name":"Panganiran Fault","segment_name":null,"fault_class":"Active Fault","trace_type":"Certain","symbology":"Solid - red","mechanism":null},"geometry":{"type":"LineString","coordinates":[[123.426,13.0582],[123.4265,13.0578],[123.4276,13.0573],[123.4286,13.0564]]}},{"type":"Feature","properties":{"fault_name":"Panganiran Fault","segment_name":null,"fault_class":"Active Fault","trace_type":"Certain","symbology":"Solid - red","mechanism":null},"geometry":{"type":"LineString","coordinates":[[123.4612,13.0388],[123.4636,13.0339],[123.4644,13.0327],[123.4662,13.0304],[123.4669,13.0292],[123.4696,13.0243],[123.4716,13.0217],[123.473,13.0188],[123.4741,13.0173],[123.475,13.0155],[123.4763,13.0127],[123.4777,13.0108],[123.4786,13.0091]]}},{"type":"Feature","properties":{"fault_name":"Legaspi Lineament","segment_name":"San Vicente - Linao Segment","fault_class":"Active Fault","trace_type":"Approximate","symbology":"Dashed - red","mechanism":null},"geometry":{"type":"LineString","coordinates":[[123.3617,13.2937],[123.3587,13.2955],[123.3564,13.2966],[123.3551,13.2975],[123.3496,13.3009],[123.347,13.3023],[123.3416,13.3038],[123.3406,13.3042],[123.3386,13.3047],[123.3378,13.3051],[123.336,13.3065],[123.3337,13.3089],[123.3279,13.3131],[123.3239,13.3163],[123.3172,13.3225]]}},{"type":"Feature","properties":{"fault_name":"Panganiran Fault","segment_name":null,"fault_class":"Active Fault","trace_type":"Certain","symbology":"Solid - red","mechanism":null},"geometry":{"type":"LineString","coordinates":[[123.3977,13.0906],[123.3983,13.0897],[123.4009,13.0872],[123.4039,13.0828]]}},{"type":"Feature","properties":{"fault_name":"Legaspi Lineament","segment_name":"Bato Segment","fault_class":"Active Fault","trace_type":"Certain - Downthrown Area","symbology":"Hachured (S) - red","mechanism":null},"geometry":{"type":"LineString","coordinates":[[123.3757,13.3487],[123.3766,13.3484],[123.3782,13.3483],[123.3826,13.3465],[123.3872,13.3457],[123.3887,13.345]]}},{"type":"Feature","properties":{"fault_name":"Panganiran Fault","segment_name":null,"fault_class":"Active Fault","trace_type":"Approximate","symbology":"Dashed - red","mechanism":null},"geometry":{"type":"LineString","coordinates":[[123.4866,12.996],[123.4874,12.9952],[123.4884,12.9937],[123.4896,12.9928],[123.4908,12.9905]]}},{"type":"Feature","properties":{"fault_name":"Panganiran Fault","segment_name":null,"fault_class":"Active Fault","trace_type":"Approximate","symbology":"Dashed - red","mechanism":null},"geometry":{"type":"LineString","coordinates":[[123.3898,13.098],[123.3909,13.0974],[123.3931,13.0954],[123.395,13.0929],[123.3968,13.0921]]}},{"type":"Feature","properties":{"fault_name":"Panganiran Fault","segment_name":null,"fault_class":"Active Fault","trace_type":"Certain","symbology":"Solid - red","mechanism":null},"geometry":{"type":"LineString","coordinates":[[123.3968,13.0921],[123.3975,13.0919],[123.3983,13.0913],[123.3987,13.0904]]}},{"type":"Feature","properties":{"fault_name":"San Miguel Fault","segment_name":null,"fault_class":"Potentially Active Fault","trace_type":"Approximate - Downthrown Area","symbology":"Dashed (Hachured - S) - black","mechanism":null},"geometry":{"type":"LineString","coordinates":[[123.794,13.3729],[123.7956,13.3711],[123.7981,13.3667],[123.7988,13.3661],[123.7999,13.3655],[123.8029,13.3628],[123.805,13.3615],[123.8085,13.3583],[123.8095,13.3577],[123.8128,13.3553],[123.8156,13.3543],[123.8191,13.352],[123.8212,13.3508],[123.8222,13.3507]]}},{"type":"Feature","properties":{"fault_name":"Legaspi Lineament","segment_name":"Offshore extension 1","fault_class":"Active Fault","trace_type":"Approximate","symbology":"Dashed - red","mechanism":null},"geometry":{"type":"LineString","coordinates":[[123.9919,13.1332],[123.9482,13.1659],[123.9367,13.1718],[123.9244,13.1761],[123.8961,13.1795],[123.8894,13.1799],[123.8794,13.1788],[123.867,13.1763],[123.8605,13.1748],[123.8564,13.1736],[123.8526,13.1724],[123.8445,13.1694],[123.8309,13.1669],[123.8267,13.1669],[123.8164,13.1683],[123.7868,13.1735]]}},{"type":"Feature","properties":{"fault_name":"San Miguel Fault","segment_name":null,"fault_class":"Potentially Active Fault","trace_type":"Approximate - Downthrown Area","symbology":"Dashed (Hachured - S) - black","mechanism":null},"geometry":{"type":"LineString","coordinates":[[123.8451,13.3326],[123.8462,13.3321],[123.8491,13.3301],[123.8506,13.3285],[123.8518,13.3266],[123.8536,13.3251],[123.8563,13.3238],[123.8587,13.3213],[123.8619,13.3169],[123.8636,13.3154],[123.8651,13.3143]]}},{"type":"Feature","properties":{"fault_name":"Panganiran Fault","segment_name":null,"fault_class":"Active Fault","trace_type":"Approximate","symbology":"Dashed - red","mechanism":null},"geometry":{"type":"LineString","coordinates":[[123.4131,13.0696],[123.4152,13.0661],[123.4168,13.0647]]}},{"type":"Feature","properties":{"fault_name":"Panganiran Fault","segment_name":null,"fault_class":"Active Fault","trace_type":"Approximate","symbology":"Dashed - red","mechanism":null},"geometry":{"type":"LineString","coordinates":[[123.4138,13.07],[123.4128,13.0711]]}},{"type":"Feature","properties":{"fault_name":"Panganiran Fault","segment_name":null,"fault_class":"Active Fault","trace_type":"Certain","symbology":"Solid - red","mechanism":null},"geometry":{"type":"LineString","coordinates":[[123.4081,13.0758],[123.4062,13.0793]]}},{"type":"Feature","properties":{"fault_name":"Panganiran Fault","segment_name":null,"fault_class":"Active Fault","trace_type":"Certain","symbology":"Solid - red","mechanism":null},"geometry":{"type":"LineString","coordinates":[[123.4062,13.0793],[123.4049,13.0806],[123.4044,13.0817]]}},{"type":"Feature","properties":{"fault_name":"Legaspi Lineament","segment_name":"San Vicente - Linao Segment","fault_class":"Active Fault","trace_type":"Approximate","symbology":"Dashed - red","mechanism":null},"geometry":{"type":"LineString","coordinates":[[123.4474,13.2581],[123.4502,13.2564],[123.4543,13.2546],[123.4575,13.2536]]}},{"type":"Feature","properties":{"fault_name":"Panganiran Fault","segment_name":null,"fault_class":"Active Fault","trace_type":"Approximate","symbology":"Dashed - red","mechanism":null},"geometry":{"type":"LineString","coordinates":[[123.4413,13.0633],[123.4429,13.0626]]}},{"type":"Feature","properties":{"fault_name":"Legaspi Lineament","segment_name":"Bato Segment","fault_class":"Active Fault","trace_type":"Approximate - Downthrown Area","symbology":"Dashed (Hachured - S) - red","mechanism":null},"geometry":{"type":"LineString","coordinates":[[123.3725,13.3498],[123.3739,13.3493],[123.3757,13.3487]]}},{"type":"Feature","properties":{"fault_name":"Legaspi Lineament","segment_name":"San Vicente - Linao Segment","fault_class":"Active Fault","trace_type":"Approximate","symbology":"Dashed - red","mechanism":null},"geometry":{"type":"LineString","coordinates":[[123.3554,13.2985],[123.3572,13.2976],[123.3588,13.2964]]}},{"type":"Feature","properties":{"fault_name":"Legaspi Lineament","segment_name":"Bato Segment","fault_class":"Active Fault","trace_type":"Approximate","symbology":"Dashed - red","mechanism":null},"geometry":{"type":"MultiLineString","coordinates":[[[123.4814,13.3054],[123.4797,13.3059],[123.4765,13.3076],[123.4757,13.3082],[123.4734,13.3106],[123.4721,13.3117],[123.4686,13.3137],[123.4674,13.3141],[123.4616,13.315],[123.4575,13.3164],[123.4445,13.322],[123.4396,13.3233],[123.4375,13.3236],[123.4337,13.3249],[123.4315,13.3254],[123.4216,13.3261],[123.4201,13.3263],[123.4155,13.329],[123.4139,13.3297],[123.4108,13.3318],[123.4076,13.3342]],[[123.4076,13.3342],[123.4025,13.3371]]]}},{"type":"Feature","properties":{"fault_name":"Panganiran Fault","segment_name":null,"fault_class":"Active Fault","trace_type":"Approximate","symbology":"Dashed - red","mechanism":null},"geometry":{"type":"LineString","coordinates":[[123.4791,13.0083],[123.4786,13.0091]]}},{"type":"Feature","properties":{"fault_name":"Panganiran Fault","segment_name":null,"fault_class":"Active Fault","trace_type":"Certain","symbology":"Solid - red","mechanism":null},"geometry":{"type":"LineString","coordinates":[[123.3987,13.0904],[123.3989,13.0891]]}},{"type":"Feature","properties":{"fault_name":"Panganiran Fault","segment_name":null,"fault_class":"Active Fault","trace_type":"Certain","symbology":"Solid - red","mechanism":null},"geometry":{"type":"LineString","coordinates":[[123.5735,12.9021],[123.5706,12.9057],[123.5645,12.9116],[123.5534,12.9231],[123.5505,12.9254]]}},{"type":"Feature","properties":{"fault_name":"Panganiran Fault","segment_name":null,"fault_class":"Active Fault","trace_type":"Certain","symbology":"Solid - red","mechanism":null},"geometry":{"type":"LineString","coordinates":[[123.4175,13.0636],[123.4181,13.0624],[123.4192,13.0614]]}},{"type":"Feature","properties":{"fault_name":"Legaspi Lineament","segment_name":"Offshore extension 2","fault_class":"Active Fault","trace_type":"Approximate","symbology":"Dashed - red","mechanism":null},"geometry":{"type":"LineString","coordinates":[[124.4215,13.0721],[124.3958,13.0732],[124.3877,13.075],[124.3782,13.0775],[124.3711,13.0807],[124.365,13.085],[124.3605,13.0875],[124.3548,13.09],[124.3455,13.0923],[124.3177,13.1011],[124.2784,13.1116],[124.2688,13.1131],[124.2198,13.1219],[124.1478,13.1311],[124.1458,13.1315],[124.1182,13.1407],[124.1131,13.1431],[124.0922,13.1573],[124.0796,13.1696],[124.0736,13.1743],[124.0655,13.1791],[124.0618,13.1804],[124.059,13.1812],[124.037,13.1853],[124.0145,13.1925],[123.9875,13.2032],[123.9802,13.2052],[123.9628,13.2076],[123.9612,13.2076],[123.9471,13.2068],[123.9405,13.2058],[123.9297,13.2024],[123.9186,13.201],[123.7899,13.2115]]}},{"type":"Feature","properties":{"fault_name":"Panganiran Fault","segment_name":null,"fault_class":"Active Fault","trace_type":"Approximate","symbology":"Dashed - red","mechanism":null},"geometry":{"type":"LineString","coordinates":[[123.5085,12.9655],[123.5121,12.9623],[123.5133,12.9608],[123.5141,12.9595],[123.5187,12.9548]]}},{"type":"Feature","properties":{"fault_name":"Batangas Bay Fault","segment_name":null,"fault_class":"Active Fault","trace_type":"Approximate","symbology":"Dashed - red","mechanism":"Strike-Slip"},"geometry":{"type":"LineString","coordinates":[[121.0007,13.6137],[121.0045,13.6105],[121.0078,13.6081]]}},{"type":"Feature","properties":{"fault_name":"North Verde Fault System","segment_name":null,"fault_class":"Active Fault","trace_type":"Certain","symbology":"Solid - red","mechanism":"Strike-Slip"},"geometry":{"type":"LineString","coordinates":[[121.1791,13.5954],[121.1825,13.5957]]}},{"type":"Feature","properties":{"fault_name":"Philippine Fault","segment_name":"Masbate Segment Offshore Extension","fault_class":"Active Fault","trace_type":"Approximate","symbology":"Dashed - red","mechanism":"Strike-Slip"},"geometry":{"type":"LineString","coordinates":[[124.1314,11.7927],[124.1252,11.7991],[124.1195,11.8155],[124.1167,11.8255],[124.1119,11.8364],[124.1057,11.8479],[124.0933,11.8693]]}},{"type":"Feature","properties":{"fault_name":"Philippine Fault","segment_name":"Burias Segment","fault_class":"Active Fault","trace_type":"Approximate","symbology":"Dashed - red","mechanism":"Strike-Slip"},"geometry":{"type":"LineString","coordinates":[[123.3757,12.7685],[123.3799,12.7652],[123.3827,12.7621]]}},{"type":"Feature","properties":{"fault_name":"Philippine Fault","segment_name":"Masbate Segment Offshore Extension","fault_class":"Active Fault","trace_type":"Approximate","symbology":"Dashed - red","mechanism":"Strike-Slip"},"geometry":{"type":"LineString","coordinates":[[123.4315,12.8124],[123.4286,12.8186],[123.4238,12.8255],[123.4208,12.8304],[123.418,12.8362],[123.4171,12.8424],[123.4155,12.8473],[123.4122,12.8528]]}},{"type":"Feature","properties":{"fault_name":"Philippine Fault","segment_name":"Burias Segment","fault_class":"Active Fault","trace_type":"Approximate","symbology":"Dashed - red","mechanism":"Strike-Slip"},"geometry":{"type":"LineString","coordinates":[[123.3575,12.7834],[123.3616,12.7795],[123.3627,12.7775],[123.3683,12.7717]]}},{"type":"Feature","properties":{"fault_name":"Philippine Fault","segment_name":"Masbate Segment Offshore Extension","fault_class":"Active Fault","trace_type":"Approximate","symbology":"Dashed - red","mechanism":"Strike-Slip"},"geometry":{"type":"LineString","coordinates":[[123.515,12.6094],[123.5355,12.5919],[123.5483,12.5818]]}},{"type":"Feature","properties":{"fault_name":"Philippine Fault","segment_name":"Masbate Segment Offshore Extension","fault_class":"Active Fault","trace_type":"Approximate","symbology":"Dashed - red","mechanism":"Strike-Slip"},"geometry":{"type":"LineString","coordinates":[[124.0315,11.9713],[124.0329,11.9696],[124.0336,11.9679]]}},{"type":"Feature","properties":{"fault_name":"Philippine Fault","segment_name":"Masbate Segment Offshore Extension","fault_class":"Active Fault","trace_type":"Approximate","symbology":"Dashed - red","mechanism":"Strike-Slip"},"geometry":{"type":"LineString","coordinates":[[124.0471,11.9465],[124.0447,11.9494],[124.043,11.9525],[124.042,11.9533]]}},{"type":"Feature","properties":{"fault_name":"Philippine Fault","segment_name":"Burias Segment","fault_class":"Active Fault","trace_type":"Approximate","symbology":"Dashed - red","mechanism":"Strike-Slip"},"geometry":{"type":"LineString","coordinates":[[123.4069,12.7287],[123.404,12.732],[123.4009,12.735],[123.3981,12.7388],[123.3953,12.7444],[123.3936,12.7467],[123.392,12.7482]]}},{"type":"Feature","properties":{"fault_name":"Philippine Fault","segment_name":"Masbate Segment Offshore Extension","fault_class":"Active Fault","trace_type":"Approximate","symbology":"Dashed - red","mechanism":"Strike-Slip"},"geometry":{"type":"LineString","coordinates":[[123.8533,12.2184],[123.851,12.2218]]}},{"type":"Feature","properties":{"fault_name":"Philippine Fault","segment_name":"Masbate Segment Offshore Extension","fault_class":"Active Fault","trace_type":"Approximate","symbology":"Dashed - red","mechanism":"Strike-Slip"},"geometry":{"type":"LineString","coordinates":[[123.627,12.5036],[123.6542,12.4754],[123.684,12.4391],[123.7122,12.4108],[123.7723,12.3234],[123.8041,12.2779]]}},{"type":"Feature","properties":{"fault_name":"Philippine Fault","segment_name":"Masbate Segment Offshore Extension","fault_class":"Active Fault","trace_type":"Approximate","symbology":"Dashed - red","mechanism":"Strike-Slip"},"geometry":{"type":"LineString","coordinates":[[124.0278,11.9747],[124.0263,11.9754]]}},{"type":"Feature","properties":{"fault_name":"Philippine Fault","segment_name":"Masbate Segment Offshore Extension","fault_class":"Active Fault","trace_type":"Approximate","symbology":"Dashed - red","mechanism":"Strike-Slip"},"geometry":{"type":"LineString","coordinates":[[123.5477,12.5797],[123.5545,12.5782],[123.5596,12.5755],[123.5643,12.5717],[123.5694,12.5654],[123.5789,12.5556]]}},{"type":"Feature","properties":{"fault_name":"Philippine Fault","segment_name":"Masbate Segment Offshore Extension","fault_class":"Active Fault","trace_type":"Approximate","symbology":"Dashed - red","mechanism":"Strike-Slip"},"geometry":{"type":"LineString","coordinates":[[124.0259,11.9747],[124.0263,11.9742],[124.0269,11.9739]]}},{"type":"Feature","properties":{"fault_name":"Philippine Fault","segment_name":"Masbate Segment Offshore Extension","fault_class":"Active Fault","trace_type":"Approximate","symbology":"Dashed - red","mechanism":"Strike-Slip"},"geometry":{"type":"LineString","coordinates":[[124.0194,11.9655],[124.023,11.9593],[124.0254,11.9538],[124.0275,11.9508],[124.0289,11.9492],[124.0309,11.9476]]}},{"type":"Feature","properties":{"fault_name":"Philippine Fault","segment_name":"Burias Segment","fault_class":"Active Fault","trace_type":"Certain","symbology":"Solid - red","mechanism":"Strike-Slip"},"geometry":{"type":"LineString","coordinates":[[123.3683,12.7717],[123.372,12.7706],[123.3757,12.7685]]}},{"type":"Feature","properties":{"fault_name":"Philippine Fault","segment_name":"Masbate Segment Offshore Extension","fault_class":"Active Fault","trace_type":"Certain","symbology":"Solid - red","mechanism":"Strike-Slip"},"geometry":{"type":"LineString","coordinates":[[124.0146,12.0012],[124.0143,12.0016],[124.0135,12.0021]]}},{"type":"Feature","properties":{"fault_name":"Philippine Fault","segment_name":"Masbate Segment Offshore Extension","fault_class":"Active Fault","trace_type":"Certain","symbology":"Solid - red","mechanism":"Strike-Slip"},"geometry":{"type":"LineString","coordinates":[[123.457,12.7658],[123.4588,12.7601],[123.4604,12.7557],[123.4617,12.7509],[123.4656,12.7454],[123.472,12.7407],[123.473,12.739],[123.4739,12.7371],[123.4759,12.7359],[123.4799,12.7341]]}},{"type":"Feature","properties":{"fault_name":"Philippine Fault","segment_name":"Masbate Segment Offshore Extension","fault_class":"Active Fault","trace_type":"Certain","symbology":"Solid - red","mechanism":"Strike-Slip"},"geometry":{"type":"LineString","coordinates":[[124.0669,11.8868],[124.0645,11.8909],[124.0621,11.8938],[124.0587,11.8998],[124.0578,11.9005],[124.0562,11.902],[124.055,11.9038],[124.0537,11.9071],[124.0517,11.9098],[124.0503,11.9127],[124.0495,11.9139],[124.0481,11.9154],[124.0465,11.9164],[124.0448,11.9184],[124.042,11.9223]]}},{"type":"Feature","properties":{"fault_name":"Philippine Fault","segment_name":"Burias Segment","fault_class":"Active Fault","trace_type":"Certain","symbology":"Solid - red","mechanism":"Strike-Slip"},"geometry":{"type":"LineString","coordinates":[[123.4342,12.6936],[123.4364,12.6906],[123.4387,12.6888],[123.4416,12.6859],[123.4452,12.683],[123.4496,12.6807],[123.4542,12.6785],[123.4609,12.677],[123.4672,12.6765]]}},{"type":"Feature","properties":{"fault_name":"Philippine Fault","segment_name":"Masbate Segment Offshore Extension","fault_class":"Active Fault","trace_type":"Certain","symbology":"Solid - red","mechanism":"Strike-Slip"},"geometry":{"type":"LineString","coordinates":[[124.0641,11.9169],[124.0605,11.9193],[124.0568,11.922],[124.0562,11.9231],[124.0557,11.925],[124.0554,11.9279],[124.0517,11.9391],[124.0497,11.9434]]}},{"type":"Feature","properties":{"fault_name":"Philippine Fault","segment_name":"Masbate Segment Offshore Extension","fault_class":"Active Fault","trace_type":"Certain","symbology":"Solid - red","mechanism":"Strike-Slip"},"geometry":{"type":"LineString","coordinates":[[123.8448,12.2301],[123.8492,12.2258],[123.8532,12.2205],[123.8538,12.2193]]}},{"type":"Feature","properties":{"fault_name":"Philippine Fault","segment_name":"Masbate Segment Offshore Extension","fault_class":"Active Fault","trace_type":"Certain","symbology":"Solid - red","mechanism":"Strike-Slip"},"geometry":{"type":"LineString","coordinates":[[123.8052,12.2789],[123.8079,12.275],[123.8108,12.2698]]}},{"type":"Feature","properties":{"fault_name":"Philippine Fault","segment_name":"Masbate Segment Offshore Extension","fault_class":"Active Fault","trace_type":"Certain","symbology":"Solid - red","mechanism":"Strike-Slip"},"geometry":{"type":"LineString","coordinates":[[124.0148,11.995],[124.013,11.9978],[124.0125,11.9983]]}},{"type":"Feature","properties":{"fault_name":"Philippine Fault","segment_name":"Masbate Segment Offshore Extension","fault_class":"Active Fault","trace_type":"Certain","symbology":"Solid - red","mechanism":"Strike-Slip"},"geometry":{"type":"LineString","coordinates":[[124.0021,11.9827],[124.0006,11.9862],[123.9994,11.9881],[123.9996,11.9898],[124.0005,11.9919],[124.0008,11.9934],[124.0003,11.9953]]}},{"type":"Feature","properties":{"fault_name":"Philippine Fault","segment_name":"Masbate Segment Offshore Extension","fault_class":"Active Fault","trace_type":"Certain","symbology":"Solid - red","mechanism":"Strike-Slip"},"geometry":{"type":"LineString","coordinates":[[124.0132,12.0014],[124.0117,12.0031]]}},{"type":"Feature","properties":{"fault_name":"Philippine Fault","segment_name":"Masbate Segment Offshore Extension","fault_class":"Active Fault","trace_type":"Certain","symbology":"Solid - red","mechanism":"Strike-Slip"},"geometry":{"type":"LineString","coordinates":[[124.0751,11.8931],[124.0729,11.8962],[124.0661,11.9108],[124.0653,11.913],[124.0646,11.9137],[124.0629,11.9144],[124.0623,11.9149],[124.0611,11.9159],[124.0602,11.9171]]}},{"type":"Feature","properties":{"fault_name":"Philippine Fault","segment_name":"Masbate Segment Offshore Extension","fault_class":"Active Fault","trace_type":"Certain","symbology":"Solid - red","mechanism":"Strike-Slip"},"geometry":{"type":"LineString","coordinates":[[123.627,12.5036],[123.6149,12.523],[123.6103,12.5311],[123.6046,12.5419],[123.5995,12.5484],[123.5953,12.5544],[123.5891,12.564],[123.5783,12.5761],[123.5636,12.5946],[123.5593,12.603],[123.5547,12.6074],[123.5485,12.6195],[123.5416,12.6247],[123.5389,12.6293],[123.5378,12.6318],[123.5348,12.6365],[123.5291,12.643],[123.5266,12.6577],[123.5246,12.6628],[123.5184,12.6699],[123.5153,12.6739],[123.514,12.6794],[123.5124,12.6901],[123.5094,12.6975],[123.5049,12.7054],[123.4968,12.714],[123.4858,12.7239],[123.4808,12.7297]]}},{"type":"Feature","properties":{"fault_name":"Philippine Fault","segment_name":"Masbate Segment Offshore Extension","fault_class":"Active Fault","trace_type":"Certain","symbology":"Solid - red","mechanism":"Strike-Slip"},"geometry":{"type":"LineString","coordinates":[[124.0259,11.9747],[124.0245,11.9774],[124.023,11.9789],[124.0215,11.9801],[124.0186,11.981],[124.0177,11.9815],[124.0168,11.9826]]}},{"type":"Feature","properties":{"fault_name":"Philippine Fault","segment_name":"Masbate Segment Offshore Extension","fault_class":"Active Fault","trace_type":"Certain","symbology":"Solid - red","mechanism":"Strike-Slip"},"geometry":{"type":"LineString","coordinates":[[124.0509,11.9353],[124.0498,11.9391],[124.0493,11.9398]]}},{"type":"Feature","properties":{"fault_name":"Philippine Fault","segment_name":"Masbate Segment Offshore Extension","fault_class":"Active Fault","trace_type":"Certain","symbology":"Solid - red","mechanism":"Strike-Slip"},"geometry":{"type":"LineString","coordinates":[[124.0391,11.9397],[124.0369,11.942],[124.036,11.9426],[124.0336,11.9436],[124.0329,11.944],[124.0321,11.9452],[124.0315,11.9467],[124.0309,11.9476]]}},{"type":"Feature","properties":{"fault_name":"Philippine Fault","segment_name":"Masbate Segment Offshore Extension","fault_class":"Active Fault","trace_type":"Certain","symbology":"Solid - red","mechanism":"Strike-Slip"},"geometry":{"type":"LineString","coordinates":[[124.0106,12.0053],[124.011,12.0047],[124.0117,12.0031]]}},{"type":"Feature","properties":{"fault_name":"Philippine Fault","segment_name":"Masbate Segment Offshore Extension","fault_class":"Active Fault","trace_type":"Certain","symbology":"Solid - red","mechanism":"Strike-Slip"},"geometry":{"type":"LineString","coordinates":[[124.0315,11.9713],[124.0304,11.9728],[124.0278,11.9747]]}},{"type":"Feature","properties":{"fault_name":"Philippine Fault","segment_name":"Masbate Segment Offshore Extension","fault_class":"Active Fault","trace_type":"Certain","symbology":"Solid - red","mechanism":"Strike-Slip"},"geometry":{"type":"LineString","coordinates":[[124.0138,12.0002],[124.0136,12.0008],[124.0132,12.0014]]}},{"type":"Feature","properties":{"fault_name":"Philippine Fault","segment_name":"Burias Segment","fault_class":"Active Fault","trace_type":"Certain","symbology":"Solid - red","mechanism":"Strike-Slip"},"geometry":{"type":"LineString","coordinates":[[123.4069,12.7287],[123.4088,12.7269],[123.4165,12.7178],[123.4216,12.7122],[123.4254,12.7068],[123.4262,12.706],[123.4274,12.7052],[123.429,12.7047]]}},{"type":"Feature","properties":{"fault_name":"Philippine Fault","segment_name":"Masbate Segment Offshore Extension","fault_class":"Active Fault","trace_type":"Certain","symbology":"Solid - red","mechanism":"Strike-Slip"},"geometry":{"type":"LineString","coordinates":[[124.015,11.9957],[124.015,11.9962],[124.012,12.0011]]}},{"type":"Feature","properties":{"fault_name":"Philippine Fault","segment_name":"Masbate Segment Offshore Extension","fault_class":"Active Fault","trace_type":"Certain","symbology":"Solid - red","mechanism":"Strike-Slip"},"geometry":{"type":"LineString","coordinates":[[124.0438,11.9215],[124.0452,11.9202],[124.0479,11.9165],[124.0495,11.915],[124.053,11.9091],[124.0548,11.9071],[124.0567,11.9028],[124.0602,11.899],[124.0619,11.8964],[124.0623,11.8955]]}},{"type":"Feature","properties":{"fault_name":"Philippine Fault","segment_name":"Masbate Segment Offshore Extension","fault_class":"Active Fault","trace_type":"Certain","symbology":"Solid - red","mechanism":"Strike-Slip"},"geometry":{"type":"LineString","coordinates":[[123.4683,12.7692],[123.4705,12.763],[123.4701,12.7598],[123.4706,12.756],[123.4714,12.7536],[123.4727,12.7515],[123.4743,12.7497],[123.4767,12.7484],[123.48,12.7471],[123.4807,12.7466]]}},{"type":"Feature","properties":{"fault_name":"Philippine Fault","segment_name":"Masbate Segment Offshore Extension","fault_class":"Active Fault","trace_type":"Certain","symbology":"Solid - red","mechanism":"Strike-Slip"},"geometry":{"type":"LineString","coordinates":[[123.8639,12.2023],[123.8599,12.2072],[123.8569,12.2121],[123.8553,12.2136],[123.8545,12.214],[123.8534,12.2152],[123.8518,12.2173],[123.8509,12.2188],[123.8479,12.2224],[123.8347,12.2395],[123.8308,12.2444],[123.8301,12.2449],[123.8257,12.2515],[123.8097,12.2706],[123.8041,12.2779]]}},{"type":"Feature","properties":{"fault_name":"Philippine Fault","segment_name":"Burias Segment","fault_class":"Active Fault","trace_type":"Certain","symbology":"Solid - red","mechanism":"Strike-Slip"},"geometry":{"type":"LineString","coordinates":[[123.3397,12.7984],[123.3429,12.7961],[123.3447,12.7943],[123.3478,12.7896],[123.3506,12.7877],[123.3542,12.7859],[123.3582,12.7848],[123.3584,12.7847]]}},{"type":"Feature","properties":{"fault_name":"Philippine Fault","segment_name":"Masbate Segment Offshore Extension","fault_class":"Active Fault","trace_type":"Certain","symbology":"Solid - red","mechanism":"Strike-Slip"},"geometry":{"type":"LineString","coordinates":[[124.0135,12.0021],[124.0119,12.0036]]}},{"type":"Feature","properties":{"fault_name":"Philippine Fault","segment_name":"Masbate-Leyte Offshore Segment","fault_class":"Active Fault","trace_type":"Approximate","symbology":"Dashed - red","mechanism":"Strike-Slip"},"geometry":{"type":"LineString","coordinates":[[124.1479,11.7998],[124.1524,11.7909],[124.159,11.7761],[124.1647,11.7656],[124.1734,11.7549],[124.1804,11.7465],[124.1877,11.7401],[124.195,11.7317],[124.2025,11.7205],[124.2194,11.6932],[124.2271,11.6836],[124.2337,11.6768],[124.2406,11.6685]]}},{"type":"Feature","properties":{"fault_name":"Philippine Fault","segment_name":"Masbate-Leyte Offshore Segment","fault_class":"Active Fault","trace_type":"Approximate","symbology":"Dashed - red","mechanism":"Strike-Slip"},"geometry":{"type":"LineString","coordinates":[[124.1479,11.7998],[124.1449,11.8046],[124.1432,11.8135]]}},{"type":"Feature","properties":{"fault_name":"Philippine Fault","segment_name":"Masbate Segment Offshore Extension","fault_class":"Active Fault","trace_type":"Certain","symbology":"Solid - red","mechanism":"Strike-Slip"},"geometry":{"type":"LineString","coordinates":[[124.0109,12.0026],[124.0097,12.0044]]}},{"type":"Feature","properties":{"fault_name":"Philippine Fault","segment_name":"Burias Segment","fault_class":"Active Fault","trace_type":"Certain","symbology":"Solid - red","mechanism":"Strike-Slip"},"geometry":{"type":"LineString","coordinates":[[123.4255,12.7055],[123.4285,12.7012],[123.4329,12.6967],[123.4344,12.6952],[123.4361,12.6939],[123.4369,12.6935]]}},{"type":"Feature","properties":{"fault_name":"Philippine Fault","segment_name":"Masbate Segment Offshore Extension","fault_class":"Active Fault","trace_type":"Certain","symbology":"Solid - red","mechanism":"Strike-Slip"},"geometry":{"type":"LineString","coordinates":[[124.0143,11.9919],[124.0174,11.9853],[124.0177,11.984],[124.0182,11.9832]]}},{"type":"Feature","properties":{"fault_name":"Philippine Fault","segment_name":"Masbate Segment Offshore Extension","fault_class":"Active Fault","trace_type":"Certain","symbology":"Solid - red","mechanism":"Strike-Slip"},"geometry":{"type":"LineString","coordinates":[[124.0865,11.8818],[124.0772,11.8947],[124.0739,11.8999],[124.0677,11.913],[124.0651,11.9161],[124.0633,11.9173]]}},{"type":"Feature","properties":{"fault_name":"Philippine Fault","segment_name":"Masbate Segment Offshore Extension","fault_class":"Active Fault","trace_type":"Certain","symbology":"Solid - red","mechanism":"Strike-Slip"},"geometry":{"type":"LineString","coordinates":[[124.042,11.9533],[124.0409,11.9543],[124.0401,11.9555],[124.0405,11.9586]]}},{"type":"Feature","properties":{"fault_name":"Philippine Fault","segment_name":"Masbate Segment Offshore Extension","fault_class":"Active Fault","trace_type":"Certain","symbology":"Solid - red","mechanism":"Strike-Slip"},"geometry":{"type":"LineString","coordinates":[[124.0399,11.9582],[124.0404,11.9576]]}},{"type":"Feature","properties":{"fault_name":"Philippine Fault","segment_name":"Burias Segment","fault_class":"Active Fault","trace_type":"Certain","symbology":"Solid - red","mechanism":"Strike-Slip"},"geometry":{"type":"LineString","coordinates":[[123.392,12.7482],[123.3909,12.7501],[123.39,12.7519],[123.3893,12.7529],[123.3869,12.7548],[123.385,12.7582],[123.3847,12.7597],[123.3827,12.7621]]}},{"type":"Feature","properties":{"fault_name":"Philippine Fault","segment_name":"Masbate Segment Offshore Extension","fault_class":"Active Fault","trace_type":"Certain","symbology":"Solid - red","mechanism":"Strike-Slip"},"geometry":{"type":"LineString","coordinates":[[124.0446,11.9259],[124.0467,11.9233],[124.048,11.9212],[124.0491,11.919],[124.0499,11.9176],[124.0516,11.9155],[124.0568,11.9098],[124.0576,11.9081]]}},{"type":"Feature","properties":{"fault_name":"Philippine Fault","segment_name":"Masbate Segment Offshore Extension","fault_class":"Active Fault","trace_type":"Certain","symbology":"Solid - red","mechanism":"Strike-Slip"},"geometry":{"type":"LineString","coordinates":[[124.0399,11.9582],[124.0374,11.962],[124.0365,11.9627],[124.0329,11.9672],[124.0306,11.9687]]}},{"type":"Feature","properties":{"fault_name":"Philippine Fault","segment_name":"Masbate Segment Offshore Extension","fault_class":"Active Fault","trace_type":"Certain","symbology":"Solid - red","mechanism":"Strike-Slip"},"geometry":{"type":"LineString","coordinates":[[124.0143,11.9919],[124.0124,11.9964],[124.0111,11.9978]]}},{"type":"Feature","properties":{"fault_name":"Philippine Fault","segment_name":"Masbate Segment Offshore Extension","fault_class":"Active Fault","trace_type":"Certain","symbology":"Solid - red","mechanism":"Strike-Slip"},"geometry":{"type":"LineString","coordinates":[[124.011,12.0053],[124.0119,12.0036]]}},{"type":"Feature","properties":{"fault_name":"Philippine Fault","segment_name":"Masbate Segment Offshore Extension","fault_class":"Active Fault","trace_type":"Certain","symbology":"Solid - red","mechanism":"Strike-Slip"},"geometry":{"type":"LineString","coordinates":[[124.012,12.0011],[124.0109,12.0026]]}},{"type":"Feature","properties":{"fault_name":"Philippine Fault","segment_name":"Masbate Segment Offshore Extension","fault_class":"Active Fault","trace_type":"Certain","symbology":"Solid - red","mechanism":"Strike-Slip"},"geometry":{"type":"LineString","coordinates":[[124.0751,11.8931],[124.0766,11.8915]]}},{"type":"Feature","properties":{"fault_name":"Philippine Fault","segment_name":"Masbate Segment Offshore Extension","fault_class":"Active Fault","trace_type":"Certain","symbology":"Solid - red","mechanism":"Strike-Slip"},"geometry":{"type":"LineString","coordinates":[[124.0405,11.9586],[124.0394,11.9611],[124.0379,11.9632],[124.0351,11.9662],[124.0336,11.9679]]}},{"type":"Feature","properties":{"fault_name":"Philippine Fault","segment_name":"Masbate Segment Offshore Extension","fault_class":"Active Fault","trace_type":"Certain","symbology":"Solid - red","mechanism":"Strike-Slip"},"geometry":{"type":"LineString","coordinates":[[123.8569,12.212],[123.8552,12.2157]]}},{"type":"Feature","properties":{"fault_name":"Philippine Fault","segment_name":"Masbate Segment Offshore Extension","fault_class":"Active Fault","trace_type":"Certain","symbology":"Solid - red","mechanism":"Strike-Slip"},"geometry":{"type":"LineString","coordinates":[[124.0497,11.9434],[124.0495,11.9443],[124.0491,11.9449],[124.0471,11.9465]]}},{"type":"Feature","properties":{"fault_name":"Philippine Fault","segment_name":"Biliran Strait Segment","fault_class":"Active Fault","trace_type":"Approximate","symbology":"Dashed - red","mechanism":"Strike-Slip"},"geometry":{"type":"LineString","coordinates":[[124.2296,11.7018],[124.2278,11.7061]]}},{"type":"Feature","properties":{"fault_name":"Philippine Fault","segment_name":"Biliran Strait Segment","fault_class":"Active Fault","trace_type":"Approximate","symbology":"Dashed - red","mechanism":"Strike-Slip"},"geometry":{"type":"LineString","coordinates":[[124.2203,11.7297],[124.2237,11.7256],[124.2289,11.7188],[124.2342,11.7101],[124.2362,11.7045],[124.2535,11.6798],[124.2779,11.6589],[124.308,11.6125],[124.3184,11.5887],[124.3308,11.5711],[124.3565,11.5435],[124.3784,11.5245],[124.4127,11.4883],[124.4365,11.4541]]}},{"type":"Feature","properties":{"fault_name":"Unnamed Fault","segment_name":"Unnamed Fault","fault_class":"Active Fault","trace_type":"Approximate","symbology":"Dashed - red","mechanism":"Strike-Slip"},"geometry":{"type":"LineString","coordinates":[[124.1052,11.658],[124.1131,11.6492],[124.1276,11.6379]]}},{"type":"Feature","properties":{"fault_name":"Philippine Fault","segment_name":"Biliran Strait Segment","fault_class":"Active Fault","trace_type":"Approximate","symbology":"Dashed - red","mechanism":"Strike-Slip"},"geometry":{"type":"LineString","coordinates":[[124.2278,11.7061],[124.2227,11.7133],[124.2195,11.7168],[124.2159,11.7227]]}},{"type":"Feature","properties":{"fault_name":"Unnamed Fault","segment_name":"Unnamed Fault","fault_class":"Active Fault","trace_type":"Approximate","symbology":"Dashed - red","mechanism":"Strike-Slip"},"geometry":{"type":"LineString","coordinates":[[124.1052,11.658],[124.1036,11.6609]]}},{"type":"Feature","properties":{"fault_name":"Unnamed Fault","segment_name":"Unnamed Fault","fault_class":"Active Fault","trace_type":"Approximate","symbology":"Dashed - red","mechanism":"Strike-Slip"},"geometry":{"type":"LineString","coordinates":[[124.1036,11.6609],[124.0676,11.6955],[124.0476,11.7164],[124.0224,11.7498]]}},{"type":"Feature","properties":{"fault_name":"Philippine Fault","segment_name":"Biliran Strait Segment","fault_class":"Active Fault","trace_type":"Approximate","symbology":"Dashed - red","mechanism":"Strike-Slip"},"geometry":{"type":"LineString","coordinates":[[124.2296,11.7018],[124.2317,11.6976],[124.2353,11.6925],[124.2389,11.6889],[124.2392,11.6889]]}},{"type":"Feature","properties":{"fault_name":"Panganiran Fault","segment_name":"Panganiran Fault Offshore Extension","fault_class":"Active Fault","trace_type":"Certain","symbology":"Solid - red","mechanism":"Strike-Slip"},"geometry":{"type":"LineString","coordinates":[[123.652,12.6895],[123.6466,12.6992],[123.6403,12.7118],[123.6309,12.7341],[123.6261,12.7468],[123.6225,12.7543],[123.6131,12.7691]]}},{"type":"Feature","properties":{"fault_name":"Panganiran Fault","segment_name":"Panganiran Fault Offshore Extension","fault_class":"Active Fault","trace_type":"Certain","symbology":"Solid - red","mechanism":"Strike-Slip"},"geometry":{"type":"LineString","coordinates":[[123.6451,12.7271],[123.6567,12.7085],[123.6615,12.6998],[123.6686,12.69],[123.6731,12.685],[123.684,12.6743]]}},{"type":"Feature","properties":{"fault_name":"Panganiran Fault","segment_name":"Panganiran Fault Offshore Extension","fault_class":"Active Fault","trace_type":"Certain","symbology":"Solid - red","mechanism":"Strike-Slip"},"geometry":{"type":"LineString","coordinates":[[123.5735,12.9021],[123.5836,12.8838],[123.5949,12.8658],[123.605,12.8446],[123.6107,12.8338],[123.6191,12.8171],[123.6216,12.8082],[123.6235,12.8002],[123.6276,12.7945],[123.6326,12.7869],[123.6366,12.7767]]}},{"type":"Feature","properties":{"fault_name":"Panganiran Fault","segment_name":"Panganiran Fault Offshore Extension","fault_class":"Active Fault","trace_type":"Certain","symbology":"Solid - red","mechanism":"Strike-Slip"},"geometry":{"type":"LineString","coordinates":[[123.61,12.8024],[123.6144,12.7952],[123.6155,12.7916],[123.617,12.7883],[123.6195,12.7843],[123.6211,12.7807],[123.6238,12.7757],[123.628,12.7715],[123.6339,12.7644],[123.6369,12.7593],[123.6419,12.7542],[123.6444,12.7501]]}},{"type":"Feature","properties":{"fault_name":"Panganiran Fault","segment_name":"Panganiran Fault Offshore Extension","fault_class":"Active Fault","trace_type":"Certain","symbology":"Solid - red","mechanism":"Strike-Slip"},"geometry":{"type":"LineString","coordinates":[[123.6458,12.7391],[123.6573,12.724],[123.6671,12.7132],[123.6795,12.7011]]}},{"type":"Feature","properties":{"fault_name":"Sibuyan Sea Fault","segment_name":"Sibuyan Sea Fault","fault_class":"Active Fault","trace_type":"Certain","symbology":"Solid - red","mechanism":"Strike-Slip"},"geometry":{"type":"LineString","coordinates":[[123.5319,12.525],[123.5291,12.5257],[123.5251,12.5272],[123.5185,12.5307],[123.5155,12.5325],[123.5141,12.534],[123.5068,12.5394],[123.4937,12.548],[123.4904,12.5507],[123.4861,12.5526],[123.4845,12.5536],[123.4823,12.5541],[123.4805,12.5549],[123.4792,12.5562],[123.4767,12.558]]}},{"type":"Feature","properties":{"fault_name":"Sibuyan Sea Fault","segment_name":"Sibuyan Sea Fault","fault_class":"Active Fault","trace_type":"Certain","symbology":"Solid - red","mechanism":"Strike-Slip"},"geometry":{"type":"LineString","coordinates":[[123.4652,12.5549],[123.4685,12.5552],[123.4718,12.5551],[123.4745,12.5547],[123.4785,12.5545],[123.4823,12.5541]]}},{"type":"Feature","properties":{"fault_name":"Sibuyan Sea Fault","segment_name":"Sibuyan Sea Fault","fault_class":"Active Fault","trace_type":"Certain","symbology":"Solid - red","mechanism":"Strike-Slip"},"geometry":{"type":"LineString","coordinates":[[123.5286,12.552],[123.5255,12.5548],[123.5231,12.5577],[123.52,12.561],[123.5179,12.5621],[123.5148,12.5646],[123.5074,12.5692],[123.5008,12.5754],[123.4974,12.578],[123.4948,12.5782],[123.4919,12.5775],[123.4883,12.577],[123.485,12.5756],[123.4803,12.5754],[123.4786,12.5756]]}},{"type":"Feature","properties":{"fault_name":"Sibuyan Sea Fault","segment_name":"Sibuyan Sea Fault","fault_class":"Active Fault","trace_type":"Certain","symbology":"Solid - red","mechanism":"Strike-Slip"},"geometry":{"type":"LineString","coordinates":[[123.4786,12.5756],[123.4761,12.5759],[123.4739,12.5773],[123.4691,12.5811],[123.4665,12.5828],[123.4617,12.5842],[123.4576,12.587]]}},{"type":"Feature","properties":{"fault_name":"Sibuyan Sea Fault","segment_name":"Sibuyan Sea Fault","fault_class":"Active Fault","trace_type":"Certain","symbology":"Solid - red","mechanism":"Strike-Slip"},"geometry":{"type":"LineString","coordinates":[[123.4576,12.587],[123.453,12.5908],[123.4464,12.5946],[123.435,12.6026],[123.427,12.608],[123.4161,12.6133],[123.4116,12.6162],[123.4026,12.6229]]}},{"type":"Feature","properties":{"fault_name":"Sibuyan Sea Fault","segment_name":"Sibuyan Sea Fault","fault_class":"Active Fault","trace_type":"Certain","symbology":"Solid - red","mechanism":"Strike-Slip"},"geometry":{"type":"LineString","coordinates":[[123.4118,12.6114],[123.4065,12.6153],[123.4004,12.6191],[123.3939,12.6229]]}},{"type":"Feature","properties":{"fault_name":"Sibuyan Sea Fault","segment_name":"Sibuyan Sea Fault","fault_class":"Active Fault","trace_type":"Certain","symbology":"Solid - red","mechanism":"Strike-Slip"},"geometry":{"type":"LineString","coordinates":[[123.3888,12.6259],[123.3782,12.6318],[123.3709,12.6352],[123.3656,12.637],[123.3595,12.6395],[123.3536,12.6414],[123.3489,12.6439],[123.3413,12.6468]]}},{"type":"Feature","properties":{"fault_name":"Sibuyan Sea Fault","segment_name":"Sibuyan Sea Fault","fault_class":"Active Fault","trace_type":"Certain","symbology":"Solid - red","mechanism":"Strike-Slip"},"geometry":{"type":"LineString","coordinates":[[123.3269,12.6566],[123.3248,12.658],[123.3222,12.6593],[123.3182,12.6602],[123.3156,12.6611],[123.3071,12.6663],[123.3035,12.6674],[123.2998,12.6693],[123.257,12.6933],[123.2493,12.6964],[123.2436,12.6975],[123.2362,12.6981],[123.2251,12.701],[123.2193,12.7042],[123.197,12.7196],[123.1895,12.7262]]}},{"type":"Feature","properties":{"fault_name":"Sibuyan Sea Fault","segment_name":"Sibuyan Sea Fault","fault_class":"Active Fault","trace_type":"Certain","symbology":"Solid - red","mechanism":"Strike-Slip"},"geometry":{"type":"LineString","coordinates":[[123.247,12.6981],[123.2344,12.7041]]}},{"type":"Feature","properties":{"fault_name":"Sibuyan Sea Fault","segment_name":"Sibuyan Sea Fault","fault_class":"Active Fault","trace_type":"Certain","symbology":"Solid - red","mechanism":"Strike-Slip"},"geometry":{"type":"LineString","coordinates":[[123.1778,12.7327],[123.165,12.7419],[123.1547,12.7482],[123.1396,12.7569],[123.0908,12.7882],[123.074,12.7977],[123.0658,12.8027],[123.0555,12.8112],[123.0332,12.8266],[123.023,12.8353]]}},{"type":"Feature","properties":{"fault_name":"Sibuyan Sea Fault","segment_name":"Sibuyan Sea Fault","fault_class":"Active Fault","trace_type":"Certain","symbology":"Solid - red","mechanism":"Strike-Slip"},"geometry":{"type":"LineString","coordinates":[[123.1096,12.7891],[123.0916,12.7986],[123.081,12.8053]]}},{"type":"Feature","properties":{"fault_name":"Sibuyan Sea Fault","segment_name":"Sibuyan Sea Fault","fault_class":"Active Fault","trace_type":"Certain","symbology":"Solid - red","mechanism":"Strike-Slip"},"geometry":{"type":"LineString","coordinates":[[122.9035,12.9057],[122.9216,12.8926],[122.9442,12.8786],[122.9576,12.8709]]}},{"type":"Feature","properties":{"fault_name":"Sibuyan Sea Fault","segment_name":"Sibuyan Sea Fault","fault_class":"Active Fault","trace_type":"Certain","symbology":"Solid - red","mechanism":"Strike-Slip"},"geometry":{"type":"LineString","coordinates":[[122.8712,12.9244],[122.88,12.9192],[122.888,12.914]]}},{"type":"Feature","properties":{"fault_name":"Sibuyan Sea Fault","segment_name":"Sibuyan Sea Fault","fault_class":"Active Fault","trace_type":"Certain","symbology":"Solid - red","mechanism":"Strike-Slip"},"geometry":{"type":"LineString","coordinates":[[122.8436,12.9484],[122.84,12.9489],[122.8349,12.9513],[122.8204,12.965],[122.8166,12.9667],[122.8123,12.9683],[122.8078,12.9706],[122.8005,12.9765],[122.7926,12.9846],[122.7874,12.9918],[122.7873,12.9951],[122.7861,13.0031]]}},{"type":"Feature","properties":{"fault_name":"Sibuyan Sea Fault","segment_name":"Sibuyan Sea Fault","fault_class":"Active Fault","trace_type":"Certain","symbology":"Solid - red","mechanism":"Strike-Slip"},"geometry":{"type":"LineString","coordinates":[[122.7983,12.9714],[122.784,12.9864],[122.7792,12.9903],[122.7742,12.9929],[122.7714,12.9949],[122.7664,13.0007],[122.7624,13.007],[122.7574,13.0145],[122.7366,13.0358],[122.7337,13.0393],[122.7299,13.0405],[122.7254,13.0433],[122.7224,13.0479],[122.7209,13.0506],[122.7188,13.0568],[122.7158,13.0614]]}},{"type":"Feature","properties":{"fault_name":"Sibuyan Sea Fault","segment_name":"Sibuyan Sea Fault","fault_class":"Active Fault","trace_type":"Certain","symbology":"Solid - red","mechanism":"Strike-Slip"},"geometry":{"type":"LineString","coordinates":[[122.7576,13.0277],[122.7546,13.0351],[122.7494,13.0409],[122.7421,13.0482],[122.7353,13.0546]]}},{"type":"Feature","properties":{"fault_name":"Sibuyan Sea Fault","segment_name":"Sibuyan Sea Fault","fault_class":"Active Fault","trace_type":"Certain","symbology":"Solid - red","mechanism":"Strike-Slip"},"geometry":{"type":"LineString","coordinates":[[123.4632,12.6173],[123.4712,12.6114],[123.483,12.603]]}},{"type":"Feature","properties":{"fault_name":"Sibuyan Sea Fault","segment_name":"Sibuyan Sea Fault","fault_class":"Active Fault","trace_type":"Certain","symbology":"Solid - red","mechanism":"Strike-Slip"},"geometry":{"type":"LineString","coordinates":[[123.7813,12.2469],[123.7849,12.2426],[123.7879,12.2385]]}},{"type":"Feature","properties":{"fault_name":"Sibuyan Sea Fault","segment_name":"Sibuyan Sea Fault","fault_class":"Active Fault","trace_type":"Certain","symbology":"Solid - red","mechanism":"Strike-Slip"},"geometry":{"type":"LineString","coordinates":[[122.9576,12.8709],[122.9608,12.8651],[122.9647,12.8591],[122.9739,12.8517],[122.9862,12.8414],[122.9934,12.8344],[123.006,12.8261],[123.0134,12.823],[123.0179,12.8202]]}},{"type":"Feature","properties":{"fault_name":"Sibuyan Sea Fault","segment_name":"Sibuyan Sea Fault","fault_class":"Active Fault","trace_type":"Certain","symbology":"Solid - red","mechanism":"Strike-Slip"},"geometry":{"type":"LineString","coordinates":[[122.9966,12.8402],[123.006,12.8341]]}},{"type":"Feature","properties":{"fault_name":"Sibuyan Sea Fault","segment_name":"Sibuyan Sea Fault","fault_class":"Active Fault","trace_type":"Certain","symbology":"Solid - red","mechanism":"Strike-Slip"},"geometry":{"type":"LineString","coordinates":[[123.0384,12.8182],[123.0253,12.8255],[123.0164,12.8327],[123.0062,12.8392]]}},{"type":"Feature","properties":{"fault_name":"Sibuyan Sea Fault","segment_name":"Sibuyan Sea Fault","fault_class":"Active Fault","trace_type":"Certain","symbology":"Solid - red","mechanism":"Strike-Slip"},"geometry":{"type":"LineString","coordinates":[[123.1441,12.7504],[123.1525,12.7434],[123.1625,12.7377],[123.1716,12.7309],[123.1983,12.7077]]}},{"type":"Feature","properties":{"fault_name":"Sibuyan Sea Fault","segment_name":"Sibuyan Sea Fault","fault_class":"Active Fault","trace_type":"Approximate","symbology":"Dashed - red","mechanism":"Strike-Slip"},"geometry":{"type":"LineString","coordinates":[[123.0296,12.818],[123.037,12.8034],[123.0466,12.7921],[123.0525,12.7864]]}},{"type":"Feature","properties":{"fault_name":"Sibuyan Sea Fault","segment_name":"Sibuyan Sea Fault","fault_class":"Active Fault","trace_type":"Approximate","symbology":"Dashed - red","mechanism":"Strike-Slip"},"geometry":{"type":"LineString","coordinates":[[122.9993,12.8483],[123.023,12.8353]]}},{"type":"Feature","properties":{"fault_name":"Sibuyan Sea Fault","segment_name":"Sibuyan Sea Fault","fault_class":"Active Fault","trace_type":"Approximate","symbology":"Dashed - red","mechanism":"Strike-Slip"},"geometry":{"type":"LineString","coordinates":[[123.3939,12.6229],[123.3888,12.6259]]}},{"type":"Feature","properties":{"fault_name":"Sibuyan Sea Fault","segment_name":"Sibuyan Sea Fault","fault_class":"Active Fault","trace_type":"Approximate","symbology":"Dashed - red","mechanism":"Strike-Slip"},"geometry":{"type":"LineString","coordinates":[[122.9164,12.9105],[122.9109,12.9148],[122.9071,12.9175],[122.8963,12.9269],[122.888,12.9347],[122.8731,12.9483],[122.867,12.9536],[122.8623,12.9582],[122.8528,12.9669]]}},{"type":"Feature","properties":{"fault_name":"Sibuyan Sea Fault","segment_name":"Sibuyan Sea Fault","fault_class":"Active Fault","trace_type":"Approximate","symbology":"Dashed - red","mechanism":"Strike-Slip"},"geometry":{"type":"LineString","coordinates":[[123.569,12.5031],[123.5966,12.4738],[123.6423,12.4198],[123.6799,12.3741],[123.7303,12.322],[123.7634,12.2761],[123.7701,12.2642]]}},{"type":"Feature","properties":{"fault_name":"Sibuyan Sea Fault","segment_name":"Sibuyan Sea Fault","fault_class":"Active Fault","trace_type":"Approximate","symbology":"Dashed - red","mechanism":"Strike-Slip"},"geometry":{"type":"LineString","coordinates":[[122.8708,12.9248],[122.8592,12.9363],[122.854,12.9411],[122.847,12.9463],[122.8436,12.9484]]}},{"type":"Feature","properties":{"fault_name":"Sibuyan Sea Fault","segment_name":"Sibuyan Sea Fault","fault_class":"Active Fault","trace_type":"Approximate","symbology":"Dashed - red","mechanism":"Strike-Slip"},"geometry":{"type":"LineString","coordinates":[[122.4182,13.1772],[122.5508,13.1205],[122.5945,13.1012],[122.6379,13.0941],[122.6691,13.0848],[122.6882,13.0804],[122.7069,13.0726]]}},{"type":"Feature","properties":{"fault_name":"Sibuyan Sea Fault","segment_name":"Sibuyan Sea Fault","fault_class":"Active Fault","trace_type":"Approximate","symbology":"Dashed - red","mechanism":"Strike-Slip"},"geometry":{"type":"LineString","coordinates":[[123.5286,12.552],[123.5316,12.548],[123.535,12.5458],[123.5423,12.5423],[123.5438,12.5413]]}},{"type":"Feature","properties":{"fault_name":"Sibuyan Sea Fault","segment_name":"Sibuyan Sea Fault","fault_class":"Active Fault","trace_type":"Approximate","symbology":"Dashed - red","mechanism":"Strike-Slip"},"geometry":{"type":"LineString","coordinates":[[123.0525,12.7864],[123.0582,12.7817]]}},{"type":"Feature","properties":{"fault_name":"Sibuyan Sea Fault","segment_name":"Sibuyan Sea Fault","fault_class":"Active Fault","trace_type":"Approximate","symbology":"Dashed - red","mechanism":"Strike-Slip"},"geometry":{"type":"LineString","coordinates":[[122.8323,12.9791],[122.8242,12.9873],[122.815,12.9963],[122.8045,13.0033],[122.7988,13.0081],[122.7954,13.0138],[122.7937,13.0177],[122.7897,13.0211],[122.7853,13.0236],[122.7815,13.0271],[122.7734,13.0367],[122.7733,13.037]]}},{"type":"Feature","properties":{"fault_name":"Sibuyan Sea Fault","segment_name":"Sibuyan Sea Fault","fault_class":"Active Fault","trace_type":"Approximate","symbology":"Dashed - red","mechanism":"Strike-Slip"},"geometry":{"type":"LineString","coordinates":[[123.081,12.8053],[123.0648,12.8154],[123.055,12.8205]]}},{"type":"Feature","properties":{"fault_name":"Sibuyan Sea Fault","segment_name":"Sibuyan Sea Fault","fault_class":"Active Fault","trace_type":"Approximate","symbology":"Dashed - red","mechanism":"Strike-Slip"},"geometry":{"type":"LineString","coordinates":[[122.9035,12.9057],[122.896,12.9104],[122.888,12.914]]}},{"type":"Feature","properties":{"fault_name":"Sibuyan Sea Fault","segment_name":"Sibuyan Sea Fault","fault_class":"Active Fault","trace_type":"Approximate","symbology":"Dashed - red","mechanism":"Strike-Slip"},"geometry":{"type":"LineString","coordinates":[[122.9993,12.8483],[122.9682,12.8669]]}},{"type":"Feature","properties":{"fault_name":"Batangas Bay Fault","segment_name":null,"fault_class":"Active Fault","trace_type":"Certain","symbology":"Solid - red","mechanism":"Strike-Slip"},"geometry":{"type":"LineString","coordinates":[[121.0078,13.6081],[121.012,13.6053],[121.0159,13.6021],[121.0219,13.5989],[121.0247,13.5978]]}},{"type":"Feature","properties":{"fault_name":"Aglubang River Fault","segment_name":null,"fault_class":"Active Fault","trace_type":"Certain","symbology":"Solid - red","mechanism":"Strike-Slip"},"geometry":{"type":"LineString","coordinates":[[121.0861,13.4231],[121.0854,13.4268],[121.0834,13.4295],[121.0796,13.4332],[121.0763,13.4358],[121.0718,13.4412]]}},{"type":"Feature","properties":{"fault_name":"Tablas Fault","segment_name":null,"fault_class":"Potentially Active Fault","trace_type":"Certain","symbology":"Solid - black","mechanism":null},"geometry":{"type":"LineString","coordinates":[[122.0937,12.3502],[122.092,12.3454],[122.0891,12.3401]]}},{"type":"Feature","properties":{"fault_name":"Tablas Fault","segment_name":null,"fault_class":"Potentially Active Fault","trace_type":"Certain","symbology":"Solid - black","mechanism":null},"geometry":{"type":"LineString","coordinates":[[122.0029,12.2189],[121.9996,12.2144],[121.9992,12.2136],[121.9989,12.2123]]}},{"type":"Feature","properties":{"fault_name":"West Panay Fault","segment_name":null,"fault_class":"Active Fault","trace_type":"Certain - Downthrown Area","symbology":"Hachured (E) - red","mechanism":null},"geometry":{"type":"LineString","coordinates":[[122.1573,11.7467],[122.1599,11.7396],[122.172,11.7106],[122.1878,11.6743]]}},{"type":"Feature","properties":{"fault_name":"Lubang Fault","segment_name":null,"fault_class":"Active Fault","trace_type":"Certain","symbology":"Solid - red","mechanism":"Strike-Slip"},"geometry":{"type":"LineString","coordinates":[[120.9922,13.5396],[120.9971,13.5395],[120.9989,13.5399],[121.001,13.5399],[121.0034,13.5391],[121.0055,13.5387]]}},{"type":"Feature","properties":{"fault_name":"Lubang Fault","segment_name":null,"fault_class":"Active Fault","trace_type":"Certain - Downthrown Area","symbology":"Hachured (E) - red","mechanism":"Strike-Slip"},"geometry":{"type":"LineString","coordinates":[[120.923,13.5308],[120.9205,13.5281],[120.9198,13.5278]]}},{"type":"Feature","properties":{"fault_name":"Sibuyan Island Fault","segment_name":null,"fault_class":"Active Fault","trace_type":"Certain","symbology":"Solid - red","mechanism":null},"geometry":{"type":"LineString","coordinates":[[122.6209,12.3024],[122.6299,12.2965],[122.6317,12.2946],[122.6341,12.2928],[122.6363,12.2906],[122.6373,12.2898]]}},{"type":"Feature","properties":{"fault_name":"Calubcub Fault","segment_name":null,"fault_class":"Potentially Active Fault","trace_type":"Certain","symbology":"Solid - black","mechanism":"Reverse"},"geometry":{"type":"LineString","coordinates":[[121.4114,13.7329],[121.4113,13.7344]]}},{"type":"Feature","properties":{"fault_name":"Sibuyan Island Fault","segment_name":null,"fault_class":"Active Fault","trace_type":"Approximate","symbology":"Dashed - red","mechanism":null},"geometry":{"type":"LineString","coordinates":[[122.538,12.3872],[122.5388,12.385],[122.5395,12.3813],[122.5403,12.3776],[122.5416,12.3747],[122.5427,12.3731],[122.5449,12.3691],[122.547,12.3667],[122.5492,12.3647],[122.5508,12.3626]]}},{"type":"Feature","properties":{"fault_name":"Calatagan Fault","segment_name":null,"fault_class":"Active Fault","trace_type":"Certain - Downthrown Area","symbology":"Hachured (E) - red","mechanism":"Strike-Slip"},"geometry":{"type":"LineString","coordinates":[[120.7241,13.6936],[120.7229,13.6914],[120.7229,13.6888],[120.7233,13.6879],[120.7224,13.6861]]}},{"type":"Feature","properties":{"fault_name":"Verde Fault System","segment_name":null,"fault_class":"Active Fault","trace_type":"Certain","symbology":"Solid - red","mechanism":"Strike-Slip"},"geometry":{"type":"LineString","coordinates":[[121.083,13.5007],[121.0853,13.5012],[121.0887,13.5022],[121.0903,13.5024],[121.097,13.5042],[121.1006,13.5055],[121.1031,13.506],[121.1046,13.506],[121.1061,13.5065],[121.1075,13.5078],[121.1084,13.509]]}},{"type":"Feature","properties":{"fault_name":"Unnamed Fault","segment_name":null,"fault_class":"Active Fault","trace_type":"Certain","symbology":"Solid - red","mechanism":null},"geometry":{"type":"LineString","coordinates":[[122.6064,13.4859],[122.5969,13.4962]]}},{"type":"Feature","properties":{"fault_name":"Calatagan Fault","segment_name":null,"fault_class":"Active Fault","trace_type":"Certain - Downthrown Area","symbology":"Hachured (N) - red","mechanism":"Strike-Slip"},"geometry":{"type":"LineString","coordinates":[[120.7318,13.7156],[120.734,13.7105],[120.7353,13.71],[120.7398,13.7029],[120.7408,13.6943],[120.741,13.6855]]}},{"type":"Feature","properties":{"fault_name":"Calatagan Fault","segment_name":null,"fault_class":"Active Fault","trace_type":"Certain - Downthrown Area","symbology":"Hachured (N) - red","mechanism":"Strike-Slip"},"geometry":{"type":"LineString","coordinates":[[120.741,13.6855],[120.7405,13.6831],[120.7394,13.6801],[120.7395,13.6764],[120.7394,13.6754],[120.7387,13.6749],[120.7382,13.6741],[120.7379,13.6726],[120.7379,13.6697],[120.7372,13.6656]]}},{"type":"Feature","properties":{"fault_name":"Unnamed Offshore Projection","segment_name":null,"fault_class":"Active Fault","trace_type":"Approximate Offshore Projection","symbology":"Dotted - red","mechanism":null},"geometry":{"type":"LineString","coordinates":[[121.7339,14.3002],[121.816,14.2233],[121.8795,14.1575],[121.9501,14.0952],[121.9924,14.0641]]}},{"type":"Feature","properties":{"fault_name":"Malindig Fault","segment_name":null,"fault_class":"Potentially Active Fault","trace_type":"Certain","symbology":"Hachured (W) - black","mechanism":null},"geometry":{"type":"LineString","coordinates":[[122.0022,13.2717],[122.0013,13.2699],[121.9993,13.2679]]}},{"type":"Feature","properties":{"fault_name":"Malindig Fault","segment_name":null,"fault_class":"Potentially Active Fault","trace_type":"Certain","symbology":"Hachured (W) - black","mechanism":null},"geometry":{"type":"LineString","coordinates":[[121.9975,13.2656],[121.9963,13.2628],[121.995,13.261],[121.9936,13.2598],[121.9906,13.2551],[121.9874,13.2522],[121.9842,13.2502],[121.9821,13.2478],[121.9813,13.2466],[121.9804,13.2446]]}},{"type":"Feature","properties":{"fault_name":"Batangas Bay Fault","segment_name":null,"fault_class":"Active Fault","trace_type":"Approximate","symbology":"Dashed - red","mechanism":"Strike-Slip"},"geometry":{"type":"LineString","coordinates":[[120.9733,13.6427],[120.9775,13.6389],[120.9779,13.6371],[120.9797,13.6337],[120.9904,13.6192],[120.9906,13.6192]]}},{"type":"Feature","properties":{"fault_name":"Verde Fault System","segment_name":null,"fault_class":"Active Fault","trace_type":"Certain - Downthrown Area","symbology":"Hachured (E) - red","mechanism":"Strike-Slip"},"geometry":{"type":"LineString","coordinates":[[121.1435,13.4898],[121.1433,13.4875],[121.1416,13.4843],[121.1416,13.4816],[121.1419,13.4795],[121.1408,13.4787],[121.1389,13.4746]]}},{"type":"Feature","properties":{"fault_name":"Malindig Fault","segment_name":null,"fault_class":"Potentially Active Fault","trace_type":"Certain","symbology":"Hachured (W) - black","mechanism":null},"geometry":{"type":"LineString","coordinates":[[121.9808,13.2583],[121.9785,13.2572],[121.9731,13.2534]]}},{"type":"Feature","properties":{"fault_name":"Verde Fault System","segment_name":null,"fault_class":"Active Fault","trace_type":"Certain","symbology":"Solid - red","mechanism":"Strike-Slip"},"geometry":{"type":"LineString","coordinates":[[121.173,13.5198],[121.1747,13.5203],[121.1754,13.5214],[121.1761,13.5229],[121.1763,13.5243],[121.1772,13.5251]]}},{"type":"Feature","properties":{"fault_name":"Pulangbato Fault","segment_name":null,"fault_class":"Potentially Active Fault","trace_type":"Approximate","symbology":"Dashed - black","mechanism":"Strike-Slip"},"geometry":{"type":"LineString","coordinates":[[121.3855,13.751],[121.3846,13.7519],[121.3834,13.7538]]}},{"type":"Feature","properties":{"fault_name":"Batangas Bay Fault","segment_name":null,"fault_class":"Active Fault","trace_type":"Approximate","symbology":"Dashed - red","mechanism":"Strike-Slip"},"geometry":{"type":"LineString","coordinates":[[121.0146,13.6019],[121.0173,13.5926],[121.0187,13.589],[121.0196,13.5844],[121.02,13.574],[121.0199,13.5734]]}},{"type":"Feature","properties":{"fault_name":"Southern Masbate Fault","segment_name":null,"fault_class":"Potentially Active Fault","trace_type":"Approximate","symbology":"Dashed - black","mechanism":null},"geometry":{"type":"LineString","coordinates":[[124.0226,11.9472],[124.0242,11.9388],[124.0258,11.9328],[124.0261,11.9318],[124.0277,11.9291],[124.0281,11.928],[124.0298,11.9208],[124.0312,11.9176]]}},{"type":"Feature","properties":{"fault_name":"Verde Fault System","segment_name":null,"fault_class":"Active Fault","trace_type":"Certain","symbology":"Solid - red","mechanism":"Strike-Slip"},"geometry":{"type":"LineString","coordinates":[[121.161,13.4845],[121.1577,13.4834],[121.1512,13.4799],[121.1449,13.4761],[121.1431,13.4743],[121.142,13.4736],[121.1397,13.4733],[121.1376,13.472]]}},{"type":"Feature","properties":{"fault_name":"Tablas Fault","segment_name":null,"fault_class":"Potentially Active Fault","trace_type":"Approximate","symbology":"Dashed - black","mechanism":null},"geometry":{"type":"LineString","coordinates":[[122.0731,12.31],[122.0713,12.3074],[122.0706,12.306],[122.068,12.3027]]}},{"type":"Feature","properties":{"fault_name":"West Panay Fault","segment_name":null,"fault_class":"Active Fault","trace_type":"Certain","symbology":"Solid - red","mechanism":null},"geometry":{"type":"LineString","coordinates":[[122.1963,11.7639],[122.2001,11.7728]]}},{"type":"Feature","properties":{"fault_name":"Verde Fault System","segment_name":null,"fault_class":"Active Fault","trace_type":"Certain","symbology":"Solid - red","mechanism":"Strike-Slip"},"geometry":{"type":"LineString","coordinates":[[121.4521,13.4399],[121.4595,13.4422],[121.4637,13.444]]}},{"type":"Feature","properties":{"fault_name":"Calubcub Fault","segment_name":null,"fault_class":"Potentially Active Fault","trace_type":"Certain","symbology":"Solid - black","mechanism":"Reverse"},"geometry":{"type":"LineString","coordinates":[[121.4103,13.73],[121.4114,13.7329]]}},{"type":"Feature","properties":{"fault_name":"Aglubang River Fault","segment_name":null,"fault_class":"Active Fault","trace_type":"Approximate","symbology":"Dashed - red","mechanism":"Strike-Slip"},"geometry":{"type":"LineString","coordinates":[[121.0759,13.455],[121.0727,13.4613],[121.0716,13.4643],[121.0665,13.4738],[121.0612,13.4877],[121.0606,13.4963],[121.0599,13.5018],[121.0572,13.5183]]}},{"type":"Feature","properties":{"fault_name":"Lubang Fault","segment_name":null,"fault_class":"Active Fault","trace_type":"Certain","symbology":"Solid - red","mechanism":"Strike-Slip"},"geometry":{"type":"LineString","coordinates":[[120.8848,13.5504],[120.8775,13.5474]]}},{"type":"Feature","properties":{"fault_name":"Lubang Fault","segment_name":null,"fault_class":"Active Fault","trace_type":"Approximate","symbology":"Dashed - red","mechanism":"Strike-Slip"},"geometry":{"type":"LineString","coordinates":[[120.5669,13.5451],[120.5627,13.5433],[120.5581,13.5426],[120.5454,13.5418],[120.5387,13.542],[120.5275,13.542],[120.5228,13.5417],[120.5174,13.5417]]}},{"type":"Feature","properties":{"fault_name":"Pulangbato Fault","segment_name":null,"fault_class":"Potentially Active Fault","trace_type":"Approximate","symbology":"Dashed - black","mechanism":"Strike-Slip"},"geometry":{"type":"LineString","coordinates":[[121.3798,13.7555],[121.3778,13.757],[121.3772,13.7572],[121.3756,13.7575]]}},{"type":"Feature","properties":{"fault_name":"Central Marinduque Fault","segment_name":null,"fault_class":"Active Fault","trace_type":"Approximate","symbology":"Dashed - red","mechanism":null},"geometry":{"type":"LineString","coordinates":[[121.9935,13.3029],[121.9942,13.3022],[121.9955,13.2995],[121.9967,13.2977],[121.9968,13.2978],[121.9971,13.2969]]}},{"type":"Feature","properties":{"fault_name":"Southern Masbate Fault","segment_name":null,"fault_class":"Potentially Active Fault","trace_type":"Approximate","symbology":"Dashed - black","mechanism":null},"geometry":{"type":"LineString","coordinates":[[124.0194,11.9297],[124.0194,11.9265],[124.0197,11.9224],[124.0202,11.9196],[124.0218,11.913],[124.0234,11.9037],[124.0249,11.899],[124.0283,11.8914],[124.0318,11.8788],[124.0334,11.8738],[124.0338,11.8707],[124.0347,11.868],[124.0366,11.8641],[124.0381,11.8604],[124.0391,11.8572],[124.0418,11.8528],[124.0442,11.8501],[124.0466,11.8477],[124.0485,11.845],[124.0506,11.8426],[124.053,11.8387],[124.0547,11.8364],[124.0595,11.8308],[124.0622,11.8282],[124.0637,11.8256],[124.0651,11.8224]]}},{"type":"Feature","properties":{"fault_name":"Batangas Bay Fault","segment_name":null,"fault_class":"Active Fault","trace_type":"Approximate","symbology":"Dashed - red","mechanism":"Strike-Slip"},"geometry":{"type":"LineString","coordinates":[[121.0977,13.4661],[121.1004,13.462],[121.1022,13.4596]]}},{"type":"Feature","properties":{"fault_name":"Lubang Fault","segment_name":null,"fault_class":"Active Fault","trace_type":"Approximate","symbology":"Dashed - red","mechanism":"Strike-Slip"},"geometry":{"type":"LineString","coordinates":[[120.7857,13.6008],[120.7807,13.5981],[120.7771,13.5957],[120.776,13.5945],[120.7751,13.5919],[120.7745,13.591]]}},{"type":"Feature","properties":{"fault_name":"Calatagan Fault","segment_name":null,"fault_class":"Active Fault","trace_type":"Approximate","symbology":"Dashed - red","mechanism":"Strike-Slip"},"geometry":{"type":"LineString","coordinates":[[120.6536,13.8582],[120.653,13.8586],[120.652,13.8597],[120.6517,13.8608]]}},{"type":"Feature","properties":{"fault_name":"Tablas Fault","segment_name":null,"fault_class":"Potentially Active Fault","trace_type":"Approximate","symbology":"Dashed - black","mechanism":null},"geometry":{"type":"LineString","coordinates":[[121.9989,12.2123],[121.9982,12.2102],[121.9966,12.2079],[121.9957,12.2062]]}},{"type":"Feature","properties":{"fault_name":"Unnamed Fault","segment_name":null,"fault_class":"Active Fault","trace_type":"Certain","symbology":"Solid - red","mechanism":null},"geometry":{"type":"LineString","coordinates":[[122.5823,13.5204],[122.5814,13.5213]]}},{"type":"Feature","properties":{"fault_name":"Batangas Bay Fault","segment_name":null,"fault_class":"Active Fault","trace_type":"Certain - Downthrown Area","symbology":"Hachured (E) - red","mechanism":"Strike-Slip"},"geometry":{"type":"LineString","coordinates":[[120.9874,13.6362],[120.9879,13.6348],[120.9877,13.6326],[120.9888,13.6287],[120.9896,13.6279]]}},{"type":"Feature","properties":{"fault_name":"Central Marinduque Fault","segment_name":null,"fault_class":"Active Fault","trace_type":"Certain","symbology":"Solid - red","mechanism":null},"geometry":{"type":"LineString","coordinates":[[121.9357,13.3605],[121.9377,13.3591],[121.9396,13.3572]]}},{"type":"Feature","properties":{"fault_name":"Unnamed Fault","segment_name":null,"fault_class":"Active Fault","trace_type":"Certain","symbology":"Solid - red","mechanism":null},"geometry":{"type":"LineString","coordinates":[[122.554,13.5279],[122.543,13.5386],[122.5323,13.5514],[122.5212,13.5607],[122.5115,13.5693],[122.5002,13.5797]]}},{"type":"Feature","properties":{"fault_name":"Unnamed Offshore Projection","segment_name":null,"fault_class":"Active Fault","trace_type":"Approximate Offshore Projection","symbology":"Dotted - red","mechanism":null},"geometry":{"type":"LineString","coordinates":[[122.151,13.9363],[121.993,14.0632]]}},{"type":"Feature","properties":{"fault_name":"Pulangbato Fault","segment_name":null,"fault_class":"Potentially Active Fault","trace_type":"Approximate","symbology":"Dashed - black","mechanism":"Strike-Slip"},"geometry":{"type":"LineString","coordinates":[[121.3884,13.748],[121.3903,13.7471],[121.3918,13.747]]}},{"type":"Feature","properties":{"fault_name":"Central Marinduque Fault","segment_name":null,"fault_class":"Active Fault","trace_type":"Certain","symbology":"Solid - red","mechanism":null},"geometry":{"type":"LineString","coordinates":[[121.9297,13.3735],[121.9314,13.3712],[121.9327,13.3701]]}},{"type":"Feature","properties":{"fault_name":"Verde Fault System","segment_name":null,"fault_class":"Active Fault","trace_type":"Certain - Downthrown Area","symbology":"Hachured (E) - red","mechanism":"Strike-Slip"},"geometry":{"type":"LineString","coordinates":[[121.3121,13.5156],[121.3109,13.5147],[121.3101,13.5135],[121.3092,13.5128]]}},{"type":"Feature","properties":{"fault_name":"Verde Fault System","segment_name":null,"fault_class":"Active Fault","trace_type":"Certain","symbology":"Solid - red","mechanism":"Strike-Slip"},"geometry":{"type":"LineString","coordinates":[[121.3039,13.4971],[121.309,13.4982],[121.3126,13.4993],[121.3164,13.5004],[121.3192,13.5007],[121.3212,13.5011]]}},{"type":"Feature","properties":{"fault_name":"Tablas Fault","segment_name":null,"fault_class":"Potentially Active Fault","trace_type":"Approximate","symbology":"Dashed - black","mechanism":null},"geometry":{"type":"LineString","coordinates":[[122.0891,12.3401],[122.0888,12.3386],[122.0853,12.3291]]}},{"type":"Feature","properties":{"fault_name":"Sibuyan Island Fault","segment_name":null,"fault_class":"Active Fault","trace_type":"Approximate","symbology":"Dashed - red","mechanism":null},"geometry":{"type":"LineString","coordinates":[[122.5034,12.4721],[122.5081,12.4662]]}},{"type":"Feature","properties":{"fault_name":"Calatagan Fault","segment_name":null,"fault_class":"Active Fault","trace_type":"Approximate","symbology":"Dashed - red","mechanism":"Strike-Slip"},"geometry":{"type":"LineString","coordinates":[[120.6451,13.8677],[120.6445,13.868]]}},{"type":"Feature","properties":{"fault_name":"Lubang Fault","segment_name":null,"fault_class":"Active Fault","trace_type":"Approximate","symbology":"Dashed - red","mechanism":"Strike-Slip"},"geometry":{"type":"LineString","coordinates":[[120.3587,13.5438],[120.3498,13.5403],[120.3371,13.5396],[120.3234,13.5334],[120.297,13.5405],[120.2891,13.544],[120.2883,13.5453],[120.287,13.5462]]}},{"type":"Feature","properties":{"fault_name":"Calubcub Fault","segment_name":null,"fault_class":"Potentially Active Fault","trace_type":"Certain","symbology":"Solid - black","mechanism":"Reverse"},"geometry":{"type":"LineString","coordinates":[[121.39,13.7124],[121.3854,13.711],[121.3821,13.7098],[121.3807,13.7095],[121.3793,13.7087],[121.3775,13.7081],[121.3735,13.7072],[121.3695,13.7067],[121.3684,13.7063]]}},{"type":"Feature","properties":{"fault_name":"Central Marinduque Fault","segment_name":null,"fault_class":"Active Fault","trace_type":"Certain","symbology":"Solid - red","mechanism":null},"geometry":{"type":"LineString","coordinates":[[121.9241,13.3837],[121.9254,13.3828],[121.9263,13.3816]]}},{"type":"Feature","properties":{"fault_name":"Verde Fault System","segment_name":null,"fault_class":"Active Fault","trace_type":"Approximate","symbology":"Dashed - red","mechanism":"Strike-Slip"},"geometry":{"type":"LineString","coordinates":[[121.1506,13.497],[121.1487,13.4957],[121.1399,13.4942],[121.135,13.493],[121.1331,13.4923]]}},{"type":"Feature","properties":{"fault_name":"Batangas Bay Fault","segment_name":null,"fault_class":"Active Fault","trace_type":"Approximate","symbology":"Dashed - red","mechanism":"Strike-Slip"},"geometry":{"type":"LineString","coordinates":[[121.1043,13.4574],[121.1064,13.4541]]}},{"type":"Feature","properties":{"fault_name":"Verde Fault System","segment_name":null,"fault_class":"Active Fault","trace_type":"Certain","symbology":"Solid - red","mechanism":"Strike-Slip"},"geometry":{"type":"LineString","coordinates":[[121.5645,13.4781],[121.5713,13.4802],[121.5833,13.481],[121.5904,13.4838],[121.5961,13.4851]]}},{"type":"Feature","properties":{"fault_name":"North Verde Fault System","segment_name":null,"fault_class":"Active Fault","trace_type":"Certain","symbology":"Solid - red","mechanism":"Strike-Slip"},"geometry":{"type":"LineString","coordinates":[[121.1311,13.5943],[121.1395,13.5948],[121.1412,13.5951],[121.1447,13.5949],[121.1481,13.5953]]}},{"type":"Feature","properties":{"fault_name":"North Tablas Fault","segment_name":null,"fault_class":"Potentially Active Fault","trace_type":"Certain - Upthrown Area","symbology":"Solid (Sawteeth - W) - black","mechanism":null},"geometry":{"type":"LineString","coordinates":[[122.1095,12.4995],[122.1088,12.4961],[122.1079,12.4946],[122.1035,12.4896],[122.1025,12.488],[122.1021,12.4863],[122.1013,12.4844],[122.0994,12.4809],[122.0952,12.4767],[122.0944,12.4752],[122.0931,12.4718],[122.0922,12.4704]]}},{"type":"Feature","properties":{"fault_name":"Maribakan Fault","segment_name":null,"fault_class":"Potentially Active Fault","trace_type":"Approximate","symbology":"Dashed - black","mechanism":"Strike-Slip"},"geometry":{"type":"LineString","coordinates":[[120.8345,13.7055],[120.8408,13.7023],[120.8432,13.6998],[120.8489,13.6949],[120.8515,13.6939],[120.8535,13.6927],[120.8566,13.69],[120.8597,13.686],[120.8622,13.6833],[120.8661,13.6798],[120.8702,13.6776],[120.8752,13.6744],[120.8796,13.6728],[120.8823,13.6711]]}},{"type":"Feature","properties":{"fault_name":"Sibuyan Island Fault","segment_name":null,"fault_class":"Active Fault","trace_type":"Approximate","symbology":"Dashed - red","mechanism":null},"geometry":{"type":"LineString","coordinates":[[122.5081,12.4662],[122.5147,12.4574],[122.5174,12.4518],[122.519,12.4502],[122.5195,12.4496],[122.5198,12.4489],[122.521,12.4444],[122.5246,12.4264],[122.5252,12.4201]]}},{"type":"Feature","properties":{"fault_name":"North Marinduque Fault","segment_name":null,"fault_class":"Active Fault","trace_type":"Approximate","symbology":"Dashed - red","mechanism":null},"geometry":{"type":"LineString","coordinates":[[122.0101,13.5002],[122.0112,13.5002],[122.0132,13.4998],[122.0151,13.4996],[122.02,13.4996],[122.0234,13.5005],[122.0269,13.5023],[122.032,13.5026],[122.0367,13.5021],[122.0379,13.5018],[122.0398,13.5016],[122.0418,13.5018],[122.045,13.5029],[122.046,13.503]]}},{"type":"Feature","properties":{"fault_name":"Balayan Fault","segment_name":null,"fault_class":"Potentially Active Fault","trace_type":"Certain","symbology":"Solid - black","mechanism":"Strike-Slip"},"geometry":{"type":"LineString","coordinates":[[120.6818,13.9381],[120.6806,13.9392],[120.6799,13.9402]]}},{"type":"Feature","properties":{"fault_name":"Verde Fault System","segment_name":null,"fault_class":"Active Fault","trace_type":"Certain","symbology":"Solid - red","mechanism":"Strike-Slip"},"geometry":{"type":"LineString","coordinates":[[121.16,13.4506],[121.1546,13.4501],[121.1484,13.4502],[121.1438,13.4506],[121.1422,13.4499],[121.1405,13.4494]]}},{"type":"Feature","properties":{"fault_name":"Batangas Bay Fault","segment_name":null,"fault_class":"Active Fault","trace_type":"Certain","symbology":"Solid - red","mechanism":"Strike-Slip"},"geometry":{"type":"LineString","coordinates":[[120.958,13.6609],[120.9596,13.6588],[120.9606,13.6577],[120.9615,13.657],[120.9621,13.6562],[120.9631,13.6541],[120.9647,13.6515],[120.9664,13.6499],[120.968,13.6487]]}},{"type":"Feature","properties":{"fault_name":"Verde Fault System","segment_name":null,"fault_class":"Active Fault","trace_type":"Certain","symbology":"Solid - red","mechanism":"Strike-Slip"},"geometry":{"type":"LineString","coordinates":[[121.3133,13.4919],[121.3194,13.4937],[121.3219,13.494],[121.3234,13.4937],[121.3262,13.4937]]}},{"type":"Feature","properties":{"fault_name":"Central Marinduque Fault","segment_name":null,"fault_class":"Active Fault","trace_type":"Certain","symbology":"Solid - red","mechanism":null},"geometry":{"type":"LineString","coordinates":[[121.9839,13.303],[121.9875,13.3],[121.9917,13.2977],[121.9935,13.2961]]}},{"type":"Feature","properties":{"fault_name":"Batangas Bay Fault","segment_name":null,"fault_class":"Active Fault","trace_type":"Approximate","symbology":"Dashed - red","mechanism":"Strike-Slip"},"geometry":{"type":"LineString","coordinates":[[121.0682,13.5107],[121.0708,13.5099],[121.0728,13.5088],[121.0739,13.5083],[121.0753,13.5074],[121.0769,13.5062],[121.0794,13.5033],[121.081,13.5021]]}},{"type":"Feature","properties":{"fault_name":"North Verde Fault System","segment_name":null,"fault_class":"Active Fault","trace_type":"Approximate","symbology":"Dashed - red","mechanism":null},"geometry":{"type":"LineString","coordinates":[[121.0942,13.6047],[121.0926,13.6034],[121.0883,13.6007]]}},{"type":"Feature","properties":{"fault_name":"Batangas Bay Fault","segment_name":null,"fault_class":"Active Fault","trace_type":"Certain","symbology":"Solid - red","mechanism":"Strike-Slip"},"geometry":{"type":"LineString","coordinates":[[120.9312,13.6928],[120.9309,13.6903],[120.9307,13.6897],[120.9307,13.6888],[120.9309,13.6878],[120.932,13.6861]]}},{"type":"Feature","properties":{"fault_name":"Lubang Fault","segment_name":null,"fault_class":"Active Fault","trace_type":"Approximate","symbology":"Dashed - red","mechanism":"Strike-Slip"},"geometry":{"type":"LineString","coordinates":[[120.0381,13.7054],[120.0243,13.7063],[120.0064,13.712],[119.9954,13.7124],[119.949,13.7206],[119.9308,13.7213],[119.9206,13.7224]]}},{"type":"Feature","properties":{"fault_name":"Balayan Fault","segment_name":null,"fault_class":"Potentially Active Fault","trace_type":"Certain","symbology":"Solid - black","mechanism":"Strike-Slip"},"geometry":{"type":"LineString","coordinates":[[120.6846,13.9358],[120.6847,13.9357]]}},{"type":"Feature","properties":{"fault_name":"Verde Fault System","segment_name":null,"fault_class":"Active Fault","trace_type":"Certain","symbology":"Solid - red","mechanism":"Strike-Slip"},"geometry":{"type":"LineString","coordinates":[[121.1771,13.5299],[121.178,13.5315],[121.1806,13.5344],[121.1819,13.5354],[121.1846,13.5361],[121.1865,13.5369],[121.1875,13.5382]]}},{"type":"Feature","properties":{"fault_name":"Central Mindoro Fault","segment_name":null,"fault_class":"Active Fault","trace_type":"Certain","symbology":"Solid - red","mechanism":null},"geometry":{"type":"LineString","coordinates":[[121.2143,12.9336],[121.2096,12.9518],[121.208,12.9624]]}},{"type":"Feature","properties":{"fault_name":"Balayan Fault","segment_name":null,"fault_class":"Potentially Active Fault","trace_type":"Certain","symbology":"Solid - black","mechanism":"Strike-Slip"},"geometry":{"type":"LineString","coordinates":[[120.7376,13.8372],[120.7403,13.8335],[120.7447,13.8287]]}},{"type":"Feature","properties":{"fault_name":"Lubang Fault","segment_name":null,"fault_class":"Active Fault","trace_type":"Approximate","symbology":"Dashed - red","mechanism":"Strike-Slip"},"geometry":{"type":"LineString","coordinates":[[120.5174,13.5417],[120.485,13.5444],[120.4648,13.5575],[120.4523,13.5634],[120.4315,13.5664],[120.4214,13.5676],[120.4077,13.5652],[120.3946,13.5688],[120.3809,13.57],[120.3631,13.5706],[120.3475,13.5737],[120.3333,13.573],[120.3125,13.5694],[120.2923,13.5676],[120.2655,13.5724],[120.2524,13.5759],[120.234,13.5777],[120.2066,13.5747],[120.1918,13.5765],[120.1828,13.5789]]}},{"type":"Feature","properties":{"fault_name":"Lubang Fault","segment_name":null,"fault_class":"Active Fault","trace_type":"Certain","symbology":"Solid - red","mechanism":"Strike-Slip"},"geometry":{"type":"LineString","coordinates":[[120.5669,13.5451],[120.5699,13.5448],[120.5732,13.5448],[120.5781,13.546],[120.5844,13.55]]}},{"type":"Feature","properties":{"fault_name":"Lubang Fault","segment_name":null,"fault_class":"Active Fault","trace_type":"Certain","symbology":"Solid - red","mechanism":"Strike-Slip"},"geometry":{"type":"LineString","coordinates":[[120.7278,13.5465],[120.7254,13.5472],[120.7231,13.5475],[120.7212,13.5474],[120.7205,13.5472],[120.7177,13.5475],[120.7159,13.5474],[120.714,13.547],[120.7124,13.5469],[120.7101,13.5472],[120.7073,13.5473],[120.6994,13.5468],[120.6968,13.5464],[120.691,13.5461],[120.6841,13.546],[120.6832,13.5462]]}},{"type":"Feature","properties":{"fault_name":"Tablas Fault","segment_name":null,"fault_class":"Active Fault","trace_type":"Certain","symbology":"Solid - red","mechanism":null},"geometry":{"type":"LineString","coordinates":[[122.0256,12.2468],[122.0214,12.2414]]}},{"type":"Feature","properties":{"fault_name":"Batangas Bay Fault","segment_name":null,"fault_class":"Active Fault","trace_type":"Certain","symbology":"Solid - red","mechanism":"Strike-Slip"},"geometry":{"type":"LineString","coordinates":[[121.1022,13.4596],[121.1043,13.4574]]}},{"type":"Feature","properties":{"fault_name":"Batangas Bay Fault","segment_name":null,"fault_class":"Active Fault","trace_type":"Certain","symbology":"Solid - red","mechanism":"Strike-Slip"},"geometry":{"type":"LineString","coordinates":[[121.089,13.4889],[121.0901,13.4865],[121.0956,13.4799],[121.0964,13.4786],[121.0976,13.4774],[121.0984,13.4757],[121.0997,13.4745]]}},{"type":"Feature","properties":{"fault_name":"Malindig Fault","segment_name":null,"fault_class":"Potentially Active Fault","trace_type":"Approximate","symbology":"Dashed - black","mechanism":null},"geometry":{"type":"LineString","coordinates":[[121.9808,13.2583],[121.9827,13.2594],[121.9906,13.265],[121.9925,13.2668]]}},{"type":"Feature","properties":{"fault_name":"Verde Fault System","segment_name":null,"fault_class":"Active Fault","trace_type":"Approximate","symbology":"Dashed - red","mechanism":"Strike-Slip"},"geometry":{"type":"LineString","coordinates":[[121.1933,13.5552],[121.1942,13.5561]]}},{"type":"Feature","properties":{"fault_name":"Verde Fault System","segment_name":null,"fault_class":"Active Fault","trace_type":"Certain","symbology":"Solid - red","mechanism":"Strike-Slip"},"geometry":{"type":"LineString","coordinates":[[121.1928,13.5545],[121.1933,13.5552]]}},{"type":"Feature","properties":{"fault_name":"Legaspi Lineament","segment_name":null,"fault_class":"Active Fault","trace_type":"Certain","symbology":"Solid - red","mechanism":null},"geometry":{"type":"LineString","coordinates":[[122.828,13.6433],[122.9603,13.5596],[123.0231,13.5178]]}},{"type":"Feature","properties":{"fault_name":"Central Marinduque Fault","segment_name":null,"fault_class":"Active Fault","trace_type":"Certain","symbology":"Solid - red","mechanism":null},"geometry":{"type":"LineString","coordinates":[[121.9343,13.3682],[121.9364,13.3648],[121.9381,13.3632]]}},{"type":"Feature","properties":{"fault_name":"Batangas Bay Fault","segment_name":null,"fault_class":"Active Fault","trace_type":"Certain","symbology":"Solid - red","mechanism":"Strike-Slip"},"geometry":{"type":"LineString","coordinates":[[120.8974,13.7647],[120.896,13.7673],[120.8942,13.7692],[120.893,13.7718],[120.8918,13.7733]]}},{"type":"Feature","properties":{"fault_name":"Calatagan Fault","segment_name":null,"fault_class":"Active Fault","trace_type":"Approximate","symbology":"Dashed - red","mechanism":"Strike-Slip"},"geometry":{"type":"LineString","coordinates":[[120.6369,13.8772],[120.6369,13.8772]]}},{"type":"Feature","properties":{"fault_name":"Lubang Fault","segment_name":null,"fault_class":"Active Fault","trace_type":"Certain","symbology":"Solid - red","mechanism":"Strike-Slip"},"geometry":{"type":"LineString","coordinates":[[120.8685,13.5483],[120.8645,13.5464],[120.8586,13.5452],[120.8555,13.544],[120.8542,13.5433]]}},{"type":"Feature","properties":{"fault_name":"Southern Mindoro Fault","segment_name":null,"fault_class":"Active Fault","trace_type":"Certain","symbology":"Solid - red","mechanism":null},"geometry":{"type":"LineString","coordinates":[[121.3364,12.4868],[121.36,12.5223],[121.3888,12.5647],[121.4046,12.5872]]}},{"type":"Feature","properties":{"fault_name":"Calubcub Fault","segment_name":null,"fault_class":"Potentially Active Fault","trace_type":"Approximate","symbology":"Dashed - black","mechanism":"Reverse"},"geometry":{"type":"LineString","coordinates":[[121.4021,13.7203],[121.4034,13.7207],[121.4044,13.7213],[121.4048,13.7217],[121.4057,13.7235],[121.4067,13.7242],[121.4086,13.7264]]}},{"type":"Feature","properties":{"fault_name":"Central Mindoro Fault","segment_name":null,"fault_class":"Active Fault","trace_type":"Certain","symbology":"Solid - red","mechanism":null},"geometry":{"type":"LineString","coordinates":[[121.1999,12.9957],[121.1822,13.026],[121.1716,13.0364],[121.1583,13.0571],[121.1512,13.0831]]}},{"type":"Feature","properties":{"fault_name":"Verde Fault System","segment_name":null,"fault_class":"Active Fault","trace_type":"Certain","symbology":"Solid - red","mechanism":"Strike-Slip"},"geometry":{"type":"LineString","coordinates":[[121.1773,13.4493],[121.1778,13.4496]]}},{"type":"Feature","properties":{"fault_name":"Central Marinduque Fault","segment_name":null,"fault_class":"Active Fault","trace_type":"Approximate","symbology":"Dashed - red","mechanism":null},"geometry":{"type":"LineString","coordinates":[[121.9327,13.3701],[121.9345,13.3679]]}},{"type":"Feature","properties":{"fault_name":"Verde Fault System","segment_name":null,"fault_class":"Active Fault","trace_type":"Certain - Downthrown Area","symbology":"Hachured (E) - red","mechanism":"Strike-Slip"},"geometry":{"type":"LineString","coordinates":[[121.1318,13.5144],[121.1298,13.5126],[121.1281,13.5118],[121.1271,13.5111],[121.1254,13.5104],[121.1239,13.5103],[121.123,13.51],[121.1225,13.5096],[121.1213,13.5093]]}},{"type":"Feature","properties":{"fault_name":"Calatagan Fault","segment_name":null,"fault_class":"Active Fault","trace_type":"Certain - Downthrown Area","symbology":"Hachured (N) - red","mechanism":"Strike-Slip"},"geometry":{"type":"LineString","coordinates":[[120.6733,13.8187],[120.6739,13.8165],[120.6746,13.8146],[120.6756,13.8133],[120.6784,13.8105],[120.6804,13.8073],[120.6825,13.8028],[120.6828,13.8002],[120.6836,13.7987],[120.6843,13.7925],[120.6874,13.787],[120.6894,13.784],[120.692,13.7808],[120.6949,13.7766],[120.699,13.7695],[120.6992,13.7681],[120.6997,13.7668],[120.7013,13.764],[120.7049,13.7603],[120.7073,13.759],[120.7091,13.7574],[120.7109,13.7547],[120.7133,13.7499],[120.7143,13.7461],[120.7151,13.7441],[120.716,13.7422],[120.7171,13.7388],[120.7195,13.7334],[120.7209,13.7295],[120.7221,13.7281],[120.7227,13.7271],[120.7229,13.7249],[120.7241,13.7217],[120.7254,13.7202],[120.7267,13.7194],[120.7284,13.7172],[120.7289,13.7161],[120.7293,13.7161],[120.7292,13.7136],[120.7299,13.7105]]}},{"type":"Feature","properties":{"fault_name":"Verde Fault System","segment_name":null,"fault_class":"Active Fault","trace_type":"Certain","symbology":"Solid - red","mechanism":"Strike-Slip"},"geometry":{"type":"LineString","coordinates":[[121.1243,13.497],[121.119,13.495],[121.1165,13.4943],[121.1142,13.4932],[121.1043,13.493]]}},{"type":"Feature","properties":{"fault_name":"West Panay Fault","segment_name":null,"fault_class":"Active Fault","trace_type":"Certain","symbology":"Solid - red","mechanism":null},"geometry":{"type":"LineString","coordinates":[[122.2021,11.6436],[122.2104,11.588]]}},{"type":"Feature","properties":{"fault_name":"Balayan Fault","segment_name":null,"fault_class":"Potentially Active Fault","trace_type":"Approximate","symbology":"Dashed - black","mechanism":"Strike-Slip"},"geometry":{"type":"LineString","coordinates":[[120.692,13.918],[120.6923,13.9175],[120.6932,13.9171],[120.6944,13.9158]]}},{"type":"Feature","properties":{"fault_name":"Lubang Fault","segment_name":null,"fault_class":"Active Fault","trace_type":"Concealed","symbology":"Solid - red","mechanism":"Strike-Slip"},"geometry":{"type":"LineString","coordinates":[[120.8686,13.5277],[120.865,13.5279],[120.8571,13.5276],[120.8489,13.5282]]}},{"type":"Feature","properties":{"fault_name":"Unnamed Fault","segment_name":null,"fault_class":"Active Fault","trace_type":"Approximate","symbology":"Dashed - red","mechanism":null},"geometry":{"type":"LineString","coordinates":[[121.7046,14.1205],[121.7314,14.0851]]}},{"type":"Feature","properties":{"fault_name":"West Panay Fault","segment_name":null,"fault_class":"Active Fault","trace_type":"Certain","symbology":"Solid - red","mechanism":null},"geometry":{"type":"LineString","coordinates":[[122.145,11.7815],[122.1395,11.7931],[122.135,11.8011],[122.1302,11.8147]]}},{"type":"Feature","properties":{"fault_name":"Tablas Fault","segment_name":null,"fault_class":"Active Fault","trace_type":"Certain","symbology":"Solid - red","mechanism":null},"geometry":{"type":"LineString","coordinates":[[122.0711,12.3125],[122.0699,12.3094],[122.0689,12.3076],[122.067,12.3035]]}},{"type":"Feature","properties":{"fault_name":"Southern Masbate Fault","segment_name":null,"fault_class":"Potentially Active Fault","trace_type":"Approximate","symbology":"Dashed - black","mechanism":null},"geometry":{"type":"LineString","coordinates":[[124.0316,11.8656],[124.033,11.8632],[124.0362,11.8588],[124.0385,11.8541],[124.0391,11.8534]]}},{"type":"Feature","properties":{"fault_name":"Pulangbato Fault","segment_name":null,"fault_class":"Potentially Active Fault","trace_type":"Approximate","symbology":"Dashed - black","mechanism":"Strike-Slip"},"geometry":{"type":"LineString","coordinates":[[121.3884,13.748],[121.3881,13.7485],[121.3877,13.75]]}},{"type":"Feature","properties":{"fault_name":"Unnamed Fault","segment_name":null,"fault_class":"Active Fault","trace_type":"Certain","symbology":"Solid - red","mechanism":null},"geometry":{"type":"LineString","coordinates":[[122.588,13.4943],[122.5727,13.5081]]}},{"type":"Feature","properties":{"fault_name":"Batangas Bay Fault","segment_name":null,"fault_class":"Active Fault","trace_type":"Certain","symbology":"Solid - red","mechanism":"Strike-Slip"},"geometry":{"type":"LineString","coordinates":[[121.132,13.4241],[121.1297,13.4268],[121.1285,13.4283],[121.1278,13.4294],[121.127,13.43],[121.125,13.431],[121.1244,13.4318],[121.1242,13.4333],[121.1237,13.4342],[121.1226,13.435],[121.1213,13.4369],[121.1204,13.4388],[121.1197,13.4416],[121.1183,13.4434],[121.1169,13.4444]]}},{"type":"Feature","properties":{"fault_name":"Balayan Fault","segment_name":null,"fault_class":"Potentially Active Fault","trace_type":"Certain","symbology":"Solid - black","mechanism":"Strike-Slip"},"geometry":{"type":"LineString","coordinates":[[120.6969,13.9117],[120.6978,13.9092]]}},{"type":"Feature","properties":{"fault_name":"Verde Fault System","segment_name":null,"fault_class":"Active Fault","trace_type":"Certain","symbology":"Solid - red","mechanism":"Strike-Slip"},"geometry":{"type":"LineString","coordinates":[[121.2165,13.5155],[121.2153,13.5147],[121.214,13.5126]]}},{"type":"Feature","properties":{"fault_name":"Balayan Fault","segment_name":null,"fault_class":"Potentially Active Fault","trace_type":"Approximate","symbology":"Dashed - black","mechanism":"Strike-Slip"},"geometry":{"type":"LineString","coordinates":[[120.6869,13.9334],[120.688,13.9321]]}},{"type":"Feature","properties":{"fault_name":"Verde Fault System","segment_name":null,"fault_class":"Active Fault","trace_type":"Certain","symbology":"Solid - red","mechanism":"Strike-Slip"},"geometry":{"type":"LineString","coordinates":[[121.403,13.5437],[121.4001,13.541],[121.3985,13.5389],[121.3885,13.5313],[121.3839,13.5258],[121.3806,13.523],[121.3785,13.5215],[121.3749,13.5199]]}},{"type":"Feature","properties":{"fault_name":"Maribakan Fault","segment_name":null,"fault_class":"Potentially Active Fault","trace_type":"Approximate","symbology":"Dashed - black","mechanism":"Strike-Slip"},"geometry":{"type":"LineString","coordinates":[[120.8077,13.7692],[120.8091,13.7743],[120.8112,13.7842],[120.8115,13.7866],[120.8138,13.7898]]}},{"type":"Feature","properties":{"fault_name":"Verde Fault System","segment_name":null,"fault_class":"Active Fault","trace_type":"Approximate","symbology":"Dashed - red","mechanism":"Strike-Slip"},"geometry":{"type":"LineString","coordinates":[[121.2556,13.5123],[121.2519,13.511],[121.2491,13.5098],[121.2469,13.5091],[121.2417,13.5082],[121.236,13.5082],[121.2346,13.5085],[121.2327,13.5075],[121.2312,13.507],[121.2298,13.507],[121.2282,13.5071],[121.2255,13.5079],[121.2243,13.5077],[121.2235,13.5073]]}},{"type":"Feature","properties":{"fault_name":"Verde Fault System","segment_name":null,"fault_class":"Active Fault","trace_type":"Certain","symbology":"Solid - red","mechanism":"Strike-Slip"},"geometry":{"type":"LineString","coordinates":[[121.489,13.4764],[121.4943,13.4779],[121.497,13.4794],[121.4997,13.4804],[121.5046,13.4827]]}},{"type":"Feature","properties":{"fault_name":"Verde Fault System","segment_name":null,"fault_class":"Active Fault","trace_type":"Certain - Downthrown Area","symbology":"Hachured (E) - red","mechanism":"Strike-Slip"},"geometry":{"type":"LineString","coordinates":[[121.3219,13.5138],[121.3206,13.5127],[121.3191,13.5108]]}},{"type":"Feature","properties":{"fault_name":"North Verde Fault System","segment_name":null,"fault_class":"Active Fault","trace_type":"Certain - Downthrown Area","symbology":"Hachured (W) - red","mechanism":"Normal"},"geometry":{"type":"LineString","coordinates":[[121.0527,13.5637],[121.0512,13.5678],[121.0499,13.5739],[121.0502,13.5772]]}},{"type":"Feature","properties":{"fault_name":"North Verde Fault System","segment_name":null,"fault_class":"Active Fault","trace_type":"Certain","symbology":"Solid - red","mechanism":"Strike-Slip"},"geometry":{"type":"LineString","coordinates":[[121.1239,13.6005],[121.1263,13.6013],[121.1287,13.6017],[121.1294,13.602],[121.13,13.6024]]}},{"type":"Feature","properties":{"fault_name":"Verde Fault System","segment_name":null,"fault_class":"Active Fault","trace_type":"Certain - Downthrown Area","symbology":"Hachured (E) - red","mechanism":"Strike-Slip"},"geometry":{"type":"LineString","coordinates":[[121.306,13.5121],[121.3044,13.5109],[121.3029,13.5102],[121.3017,13.5101],[121.2999,13.5097],[121.2964,13.5086]]}},{"type":"Feature","properties":{"fault_name":"Lubang Fault","segment_name":null,"fault_class":"Active Fault","trace_type":"Certain - Downthrown Area","symbology":"Hachured (E) - red","mechanism":"Strike-Slip"},"geometry":{"type":"LineString","coordinates":[[120.9419,13.5383],[120.9409,13.5377],[120.9399,13.5366],[120.9384,13.5354]]}},{"type":"Feature","properties":{"fault_name":"North Verde Fault System","segment_name":null,"fault_class":"Active Fault","trace_type":"Approximate","symbology":"Dashed - red","mechanism":"Strike-Slip"},"geometry":{"type":"LineString","coordinates":[[121.173,13.5948],[121.1791,13.5954]]}},{"type":"Feature","properties":{"fault_name":"Balayan Fault","segment_name":null,"fault_class":"Potentially Active Fault","trace_type":"Approximate","symbology":"Dashed - black","mechanism":"Strike-Slip"},"geometry":{"type":"LineString","coordinates":[[120.6818,13.9381],[120.6822,13.9377]]}},{"type":"Feature","properties":{"fault_name":"Lubang Fault","segment_name":null,"fault_class":"Active Fault","trace_type":"Approximate","symbology":"Dashed - red","mechanism":"Strike-Slip"},"geometry":{"type":"LineString","coordinates":[[120.323,13.5932],[120.3031,13.5939],[120.2852,13.5943],[120.2684,13.5932],[120.2431,13.5929],[120.2249,13.5921],[120.2188,13.5929],[120.2067,13.5914],[120.2021,13.5925]]}},{"type":"Feature","properties":{"fault_name":"Calatagan Fault","segment_name":null,"fault_class":"Active Fault","trace_type":"Approximate","symbology":"Dashed - red","mechanism":"Strike-Slip"},"geometry":{"type":"LineString","coordinates":[[120.649,13.8638],[120.6483,13.8653],[120.6478,13.8656],[120.6474,13.8663],[120.6461,13.867],[120.6457,13.8674],[120.6451,13.8677]]}},{"type":"Feature","properties":{"fault_name":"Verde Fault System","segment_name":null,"fault_class":"Active Fault","trace_type":"Certain","symbology":"Solid - red","mechanism":"Strike-Slip"},"geometry":{"type":"LineString","coordinates":[[121.3272,13.5083],[121.3213,13.5074],[121.3119,13.5075],[121.3035,13.5065],[121.2915,13.5064],[121.2846,13.5085],[121.2804,13.509],[121.2761,13.5091],[121.2728,13.509],[121.2714,13.5095],[121.2689,13.5094]]}},{"type":"Feature","properties":{"fault_name":"Verde Fault System","segment_name":null,"fault_class":"Active Fault","trace_type":"Certain","symbology":"Solid - red","mechanism":"Strike-Slip"},"geometry":{"type":"LineString","coordinates":[[121.4596,13.4442],[121.4646,13.447],[121.469,13.4493],[121.4744,13.4517]]}},{"type":"Feature","properties":{"fault_name":"Balayan Fault","segment_name":null,"fault_class":"Potentially Active Fault","trace_type":"Certain","symbology":"Solid - black","mechanism":"Strike-Slip"},"geometry":{"type":"LineString","coordinates":[[120.6758,13.9446],[120.6767,13.9436],[120.6769,13.943],[120.6774,13.9427]]}},{"type":"Feature","properties":{"fault_name":"Central Verde Fault System","segment_name":null,"fault_class":"Active Fault","trace_type":"Certain - Downthrown Area","symbology":"Hachured (N) - red","mechanism":"Normal"},"geometry":{"type":"LineString","coordinates":[[121.1094,13.5449],[121.1076,13.5429],[121.1061,13.5409],[121.1052,13.5402]]}},{"type":"Feature","properties":{"fault_name":"Sibuyan Island Fault","segment_name":null,"fault_class":"Active Fault","trace_type":"Approximate","symbology":"Dashed - red","mechanism":null},"geometry":{"type":"LineString","coordinates":[[122.5696,12.331],[122.5704,12.3303],[122.5716,12.3286],[122.5739,12.327],[122.5749,12.3264],[122.5805,12.3247]]}},{"type":"Feature","properties":{"fault_name":"Maribakan Fault","segment_name":null,"fault_class":"Potentially Active Fault","trace_type":"Approximate - Downthrown Area","symbology":"Dashed (Hachured - N) - black","mechanism":"Strike-Slip"},"geometry":{"type":"LineString","coordinates":[[120.8277,13.7152],[120.8293,13.7121],[120.8342,13.7057]]}},{"type":"Feature","properties":{"fault_name":"Balayan Fault","segment_name":null,"fault_class":"Potentially Active Fault","trace_type":"Approximate","symbology":"Dashed - black","mechanism":"Strike-Slip"},"geometry":{"type":"LineString","coordinates":[[120.6978,13.9092],[120.7,13.9016],[120.7045,13.8912],[120.7105,13.8795],[120.717,13.8701],[120.7217,13.8623],[120.7243,13.8572],[120.726,13.8534],[120.73,13.8473],[120.7307,13.8457]]}},{"type":"Feature","properties":{"fault_name":"Balayan Fault","segment_name":null,"fault_class":"Potentially Active Fault","trace_type":"Approximate","symbology":"Dashed - black","mechanism":"Strike-Slip"},"geometry":{"type":"LineString","coordinates":[[120.6898,13.9215],[120.692,13.918]]}},{"type":"Feature","properties":{"fault_name":"Verde Fault System","segment_name":null,"fault_class":"Active Fault","trace_type":"Certain","symbology":"Solid - red","mechanism":"Strike-Slip"},"geometry":{"type":"LineString","coordinates":[[121.312,13.4974],[121.3139,13.4977],[121.3176,13.4976],[121.3209,13.4992],[121.3233,13.4996]]}},{"type":"Feature","properties":{"fault_name":"Verde Fault System","segment_name":null,"fault_class":"Active Fault","trace_type":"Certain","symbology":"Solid - red","mechanism":"Strike-Slip"},"geometry":{"type":"LineString","coordinates":[[121.1506,13.497],[121.1563,13.4991],[121.1597,13.5009],[121.161,13.5033],[121.1621,13.5057],[121.1639,13.5077],[121.1676,13.5113],[121.173,13.5198]]}},{"type":"Feature","properties":{"fault_name":"West Panay Fault","segment_name":null,"fault_class":"Active Fault","trace_type":"Certain","symbology":"Solid - red","mechanism":null},"geometry":{"type":"LineString","coordinates":[[122.2096,11.6516],[122.2153,11.5782],[122.2195,11.5509],[122.2256,11.5269],[122.2307,11.5042],[122.2627,11.3218],[122.294,11.1882],[122.3048,11.1232]]}},{"type":"Feature","properties":{"fault_name":"Verde Fault System","segment_name":null,"fault_class":"Active Fault","trace_type":"Certain","symbology":"Solid - red","mechanism":"Strike-Slip"},"geometry":{"type":"LineString","coordinates":[[121.5222,13.4718],[121.5251,13.4737],[121.5279,13.4747],[121.5308,13.4751]]}},{"type":"Feature","properties":{"fault_name":"Unnamed Approximate Offshore Projection","segment_name":null,"fault_class":"Active Fault","trace_type":"Approximate Offshore Projection","symbology":"Dotted - red","mechanism":null},"geometry":{"type":"LineString","coordinates":[[123.1107,13.03],[123.1098,13.0329],[123.1028,13.0519],[123.0892,13.08],[123.0805,13.0949],[123.0469,13.1439]]}},{"type":"Feature","properties":{"fault_name":"Verde Fault System","segment_name":null,"fault_class":"Active Fault","trace_type":"Approximate","symbology":"Dashed - red","mechanism":"Strike-Slip"},"geometry":{"type":"LineString","coordinates":[[121.5295,13.4585],[121.5243,13.4562],[121.5207,13.4541],[121.5179,13.4509],[121.5156,13.4475],[121.5114,13.4433],[121.5074,13.4402]]}},{"type":"Feature","properties":{"fault_name":"Verde Fault System","segment_name":null,"fault_class":"Active Fault","trace_type":"Certain - Downthrown Area","symbology":"Hachured (E) - red","mechanism":"Strike-Slip"},"geometry":{"type":"LineString","coordinates":[[121.1073,13.5183],[121.106,13.5177],[121.1029,13.5158],[121.1006,13.5132],[121.1002,13.5118],[121.0988,13.5101]]}},{"type":"Feature","properties":{"fault_name":"Calatagan Fault","segment_name":null,"fault_class":"Active Fault","trace_type":"Approximate","symbology":"Dashed - red","mechanism":"Strike-Slip"},"geometry":{"type":"LineString","coordinates":[[120.6517,13.8609],[120.65,13.8625],[120.649,13.8638]]}},{"type":"Feature","properties":{"fault_name":"Tablas Fault","segment_name":null,"fault_class":"Potentially Active Fault","trace_type":"Certain","symbology":"Solid - black","mechanism":null},"geometry":{"type":"LineString","coordinates":[[122.0754,12.3129],[122.0759,12.3132],[122.0762,12.3137],[122.0765,12.3149],[122.0775,12.3162],[122.0783,12.3181]]}},{"type":"Feature","properties":{"fault_name":"West Panay Fault","segment_name":null,"fault_class":"Active Fault","trace_type":"Approximate","symbology":"Dashed - red","mechanism":null},"geometry":{"type":"LineString","coordinates":[[122.1817,11.7287],[122.1864,11.7384],[122.1959,11.757]]}},{"type":"Feature","properties":{"fault_name":"West Panay Fault","segment_name":null,"fault_class":"Active Fault","trace_type":"Certain","symbology":"Solid - red","mechanism":null},"geometry":{"type":"LineString","coordinates":[[122.1807,11.6141],[122.1939,11.5709],[122.197,11.562]]}},{"type":"Feature","properties":{"fault_name":"Batangas Bay Fault","segment_name":null,"fault_class":"Active Fault","trace_type":"Certain","symbology":"Solid - red","mechanism":"Strike-Slip"},"geometry":{"type":"LineString","coordinates":[[121.0831,13.4821],[121.0868,13.478],[121.0871,13.4771],[121.0885,13.4757],[121.0911,13.4736],[121.0924,13.4723],[121.0957,13.4687],[121.0965,13.4674],[121.0977,13.4661]]}},{"type":"Feature","properties":{"fault_name":"Southern Mindoro Fault","segment_name":null,"fault_class":"Active Fault","trace_type":"Certain","symbology":"Solid - red","mechanism":null},"geometry":{"type":"LineString","coordinates":[[121.1927,12.4019],[121.2269,12.4244],[121.2549,12.4435],[121.2917,12.4626],[121.3197,12.4894]]}},{"type":"Feature","properties":{"fault_name":"Maribakan Fault","segment_name":null,"fault_class":"Potentially Active Fault","trace_type":"Approximate","symbology":"Dashed - black","mechanism":"Strike-Slip"},"geometry":{"type":"LineString","coordinates":[[120.8327,13.717],[120.8417,13.7131],[120.8482,13.7092],[120.8544,13.7039],[120.8571,13.7011],[120.8584,13.6989],[120.8616,13.6952],[120.8656,13.6911],[120.8714,13.6867]]}},{"type":"Feature","properties":{"fault_name":"Verde Fault System","segment_name":null,"fault_class":"Active Fault","trace_type":"Certain","symbology":"Solid - red","mechanism":"Strike-Slip"},"geometry":{"type":"LineString","coordinates":[[121.5281,13.4773],[121.5333,13.4792],[121.5399,13.4823],[121.546,13.4836]]}},{"type":"Feature","properties":{"fault_name":"Unnamed Fault","segment_name":null,"fault_class":"Active Fault","trace_type":"Certain","symbology":"Solid - red","mechanism":null},"geometry":{"type":"LineString","coordinates":[[122.5998,13.4983],[122.6068,13.4892]]}},{"type":"Feature","properties":{"fault_name":"North Verde Fault System","segment_name":null,"fault_class":"Active Fault","trace_type":"Certain","symbology":"Solid - red","mechanism":"Strike-Slip"},"geometry":{"type":"LineString","coordinates":[[121.1311,13.5943],[121.1207,13.5945]]}},{"type":"Feature","properties":{"fault_name":"Unnamed Fault","segment_name":null,"fault_class":"Active Fault","trace_type":"Certain","symbology":"Solid - red","mechanism":null},"geometry":{"type":"LineString","coordinates":[[122.5941,13.5053],[122.5908,13.5092]]}},{"type":"Feature","properties":{"fault_name":"Calatagan Fault","segment_name":null,"fault_class":"Active Fault","trace_type":"Certain - Downthrown Area","symbology":"Hachured (N) - red","mechanism":"Strike-Slip"},"geometry":{"type":"LineString","coordinates":[[120.7057,13.7554],[120.7041,13.7538],[120.7025,13.7517],[120.7001,13.747]]}},{"type":"Feature","properties":{"fault_name":"Calatagan Fault","segment_name":null,"fault_class":"Active Fault","trace_type":"Certain - Downthrown Area","symbology":"Hachured (E) - red","mechanism":"Strike-Slip"},"geometry":{"type":"LineString","coordinates":[[120.7202,13.721],[120.7197,13.7182],[120.7195,13.7157],[120.7192,13.7151],[120.7196,13.7124]]}},{"type":"Feature","properties":{"fault_name":"Calatagan Fault","segment_name":null,"fault_class":"Active Fault","trace_type":"Certain - Downthrown Area","symbology":"Hachured (E) - red","mechanism":"Strike-Slip"},"geometry":{"type":"LineString","coordinates":[[120.7033,13.762],[120.7032,13.7597],[120.7027,13.7568]]}},{"type":"Feature","properties":{"fault_name":"Lubang Fault","segment_name":null,"fault_class":"Active Fault","trace_type":"Approximate","symbology":"Dashed - red","mechanism":"Strike-Slip"},"geometry":{"type":"LineString","coordinates":[[120.7371,13.5498],[120.746,13.5516],[120.7553,13.5527],[120.7763,13.5502],[120.7849,13.5502],[120.7945,13.5512],[120.8056,13.5502],[120.8188,13.5477]]}},{"type":"Feature","properties":{"fault_name":"Central Marinduque Fault","segment_name":null,"fault_class":"Active Fault","trace_type":"Approximate","symbology":"Dashed - red","mechanism":null},"geometry":{"type":"LineString","coordinates":[[121.9462,13.3498],[121.9495,13.3449],[121.9525,13.3411],[121.9553,13.338],[121.9583,13.3337],[121.9603,13.3308],[121.9624,13.3264],[121.965,13.3228],[121.9673,13.3205],[121.9698,13.3182],[121.9708,13.3168],[121.9716,13.3148],[121.9742,13.311],[121.977,13.3078],[121.978,13.3069],[121.9839,13.303]]}},{"type":"Feature","properties":{"fault_name":"Calatagan Fault","segment_name":null,"fault_class":"Active Fault","trace_type":"Certain - Downthrown Area","symbology":"Hachured (E) - red","mechanism":"Strike-Slip"},"geometry":{"type":"LineString","coordinates":[[120.7111,13.7489],[120.7118,13.7453],[120.7128,13.7424],[120.7135,13.7414],[120.7138,13.7397],[120.7137,13.7386],[120.7139,13.7374],[120.7138,13.7364]]}},{"type":"Feature","properties":{"fault_name":"Verde Fault System","segment_name":null,"fault_class":"Active Fault","trace_type":"Certain","symbology":"Solid - red","mechanism":"Strike-Slip"},"geometry":{"type":"LineString","coordinates":[[121.5076,13.5059],[121.5123,13.5095],[121.5163,13.5111],[121.5293,13.5195],[121.5309,13.5217]]}},{"type":"Feature","properties":{"fault_name":"Lubang Fault","segment_name":null,"fault_class":"Active Fault","trace_type":"Certain","symbology":"Solid - red","mechanism":"Strike-Slip"},"geometry":{"type":"LineString","coordinates":[[120.9579,13.5554],[120.9611,13.5559],[120.9688,13.5561]]}},{"type":"Feature","properties":{"fault_name":"Central Marinduque Fault","segment_name":null,"fault_class":"Active Fault","trace_type":"Certain","symbology":"Solid - red","mechanism":null},"geometry":{"type":"LineString","coordinates":[[121.967,13.3236],[121.9679,13.3229],[121.9701,13.3197]]}},{"type":"Feature","properties":{"fault_name":"Calubcub Fault","segment_name":null,"fault_class":"Potentially Active Fault","trace_type":"Approximate","symbology":"Dashed - black","mechanism":"Reverse"},"geometry":{"type":"LineString","coordinates":[[121.4113,13.7344],[121.4108,13.7357]]}},{"type":"Feature","properties":{"fault_name":"Sibuyan Island Fault","segment_name":null,"fault_class":"Active Fault","trace_type":"Certain","symbology":"Hachured (E) - red","mechanism":null},"geometry":{"type":"LineString","coordinates":[[122.5508,12.3626],[122.5521,12.3612],[122.553,12.3598]]}},{"type":"Feature","properties":{"fault_name":"Calatagan Fault","segment_name":null,"fault_class":"Active Fault","trace_type":"Approximate","symbology":"Dashed - red","mechanism":"Strike-Slip"},"geometry":{"type":"LineString","coordinates":[[120.6445,13.868],[120.6443,13.8681]]}},{"type":"Feature","properties":{"fault_name":"Lubang Fault","segment_name":null,"fault_class":"Active Fault","trace_type":"Certain","symbology":"Solid - red","mechanism":"Strike-Slip"},"geometry":{"type":"LineString","coordinates":[[120.539,13.5544],[120.546,13.5565],[120.5495,13.557],[120.5564,13.5581],[120.5592,13.5584]]}},{"type":"Feature","properties":{"fault_name":"Lubang Fault","segment_name":null,"fault_class":"Active Fault","trace_type":"Certain","symbology":"Solid - red","mechanism":"Strike-Slip"},"geometry":{"type":"LineString","coordinates":[[121.0002,13.5411],[121.0051,13.5404],[121.0075,13.5395],[121.0134,13.5391],[121.0164,13.5393]]}},{"type":"Feature","properties":{"fault_name":"Verde Fault System","segment_name":null,"fault_class":"Active Fault","trace_type":"Certain - Downthrown Area","symbology":"Hachured (E) - red","mechanism":"Strike-Slip"},"geometry":{"type":"LineString","coordinates":[[121.3134,13.5147],[121.3134,13.5137],[121.3117,13.5121],[121.31,13.5109]]}},{"type":"Feature","properties":{"fault_name":"Central Verde Fault System","segment_name":null,"fault_class":"Active Fault","trace_type":"Certain - Downthrown Area","symbology":"Hachured (N) - red","mechanism":"Normal"},"geometry":{"type":"LineString","coordinates":[[121.1089,13.5825],[121.1075,13.5811],[121.1055,13.5778],[121.104,13.5766],[121.1026,13.5748],[121.1005,13.5726],[121.0986,13.5708],[121.098,13.5706]]}},{"type":"Feature","properties":{"fault_name":"Southern Masbate Fault","segment_name":null,"fault_class":"Potentially Active Fault","trace_type":"Approximate","symbology":"Dashed - black","mechanism":null},"geometry":{"type":"LineString","coordinates":[[124.02,11.8764],[124.0208,11.8746],[124.023,11.8712],[124.0233,11.8708],[124.0263,11.8689],[124.03,11.8652]]}},{"type":"Feature","properties":{"fault_name":"Central Mindoro Fault","segment_name":null,"fault_class":"Active Fault","trace_type":"Certain","symbology":"Solid - red","mechanism":null},"geometry":{"type":"LineString","coordinates":[[120.9933,13.5078],[120.9928,13.5055],[120.9932,13.502],[120.9928,13.5002],[120.9929,13.4986],[120.9925,13.4969],[120.9927,13.4944],[120.9934,13.491],[120.9944,13.489]]}},{"type":"Feature","properties":{"fault_name":"Verde Fault System","segment_name":null,"fault_class":"Active Fault","trace_type":"Approximate","symbology":"Dashed - red","mechanism":"Strike-Slip"},"geometry":{"type":"LineString","coordinates":[[121.1914,13.5529],[121.1928,13.5545]]}},{"type":"Feature","properties":{"fault_name":"Malindig Fault","segment_name":null,"fault_class":"Potentially Active Fault","trace_type":"Certain","symbology":"Hachured (E) - black","mechanism":null},"geometry":{"type":"LineString","coordinates":[[121.9794,13.2433],[121.9789,13.2417],[121.9787,13.2388],[121.9783,13.237],[121.9782,13.235],[121.9777,13.232]]}},{"type":"Feature","properties":{"fault_name":"Balayan Fault","segment_name":null,"fault_class":"Potentially Active Fault","trace_type":"Approximate","symbology":"Dashed - black","mechanism":"Strike-Slip"},"geometry":{"type":"LineString","coordinates":[[120.6831,13.9368],[120.6846,13.9358]]}},{"type":"Feature","properties":{"fault_name":"Sibuyan Island Fault","segment_name":null,"fault_class":"Active Fault","trace_type":"Approximate","symbology":"Dashed - red","mechanism":null},"geometry":{"type":"LineString","coordinates":[[122.5627,12.3371],[122.5636,12.3362],[122.5648,12.3355],[122.5671,12.3331],[122.5681,12.3324],[122.5696,12.331]]}},{"type":"Feature","properties":{"fault_name":"Verde Fault System","segment_name":null,"fault_class":"Active Fault","trace_type":"Certain","symbology":"Solid - red","mechanism":"Strike-Slip"},"geometry":{"type":"LineString","coordinates":[[121.2094,13.5077],[121.2057,13.5059],[121.2044,13.5056],[121.1975,13.5031],[121.1939,13.5012],[121.1918,13.4998]]}},{"type":"Feature","properties":{"fault_name":"Verde Fault System","segment_name":null,"fault_class":"Active Fault","trace_type":"Approximate","symbology":"Dashed - red","mechanism":"Strike-Slip"},"geometry":{"type":"LineString","coordinates":[[121.1111,13.4638],[121.1162,13.4648],[121.1217,13.4663],[121.1295,13.4688],[121.1323,13.4685]]}},{"type":"Feature","properties":{"fault_name":"Batangas Bay Fault","segment_name":null,"fault_class":"Active Fault","trace_type":"Certain - Downthrown Area","symbology":"Hachured (E) - red","mechanism":"Strike-Slip"},"geometry":{"type":"LineString","coordinates":[[120.9728,13.6541],[120.9726,13.6524],[120.9739,13.6502],[120.9732,13.6493]]}},{"type":"Feature","properties":{"fault_name":"Verde Fault System","segment_name":null,"fault_class":"Active Fault","trace_type":"Certain","symbology":"Solid - red","mechanism":"Strike-Slip"},"geometry":{"type":"LineString","coordinates":[[121.3298,13.4961],[121.3334,13.4968],[121.3371,13.4965],[121.3402,13.4968],[121.3435,13.4977]]}},{"type":"Feature","properties":{"fault_name":"Central Marinduque Fault","segment_name":null,"fault_class":"Active Fault","trace_type":"Certain","symbology":"Solid - red","mechanism":null},"geometry":{"type":"LineString","coordinates":[[121.9383,13.3629],[121.9409,13.3601],[121.9443,13.357]]}},{"type":"Feature","properties":{"fault_name":"Sibuyan Island Fault","segment_name":null,"fault_class":"Active Fault","trace_type":"Approximate","symbology":"Dashed - red","mechanism":null},"geometry":{"type":"LineString","coordinates":[[122.5973,12.3156],[122.6052,12.3106],[122.6086,12.3091],[122.6139,12.3075],[122.6156,12.3067],[122.618,12.305],[122.6209,12.3024]]}},{"type":"Feature","properties":{"fault_name":"Central Marinduque Fault","segment_name":null,"fault_class":"Active Fault","trace_type":"Certain","symbology":"Solid - red","mechanism":null},"geometry":{"type":"LineString","coordinates":[[121.9102,13.3967],[121.9122,13.3946],[121.9148,13.3928],[121.9156,13.392],[121.9168,13.3905],[121.9186,13.3887],[121.9222,13.386],[121.9234,13.3845]]}},{"type":"Feature","properties":{"fault_name":"Verde Fault System","segment_name":null,"fault_class":"Active Fault","trace_type":"Certain","symbology":"Solid - red","mechanism":"Strike-Slip"},"geometry":{"type":"LineString","coordinates":[[121.4736,13.5151],[121.4766,13.5144],[121.4783,13.5151],[121.48,13.5149],[121.4841,13.5141],[121.4864,13.514],[121.4933,13.5164],[121.498,13.5183],[121.5008,13.5187],[121.5031,13.5197],[121.508,13.5213]]}},{"type":"Feature","properties":{"fault_name":"North Verde Fault System","segment_name":null,"fault_class":"Active Fault","trace_type":"Approximate","symbology":"Dashed - red","mechanism":"Strike-Slip"},"geometry":{"type":"LineString","coordinates":[[121.1576,13.6045],[121.1677,13.601],[121.1721,13.599],[121.176,13.598],[121.178,13.5977]]}},{"type":"Feature","properties":{"fault_name":"Central Verde Fault System","segment_name":null,"fault_class":"Active Fault","trace_type":"Certain - Downthrown Area","symbology":"Hachured (N) - red","mechanism":"Normal"},"geometry":{"type":"LineString","coordinates":[[121.1093,13.5566],[121.1081,13.5551],[121.1057,13.5536],[121.1041,13.5518],[121.1004,13.5493],[121.0967,13.5472],[121.0949,13.5459],[121.0933,13.5442],[121.0929,13.5431],[121.0921,13.5423],[121.0901,13.5414],[121.0864,13.5387],[121.085,13.5367],[121.085,13.5335],[121.0847,13.5319],[121.0842,13.5298],[121.0834,13.5285]]}},{"type":"Feature","properties":{"fault_name":"Balayan Fault","segment_name":null,"fault_class":"Potentially Active Fault","trace_type":"Certain","symbology":"Solid - black","mechanism":"Strike-Slip"},"geometry":{"type":"LineString","coordinates":[[120.696,13.913],[120.6964,13.9122]]}},{"type":"Feature","properties":{"fault_name":"Calatagan Fault","segment_name":null,"fault_class":"Active Fault","trace_type":"Approximate","symbology":"Dashed - red","mechanism":"Strike-Slip"},"geometry":{"type":"LineString","coordinates":[[120.644,13.8692],[120.6433,13.8722],[120.6434,13.8728],[120.6432,13.8735],[120.6425,13.874],[120.6423,13.8747],[120.6416,13.8753]]}},{"type":"Feature","properties":{"fault_name":"Central Marinduque Fault","segment_name":null,"fault_class":"Active Fault","trace_type":"Approximate","symbology":"Dashed - red","mechanism":null},"geometry":{"type":"LineString","coordinates":[[121.9263,13.3816],[121.9277,13.3787],[121.9294,13.3747],[121.9297,13.3735]]}},{"type":"Feature","properties":{"fault_name":"Malindig Fault","segment_name":null,"fault_class":"Potentially Active Fault","trace_type":"Certain","symbology":"Hachured (S) - black","mechanism":null},"geometry":{"type":"LineString","coordinates":[[122.0076,13.2747],[122.0096,13.2742],[122.0118,13.2739]]}},{"type":"Feature","properties":{"fault_name":"West Panay Fault","segment_name":null,"fault_class":"Active Fault","trace_type":"Certain - Downthrown Area","symbology":"Hachured (E) - red","mechanism":null},"geometry":{"type":"LineString","coordinates":[[122.1506,11.7567],[122.1544,11.7486]]}},{"type":"Feature","properties":{"fault_name":"Verde Fault System","segment_name":null,"fault_class":"Active Fault","trace_type":"Certain","symbology":"Solid - red","mechanism":"Strike-Slip"},"geometry":{"type":"LineString","coordinates":[[121.4268,13.505],[121.4206,13.5002],[121.4166,13.4974],[121.4147,13.4955],[121.4147,13.495],[121.413,13.4926],[121.4116,13.4917]]}},{"type":"Feature","properties":{"fault_name":"Calubcub Fault","segment_name":null,"fault_class":"Potentially Active Fault","trace_type":"Certain","symbology":"Solid - black","mechanism":"Reverse"},"geometry":{"type":"LineString","coordinates":[[121.3844,13.7063],[121.3858,13.7074],[121.3875,13.7094],[121.3884,13.71],[121.3896,13.7111],[121.3908,13.7119],[121.3916,13.713],[121.3928,13.7137],[121.3951,13.7147],[121.396,13.7156],[121.3971,13.7161],[121.3982,13.717],[121.3988,13.7176],[121.3992,13.7177],[121.4011,13.719],[121.4018,13.7201],[121.4021,13.7203]]}},{"type":"Feature","properties":{"fault_name":"Central Marinduque Fault","segment_name":null,"fault_class":"Active Fault","trace_type":"Approximate","symbology":"Dashed - red","mechanism":null},"geometry":{"type":"LineString","coordinates":[[121.9381,13.3632],[121.9383,13.3629]]}},{"type":"Feature","properties":{"fault_name":"Balayan Fault","segment_name":null,"fault_class":"Potentially Active Fault","trace_type":"Approximate","symbology":"Dashed - black","mechanism":"Strike-Slip"},"geometry":{"type":"LineString","coordinates":[[120.6856,13.9342],[120.6861,13.9337],[120.6869,13.9334]]}},{"type":"Feature","properties":{"fault_name":"Unnamed Offshore Projection","segment_name":null,"fault_class":"Active Fault","trace_type":"Approximate Offshore Projection","symbology":"Dotted - red","mechanism":null},"geometry":{"type":"LineString","coordinates":[[122.7236,13.32],[122.6166,13.4724]]}},{"type":"Feature","properties":{"fault_name":"Unnamed Fault","segment_name":null,"fault_class":"Active Fault","trace_type":"Certain","symbology":"Solid - red","mechanism":null},"geometry":{"type":"LineString","coordinates":[[122.6068,13.4878],[122.6167,13.4753]]}},{"type":"Feature","properties":{"fault_name":"Unnamed Fault","segment_name":null,"fault_class":"Active Fault","trace_type":"Certain","symbology":"Solid - red","mechanism":null},"geometry":{"type":"LineString","coordinates":[[122.5908,13.5095],[122.5868,13.5136]]}},{"type":"Feature","properties":{"fault_name":"Unnamed Fault","segment_name":null,"fault_class":"Active Fault","trace_type":"Certain","symbology":"Solid - red","mechanism":null},"geometry":{"type":"LineString","coordinates":[[122.5803,13.521],[122.579,13.5221]]}},{"type":"Feature","properties":{"fault_name":"Batangas Bay Fault","segment_name":null,"fault_class":"Active Fault","trace_type":"Certain","symbology":"Solid - red","mechanism":"Strike-Slip"},"geometry":{"type":"LineString","coordinates":[[120.9954,13.6176],[120.9991,13.6154],[121.0007,13.6137]]}},{"type":"Feature","properties":{"fault_name":"North Verde Fault System","segment_name":null,"fault_class":"Active Fault","trace_type":"Certain - Downthrown Area","symbology":"Hachured (N) - red","mechanism":"Normal"},"geometry":{"type":"LineString","coordinates":[[121.0492,13.5947],[121.0489,13.5882]]}},{"type":"Feature","properties":{"fault_name":"Verde Fault System","segment_name":null,"fault_class":"Active Fault","trace_type":"Certain","symbology":"Solid - red","mechanism":"Strike-Slip"},"geometry":{"type":"LineString","coordinates":[[121.5138,13.5386],[121.5084,13.5339],[121.5014,13.5265],[121.498,13.5238],[121.4932,13.5217],[121.4883,13.5204]]}},{"type":"Feature","properties":{"fault_name":"Sibuyan Island Fault","segment_name":null,"fault_class":"Active Fault","trace_type":"Approximate","symbology":"Dashed - red","mechanism":null},"geometry":{"type":"LineString","coordinates":[[122.6143,12.3041],[122.6195,12.2983],[122.6218,12.2954],[122.6237,12.2925],[122.6316,12.2854],[122.6321,12.2848]]}},{"type":"Feature","properties":{"fault_name":"Verde Fault System","segment_name":null,"fault_class":"Active Fault","trace_type":"Certain","symbology":"Solid - red","mechanism":"Strike-Slip"},"geometry":{"type":"LineString","coordinates":[[121.1096,13.495],[121.1055,13.4946],[121.0986,13.4945],[121.0944,13.4935],[121.0883,13.495]]}},{"type":"Feature","properties":{"fault_name":"Central Verde Fault System","segment_name":null,"fault_class":"Active Fault","trace_type":"Certain - Downthrown Area","symbology":"Hachured (N) - red","mechanism":"Normal"},"geometry":{"type":"LineString","coordinates":[[121.1218,13.5563],[121.1204,13.5537],[121.1188,13.552],[121.114,13.5477],[121.1119,13.5462],[121.1098,13.5442],[121.1095,13.5432],[121.1084,13.5427]]}},{"type":"Feature","properties":{"fault_name":"Verde Fault System","segment_name":null,"fault_class":"Active Fault","trace_type":"Certain","symbology":"Solid - red","mechanism":"Strike-Slip"},"geometry":{"type":"LineString","coordinates":[[121.1778,13.4496],[121.1785,13.45],[121.1808,13.4502]]}},{"type":"Feature","properties":{"fault_name":"Balayan Fault","segment_name":null,"fault_class":"Potentially Active Fault","trace_type":"Approximate","symbology":"Dashed - black","mechanism":"Strike-Slip"},"geometry":{"type":"LineString","coordinates":[[120.6788,13.9417],[120.6781,13.9424],[120.6774,13.9427]]}},{"type":"Feature","properties":{"fault_name":"North Verde Fault System","segment_name":null,"fault_class":"Active Fault","trace_type":"Certain - Downthrown Area","symbology":"Hachured (E) - red","mechanism":null},"geometry":{"type":"LineString","coordinates":[[121.0883,13.6007],[121.0854,13.5985],[121.0813,13.5945],[121.0774,13.5915],[121.0756,13.5892],[121.0742,13.5861],[121.0738,13.5838],[121.0723,13.5812],[121.0717,13.5794],[121.0699,13.5765]]}},{"type":"Feature","properties":{"fault_name":"Calatagan Fault","segment_name":null,"fault_class":"Active Fault","trace_type":"Approximate","symbology":"Dashed - red","mechanism":"Strike-Slip"},"geometry":{"type":"LineString","coordinates":[[120.6445,13.868],[120.6445,13.868]]}},{"type":"Feature","properties":{"fault_name":"Maribakan Fault","segment_name":null,"fault_class":"Potentially Active Fault","trace_type":"Approximate","symbology":"Dashed - black","mechanism":null},"geometry":{"type":"LineString","coordinates":[[120.8762,13.6829],[120.8785,13.6807]]}},{"type":"Feature","properties":{"fault_name":"Lubang Fault","segment_name":null,"fault_class":"Active Fault","trace_type":"Certain","symbology":"Solid - red","mechanism":"Strike-Slip"},"geometry":{"type":"LineString","coordinates":[[120.9699,13.5434],[120.9817,13.5458],[120.988,13.5478],[120.9898,13.5481]]}},{"type":"Feature","properties":{"fault_name":"North Verde Fault System","segment_name":null,"fault_class":"Active Fault","trace_type":"Certain - Downthrown Area","symbology":"Hachured (E) - red","mechanism":null},"geometry":{"type":"LineString","coordinates":[[121.0979,13.6093],[121.0942,13.6047]]}},{"type":"Feature","properties":{"fault_name":"Calatagan Fault","segment_name":null,"fault_class":"Active Fault","trace_type":"Approximate","symbology":"Dashed - red","mechanism":"Strike-Slip"},"geometry":{"type":"LineString","coordinates":[[120.6443,13.8681],[120.6437,13.8686]]}},{"type":"Feature","properties":{"fault_name":"Central Mindoro Fault","segment_name":null,"fault_class":"Active Fault","trace_type":"Certain","symbology":"Solid - red","mechanism":null},"geometry":{"type":"LineString","coordinates":[[121.2111,12.9624],[121.2018,12.9761],[121.2002,12.9958]]}},{"type":"Feature","properties":{"fault_name":"Lubang Fault","segment_name":null,"fault_class":"Active Fault","trace_type":"Certain - Downthrown Area","symbology":"Hachured (E) - red","mechanism":"Strike-Slip"},"geometry":{"type":"LineString","coordinates":[[120.9326,13.5375],[120.9297,13.5348],[120.927,13.5326],[120.9249,13.5319]]}},{"type":"Feature","properties":{"fault_name":"Lubang Fault","segment_name":null,"fault_class":"Active Fault","trace_type":"Certain","symbology":"Solid - red","mechanism":"Strike-Slip"},"geometry":{"type":"LineString","coordinates":[[120.8188,13.5477],[120.825,13.5451],[120.8304,13.5432],[120.8324,13.5429],[120.8344,13.543],[120.8368,13.5438],[120.8406,13.5441],[120.8437,13.5431],[120.8469,13.5429],[120.8499,13.5431],[120.8545,13.5452]]}},{"type":"Feature","properties":{"fault_name":"Calatagan Fault","segment_name":null,"fault_class":"Active Fault","trace_type":"Approximate","symbology":"Dashed - red","mechanism":"Strike-Slip"},"geometry":{"type":"LineString","coordinates":[[120.6372,13.8856],[120.6381,13.8878]]}},{"type":"Feature","properties":{"fault_name":"Maribakan Fault","segment_name":null,"fault_class":"Potentially Active Fault","trace_type":"Approximate","symbology":"Dashed - black","mechanism":"Strike-Slip"},"geometry":{"type":"LineString","coordinates":[[120.7968,13.7664],[120.7948,13.7719],[120.7915,13.7782]]}},{"type":"Feature","properties":{"fault_name":"Balayan Fault","segment_name":null,"fault_class":"Potentially Active Fault","trace_type":"Certain","symbology":"Solid - black","mechanism":"Strike-Slip"},"geometry":{"type":"LineString","coordinates":[[120.6847,13.9357],[120.6856,13.9342]]}},{"type":"Feature","properties":{"fault_name":"Sibuyan Island Fault","segment_name":null,"fault_class":"Active Fault","trace_type":"Approximate","symbology":"Dashed - red","mechanism":null},"geometry":{"type":"LineString","coordinates":[[122.553,12.3598],[122.554,12.3532],[122.5546,12.3502],[122.5554,12.3475],[122.5576,12.3433],[122.56,12.3402],[122.5627,12.3371]]}},{"type":"Feature","properties":{"fault_name":"Verde Fault System","segment_name":null,"fault_class":"Active Fault","trace_type":"Certain","symbology":"Solid - red","mechanism":"Strike-Slip"},"geometry":{"type":"LineString","coordinates":[[121.1492,13.5002],[121.1456,13.5002],[121.1393,13.4989],[121.1363,13.4992],[121.1243,13.497]]}},{"type":"Feature","properties":{"fault_name":"North Verde Fault System","segment_name":null,"fault_class":"Active Fault","trace_type":"Certain - Downthrown Area","symbology":"Hachured (E) - red","mechanism":"Normal"},"geometry":{"type":"LineString","coordinates":[[121.0495,13.5821],[121.0502,13.5808],[121.0503,13.579],[121.0502,13.5772]]}},{"type":"Feature","properties":{"fault_name":"North Tablas Fault","segment_name":null,"fault_class":"Potentially Active Fault","trace_type":"Approximate - Upthrown Area","symbology":"Dashed (Sawteeth - W) - black","mechanism":null},"geometry":{"type":"LineString","coordinates":[[122.1145,12.5092],[122.1125,12.5066],[122.1095,12.4995]]}},{"type":"Feature","properties":{"fault_name":"Maribakan Fault","segment_name":null,"fault_class":"Potentially Active Fault","trace_type":"Approximate","symbology":"Dashed - black","mechanism":"Strike-Slip"},"geometry":{"type":"LineString","coordinates":[[120.8099,13.7669],[120.812,13.7692],[120.8156,13.775],[120.8171,13.7792],[120.817,13.7825],[120.8167,13.7847],[120.8176,13.7871]]}},{"type":"Feature","properties":{"fault_name":"North Marinduque Fault","segment_name":null,"fault_class":"Active Fault","trace_type":"Approximate","symbology":"Dashed - red","mechanism":null},"geometry":{"type":"LineString","coordinates":[[121.9911,13.4921],[121.9928,13.493],[121.9957,13.4942],[121.999,13.4957]]}},{"type":"Feature","properties":{"fault_name":"Unnamed Approximate Offshore Projection","segment_name":null,"fault_class":"Active Fault","trace_type":"Approximate Offshore Projection","symbology":"Dotted - red","mechanism":null},"geometry":{"type":"LineString","coordinates":[[123.1434,12.977],[123.2251,12.9061]]}},{"type":"Feature","properties":{"fault_name":"North Verde Fault System","segment_name":null,"fault_class":"Active Fault","trace_type":"Certain","symbology":"Solid - red","mechanism":"Strike-Slip"},"geometry":{"type":"LineString","coordinates":[[121.1554,13.5949],[121.1578,13.5946],[121.1619,13.5946],[121.1644,13.5945],[121.1676,13.595],[121.1705,13.595],[121.173,13.5948]]}},{"type":"Feature","properties":{"fault_name":"Verde Fault System","segment_name":null,"fault_class":"Active Fault","trace_type":"Certain","symbology":"Solid - red","mechanism":"Strike-Slip"},"geometry":{"type":"LineString","coordinates":[[121.4501,13.4211],[121.4549,13.4249],[121.4584,13.4273],[121.4618,13.4309],[121.4626,13.4321],[121.4664,13.4357]]}},{"type":"Feature","properties":{"fault_name":"Central Mindoro Fault","segment_name":null,"fault_class":"Active Fault","trace_type":"Certain","symbology":"Solid - red","mechanism":null},"geometry":{"type":"LineString","coordinates":[[121.0251,13.3782],[121.0429,13.3392],[121.0561,13.3237],[121.0712,13.3029],[121.0783,13.2787],[121.096,13.2337],[121.1032,13.2112],[121.1138,13.1843],[121.1192,13.1523],[121.1352,13.1281],[121.1467,13.0969],[121.1502,13.0909]]}},{"type":"Feature","properties":{"fault_name":"Lubang Fault","segment_name":null,"fault_class":"Active Fault","trace_type":"Approximate","symbology":"Dashed - red","mechanism":"Strike-Slip"},"geometry":{"type":"LineString","coordinates":[[120.7745,13.591],[120.7726,13.5867],[120.7705,13.5828],[120.7687,13.581]]}},{"type":"Feature","properties":{"fault_name":"Batangas Bay Fault","segment_name":null,"fault_class":"Active Fault","trace_type":"Certain","symbology":"Solid - red","mechanism":"Strike-Slip"},"geometry":{"type":"LineString","coordinates":[[120.9342,13.6797],[120.9349,13.6773],[120.935,13.6758],[120.9354,13.6746],[120.9382,13.67]]}},{"type":"Feature","properties":{"fault_name":"Calatagan Fault","segment_name":null,"fault_class":"Active Fault","trace_type":"Approximate","symbology":"Dashed - red","mechanism":"Strike-Slip"},"geometry":{"type":"LineString","coordinates":[[120.6517,13.8608],[120.6517,13.8609]]}},{"type":"Feature","properties":{"fault_name":"Calatagan Fault","segment_name":null,"fault_class":"Active Fault","trace_type":"Certain - Downthrown Area","symbology":"Hachured (E) - red","mechanism":"Strike-Slip"},"geometry":{"type":"LineString","coordinates":[[120.6992,13.7681],[120.6994,13.7646],[120.6987,13.7597]]}},{"type":"Feature","properties":{"fault_name":"Unnamed Fault","segment_name":null,"fault_class":"Active Fault","trace_type":"Certain","symbology":"Solid - red","mechanism":null},"geometry":{"type":"LineString","coordinates":[[122.5567,13.5446],[122.554,13.5478],[122.5397,13.5606],[122.5381,13.563],[122.5352,13.566]]}},{"type":"Feature","properties":{"fault_name":"North Verde Fault System","segment_name":null,"fault_class":"Active Fault","trace_type":"Approximate","symbology":"Dashed - red","mechanism":"Strike-Slip"},"geometry":{"type":"LineString","coordinates":[[121.1076,13.5984],[121.1027,13.5985],[121.0997,13.5987],[121.0965,13.5996],[121.0938,13.6011]]}},{"type":"Feature","properties":{"fault_name":"Calatagan Fault","segment_name":null,"fault_class":"Potentially Active Fault","trace_type":"Certain - Downthrown Area","symbology":"Hachured (E) - black","mechanism":"Strike-Slip"},"geometry":{"type":"LineString","coordinates":[[120.7499,13.7401],[120.748,13.7336],[120.7467,13.7313],[120.7454,13.7295],[120.7449,13.7264],[120.7435,13.7244]]}},{"type":"Feature","properties":{"fault_name":"Unnamed Fault","segment_name":null,"fault_class":"Active Fault","trace_type":"Certain","symbology":"Solid - red","mechanism":null},"geometry":{"type":"LineString","coordinates":[[122.5844,13.5166],[122.5821,13.5188]]}},{"type":"Feature","properties":{"fault_name":"Unnamed Offshore Projection","segment_name":null,"fault_class":"Active Fault","trace_type":"Approximate Offshore Projection","symbology":"Dotted - red","mechanism":null},"geometry":{"type":"LineString","coordinates":[[122.6463,13.5017],[122.5942,13.5502],[122.557,13.5786],[122.5015,13.6277],[122.4614,13.6708]]}},{"type":"Feature","properties":{"fault_name":"North Verde Fault System","segment_name":null,"fault_class":"Active Fault","trace_type":"Certain","symbology":"Solid - red","mechanism":"Strike-Slip"},"geometry":{"type":"LineString","coordinates":[[121.2073,13.5939],[121.2061,13.5944],[121.204,13.5943],[121.2027,13.5939],[121.1999,13.5941]]}},{"type":"Feature","properties":{"fault_name":"Verde Fault System","segment_name":null,"fault_class":"Active Fault","trace_type":"Certain - Downthrown Area","symbology":"Hachured (E) - red","mechanism":"Strike-Slip"},"geometry":{"type":"LineString","coordinates":[[121.1213,13.5179],[121.1185,13.5166],[121.1161,13.5159],[121.1153,13.5153],[121.1137,13.5154],[121.1122,13.5153],[121.1114,13.5149],[121.1103,13.5143],[121.109,13.5128],[121.1082,13.5112],[121.108,13.5104]]}},{"type":"Feature","properties":{"fault_name":"Balayan Fault","segment_name":null,"fault_class":"Potentially Active Fault","trace_type":"Approximate","symbology":"Dashed - black","mechanism":"Strike-Slip"},"geometry":{"type":"LineString","coordinates":[[120.6964,13.9122],[120.6969,13.9117]]}},{"type":"Feature","properties":{"fault_name":"Batangas Bay Fault","segment_name":null,"fault_class":"Active Fault","trace_type":"Approximate","symbology":"Dashed - red","mechanism":"Strike-Slip"},"geometry":{"type":"LineString","coordinates":[[120.9018,13.7479],[120.9037,13.7451]]}},{"type":"Feature","properties":{"fault_name":"Unnamed Fault","segment_name":null,"fault_class":"Active Fault","trace_type":"Certain","symbology":"Solid - red","mechanism":null},"geometry":{"type":"LineString","coordinates":[[122.5714,13.5259],[122.569,13.5281],[122.567,13.5303],[122.5606,13.5356],[122.5558,13.5411]]}},{"type":"Feature","properties":{"fault_name":"Central Marinduque Fault","segment_name":null,"fault_class":"Active Fault","trace_type":"Approximate","symbology":"Dashed - red","mechanism":null},"geometry":{"type":"LineString","coordinates":[[121.9701,13.3197],[121.9705,13.319],[121.9725,13.3171],[121.975,13.3138]]}},{"type":"Feature","properties":{"fault_name":"Calubcub Fault","segment_name":null,"fault_class":"Potentially Active Fault","trace_type":"Certain","symbology":"Solid - black","mechanism":"Reverse"},"geometry":{"type":"LineString","coordinates":[[121.4086,13.7264],[121.4094,13.7273],[121.4096,13.7281]]}},{"type":"Feature","properties":{"fault_name":"West Panay Fault","segment_name":null,"fault_class":"Active Fault","trace_type":"Certain - Downthrown Area","symbology":"Hachured (E) - red","mechanism":null},"geometry":{"type":"LineString","coordinates":[[122.1448,11.7806],[122.1526,11.759]]}},{"type":"Feature","properties":{"fault_name":"Lubang Fault","segment_name":null,"fault_class":"Active Fault","trace_type":"Certain - Downthrown Area","symbology":"Hachured (E) - red","mechanism":"Strike-Slip"},"geometry":{"type":"LineString","coordinates":[[120.8936,13.5406],[120.8921,13.5393],[120.8917,13.5385],[120.8911,13.5378],[120.8861,13.5336],[120.8856,13.5323],[120.8852,13.5316],[120.8838,13.5305],[120.8831,13.5293],[120.8808,13.5267],[120.8801,13.5263],[120.8769,13.5256],[120.8754,13.5244],[120.8748,13.5242],[120.8744,13.5236],[120.8732,13.5231],[120.8722,13.522]]}},{"type":"Feature","properties":{"fault_name":"Aglubang River Fault","segment_name":null,"fault_class":"Active Fault","trace_type":"Certain","symbology":"Solid - red","mechanism":null},"geometry":{"type":"LineString","coordinates":[[121.1902,13.2112],[121.1902,13.1956],[121.1921,13.1705],[121.1913,13.1515]]}},{"type":"Feature","properties":{"fault_name":"North Marinduque Fault","segment_name":null,"fault_class":"Active Fault","trace_type":"Approximate","symbology":"Dashed - red","mechanism":null},"geometry":{"type":"LineString","coordinates":[[121.9613,13.4925],[121.9644,13.4919],[121.9674,13.4916],[121.9782,13.4921],[121.9808,13.4919],[121.9846,13.491],[121.9854,13.491]]}},{"type":"Feature","properties":{"fault_name":"Verde Fault System","segment_name":null,"fault_class":"Active Fault","trace_type":"Certain","symbology":"Solid - red","mechanism":"Strike-Slip"},"geometry":{"type":"LineString","coordinates":[[121.5384,13.4671],[121.5445,13.4684],[121.5531,13.4693]]}},{"type":"Feature","properties":{"fault_name":"Verde Fault System","segment_name":null,"fault_class":"Active Fault","trace_type":"Approximate","symbology":"Dashed - red","mechanism":"Strike-Slip"},"geometry":{"type":"LineString","coordinates":[[121.1376,13.472],[121.1339,13.4692],[121.1323,13.4685]]}},{"type":"Feature","properties":{"fault_name":"Verde Fault System","segment_name":null,"fault_class":"Active Fault","trace_type":"Certain","symbology":"Solid - red","mechanism":"Strike-Slip"},"geometry":{"type":"LineString","coordinates":[[121.412,13.4867],[121.4175,13.4892],[121.4203,13.4898],[121.4236,13.491],[121.4297,13.4945],[121.4329,13.4959],[121.4336,13.4976],[121.4336,13.4999],[121.4348,13.5028],[121.4365,13.5053],[121.4402,13.5083]]}},{"type":"Feature","properties":{"fault_name":"Lubang Fault","segment_name":null,"fault_class":"Active Fault","trace_type":"Approximate","symbology":"Dashed - red","mechanism":"Strike-Slip"},"geometry":{"type":"LineString","coordinates":[[120.7371,13.5498],[120.7354,13.5493],[120.7336,13.5486],[120.7321,13.5483],[120.7292,13.5481]]}},{"type":"Feature","properties":{"fault_name":"Verde Fault System","segment_name":null,"fault_class":"Active Fault","trace_type":"Certain - Downthrown Area","symbology":"Hachured (E) - red","mechanism":"Strike-Slip"},"geometry":{"type":"LineString","coordinates":[[121.1213,13.5093],[121.1201,13.509],[121.1193,13.509]]}},{"type":"Feature","properties":{"fault_name":"Calatagan Fault","segment_name":null,"fault_class":"Active Fault","trace_type":"Certain - Downthrown Area","symbology":"Hachured (W) - red","mechanism":"Strike-Slip"},"geometry":{"type":"LineString","coordinates":[[120.7496,13.717],[120.7524,13.7136],[120.7541,13.708],[120.7561,13.7048],[120.7581,13.7034],[120.7616,13.701],[120.7649,13.6992],[120.7674,13.6983],[120.7692,13.6968]]}},{"type":"Feature","properties":{"fault_name":"Lubang Fault","segment_name":null,"fault_class":"Active Fault","trace_type":"Certain - Downthrown Area","symbology":"Hachured (E) - red","mechanism":"Strike-Slip"},"geometry":{"type":"LineString","coordinates":[[120.9134,13.5441],[120.9123,13.5427],[120.911,13.5418],[120.9082,13.5387],[120.9051,13.5361],[120.9036,13.5352],[120.903,13.5344]]}},{"type":"Feature","properties":{"fault_name":"Unnamed Offshore Projection","segment_name":null,"fault_class":"Active Fault","trace_type":"Approximate Offshore Projection","symbology":"Dotted - red","mechanism":null},"geometry":{"type":"LineString","coordinates":[[123.0469,13.1439],[122.9448,13.2593],[122.855,13.3807],[122.6567,13.6477]]}},{"type":"Feature","properties":{"fault_name":"North Tablas Fault","segment_name":null,"fault_class":"Potentially Active Fault","trace_type":"Certain - Upthrown Area","symbology":"Solid (Sawteeth - W) - black","mechanism":null},"geometry":{"type":"LineString","coordinates":[[122.1109,12.5393],[122.1117,12.5358],[122.1117,12.5343],[122.112,12.5318],[122.1127,12.5298],[122.1128,12.5288],[122.1126,12.5274],[122.1125,12.5201],[122.1119,12.5173],[122.1119,12.5164]]}},{"type":"Feature","properties":{"fault_name":"Aglubang River Fault","segment_name":null,"fault_class":"Active Fault","trace_type":"Certain","symbology":"Solid - red","mechanism":null},"geometry":{"type":"LineString","coordinates":[[121.1403,13.3713],[121.1447,13.3618],[121.143,13.3557],[121.143,13.3479]]}},{"type":"Feature","properties":{"fault_name":"Balayan Fault","segment_name":null,"fault_class":"Potentially Active Fault","trace_type":"Approximate","symbology":"Dashed - black","mechanism":"Strike-Slip"},"geometry":{"type":"LineString","coordinates":[[120.688,13.9321],[120.689,13.9289],[120.6891,13.9275],[120.6901,13.9236]]}},{"type":"Feature","properties":{"fault_name":"Balayan Fault","segment_name":null,"fault_class":"Potentially Active Fault","trace_type":"Approximate","symbology":"Dashed - black","mechanism":"Strike-Slip"},"geometry":{"type":"LineString","coordinates":[[120.6788,13.9417],[120.6794,13.9412],[120.6799,13.9402]]}},{"type":"Feature","properties":{"fault_name":"Calatagan Fault","segment_name":null,"fault_class":"Active Fault","trace_type":"Approximate","symbology":"Dashed - red","mechanism":"Strike-Slip"},"geometry":{"type":"LineString","coordinates":[[120.6536,13.8582],[120.6536,13.8582]]}},{"type":"Feature","properties":{"fault_name":"North Marinduque Fault","segment_name":null,"fault_class":"Active Fault","trace_type":"Approximate","symbology":"Dashed - red","mechanism":null},"geometry":{"type":"LineString","coordinates":[[121.9285,13.4917],[121.9438,13.4945],[121.9474,13.4961],[121.9506,13.4967],[121.9519,13.4965],[121.955,13.4951],[121.9564,13.4943]]}},{"type":"Feature","properties":{"fault_name":"Unnamed Fault","segment_name":null,"fault_class":"Active Fault","trace_type":"Certain","symbology":"Solid - red","mechanism":null},"geometry":{"type":"LineString","coordinates":[[122.5714,13.5087],[122.5542,13.5259]]}},{"type":"Feature","properties":{"fault_name":"Balayan Fault","segment_name":null,"fault_class":"Potentially Active Fault","trace_type":"Approximate","symbology":"Dashed - black","mechanism":"Strike-Slip"},"geometry":{"type":"LineString","coordinates":[[120.6824,13.9375],[120.6831,13.9368]]}},{"type":"Feature","properties":{"fault_name":"Lubang Fault","segment_name":null,"fault_class":"Active Fault","trace_type":"Approximate","symbology":"Dashed - red","mechanism":"Strike-Slip"},"geometry":{"type":"LineString","coordinates":[[120.6488,13.5448],[120.6357,13.5459],[120.6218,13.5477],[120.6086,13.5491],[120.5925,13.5502],[120.5844,13.55]]}},{"type":"Feature","properties":{"fault_name":"Central Mindoro Fault","segment_name":null,"fault_class":"Active Fault","trace_type":"Certain","symbology":"Solid - red","mechanism":null},"geometry":{"type":"LineString","coordinates":[[121.4567,12.5121],[121.448,12.5417],[121.4274,12.5914],[121.4187,12.622],[121.4052,12.653],[121.4016,12.6599]]}},{"type":"Feature","properties":{"fault_name":"Batangas Bay Fault","segment_name":null,"fault_class":"Active Fault","trace_type":"Certain","symbology":"Solid - red","mechanism":"Strike-Slip"},"geometry":{"type":"LineString","coordinates":[[121.1178,13.4499],[121.1152,13.4522],[121.112,13.4538],[121.1089,13.4566],[121.108,13.4582],[121.1078,13.4595],[121.1073,13.4606],[121.1032,13.4661],[121.1002,13.4693],[121.0971,13.472],[121.0952,13.4734],[121.0883,13.4776],[121.0871,13.4789],[121.0862,13.4835],[121.0838,13.4878],[121.0824,13.4896]]}},{"type":"Feature","properties":{"fault_name":"Central Verde Fault System","segment_name":null,"fault_class":"Active Fault","trace_type":"Certain - Downthrown Area","symbology":"Hachured (N) - red","mechanism":"Normal"},"geometry":{"type":"LineString","coordinates":[[121.1058,13.5653],[121.1043,13.5635],[121.1035,13.5629],[121.1024,13.5626]]}},{"type":"Feature","properties":{"fault_name":"Calatagan Fault","segment_name":null,"fault_class":"Active Fault","trace_type":"Approximate","symbology":"Dashed - red","mechanism":"Strike-Slip"},"geometry":{"type":"LineString","coordinates":[[120.6561,13.8569],[120.6548,13.8577],[120.654,13.8577],[120.6536,13.8582]]}},{"type":"Feature","properties":{"fault_name":"Malindig Fault","segment_name":null,"fault_class":"Potentially Active Fault","trace_type":"Certain","symbology":"Hachured (E) - black","mechanism":null},"geometry":{"type":"LineString","coordinates":[[122.0038,13.2739],[121.9993,13.2697]]}},{"type":"Feature","properties":{"fault_name":"Central Verde Fault System","segment_name":null,"fault_class":"Active Fault","trace_type":"Certain - Downthrown Area","symbology":"Hachured (W) - red","mechanism":"Normal"},"geometry":{"type":"LineString","coordinates":[[121.1129,13.5521],[121.1167,13.5548],[121.1221,13.5608],[121.1222,13.5611]]}},{"type":"Feature","properties":{"fault_name":"North Verde Fault System","segment_name":null,"fault_class":"Active Fault","trace_type":"Approximate","symbology":"Dashed - red","mechanism":"Strike-Slip"},"geometry":{"type":"LineString","coordinates":[[121.1481,13.5953],[121.1509,13.5953],[121.1536,13.5955],[121.1548,13.5953],[121.1554,13.5949]]}},{"type":"Feature","properties":{"fault_name":"Lubang Fault","segment_name":null,"fault_class":"Active Fault","trace_type":"Certain - Downthrown Area","symbology":"Hachured (E) - red","mechanism":"Strike-Slip"},"geometry":{"type":"LineString","coordinates":[[120.9374,13.5407],[120.9358,13.539],[120.9319,13.5354]]}},{"type":"Feature","properties":{"fault_name":"Batangas Bay Fault","segment_name":null,"fault_class":"Active Fault","trace_type":"Certain","symbology":"Solid - red","mechanism":"Strike-Slip"},"geometry":{"type":"LineString","coordinates":[[120.9493,13.6687],[120.9511,13.6674],[120.9521,13.6654],[120.954,13.6629]]}},{"type":"Feature","properties":{"fault_name":"Calatagan Fault","segment_name":null,"fault_class":"Active Fault","trace_type":"Approximate","symbology":"Dashed - red","mechanism":"Strike-Slip"},"geometry":{"type":"LineString","coordinates":[[120.6378,13.8815],[120.6384,13.8843],[120.6387,13.8852]]}},{"type":"Feature","properties":{"fault_name":"Central Mindoro Fault","segment_name":null,"fault_class":"Active Fault","trace_type":"Certain","symbology":"Solid - red","mechanism":null},"geometry":{"type":"LineString","coordinates":[[121.2211,12.9133],[121.2308,12.8985],[121.237,12.8847],[121.2467,12.8717],[121.2557,12.8198],[121.277,12.78],[121.2894,12.7532],[121.3009,12.7341]]}},{"type":"Feature","properties":{"fault_name":"Southern Mindoro Fault","segment_name":null,"fault_class":"Active Fault","trace_type":"Certain","symbology":"Solid - red","mechanism":null},"geometry":{"type":"LineString","coordinates":[[121.198,12.3967],[121.2008,12.3595],[121.2027,12.3292],[121.2028,12.2911],[121.2074,12.2444],[121.2039,12.2409]]}},{"type":"Feature","properties":{"fault_name":"Verde Fault System","segment_name":null,"fault_class":"Active Fault","trace_type":"Certain - Downthrown Area","symbology":"Hachured (E) - red","mechanism":"Strike-Slip"},"geometry":{"type":"LineString","coordinates":[[121.3147,13.5115],[121.3137,13.5108],[121.3134,13.5103]]}},{"type":"Feature","properties":{"fault_name":"Verde Fault System","segment_name":null,"fault_class":"Active Fault","trace_type":"Certain","symbology":"Solid - red","mechanism":"Strike-Slip"},"geometry":{"type":"LineString","coordinates":[[121.1519,13.5014],[121.1492,13.5002]]}},{"type":"Feature","properties":{"fault_name":"Calatagan Fault","segment_name":null,"fault_class":"Potentially Active Fault","trace_type":"Approximate - Downthrown Area","symbology":"Dashed (Hachured - E) - black","mechanism":"Strike-Slip"},"geometry":{"type":"LineString","coordinates":[[120.744,13.7115],[120.7419,13.7091],[120.7411,13.7077],[120.7399,13.704]]}},{"type":"Feature","properties":{"fault_name":"Central Marinduque Fault","segment_name":null,"fault_class":"Active Fault","trace_type":"Approximate","symbology":"Dashed - red","mechanism":null},"geometry":{"type":"LineString","coordinates":[[121.9349,13.3615],[121.9357,13.3605]]}},{"type":"Feature","properties":{"fault_name":"Central Mindoro Fault","segment_name":null,"fault_class":"Active Fault","trace_type":"Certain","symbology":"Solid - red","mechanism":null},"geometry":{"type":"LineString","coordinates":[[121.214,12.9288],[121.2202,12.915]]}},{"type":"Feature","properties":{"fault_name":"Verde Fault System","segment_name":null,"fault_class":"Active Fault","trace_type":"Certain","symbology":"Solid - red","mechanism":"Strike-Slip"},"geometry":{"type":"LineString","coordinates":[[121.1347,13.4498],[121.1321,13.4496],[121.1302,13.4491],[121.127,13.4499]]}},{"type":"Feature","properties":{"fault_name":"Central Mindoro Fault","segment_name":null,"fault_class":"Active Fault","trace_type":"Certain","symbology":"Solid - red","mechanism":null},"geometry":{"type":"LineString","coordinates":[[121.3813,12.6911],[121.3945,12.6729]]}},{"type":"Feature","properties":{"fault_name":"Verde Fault System","segment_name":null,"fault_class":"Active Fault","trace_type":"Certain","symbology":"Solid - red","mechanism":"Strike-Slip"},"geometry":{"type":"LineString","coordinates":[[121.2218,13.4526],[121.2102,13.4516],[121.2073,13.4521],[121.203,13.4521],[121.1978,13.4515]]}},{"type":"Feature","properties":{"fault_name":"Calatagan Fault","segment_name":null,"fault_class":"Potentially Active Fault","trace_type":"Certain - Downthrown Area","symbology":"Hachured (E) - black","mechanism":"Strike-Slip"},"geometry":{"type":"LineString","coordinates":[[120.7295,13.7099],[120.7293,13.7093],[120.7287,13.7089],[120.7286,13.7084],[120.7276,13.7077],[120.7272,13.7069],[120.7262,13.7064],[120.7249,13.7063],[120.7237,13.7051],[120.7229,13.7051],[120.722,13.7045],[120.7218,13.7039],[120.7213,13.7036],[120.7204,13.7032],[120.7197,13.7032]]}},{"type":"Feature","properties":{"fault_name":"Verde Fault System","segment_name":null,"fault_class":"Active Fault","trace_type":"Approximate","symbology":"Dashed - red","mechanism":"Strike-Slip"},"geometry":{"type":"LineString","coordinates":[[121.3667,13.515],[121.3617,13.5141],[121.3563,13.5134],[121.3495,13.5121],[121.3405,13.5122],[121.3356,13.5111],[121.3323,13.5095],[121.3272,13.5083]]}},{"type":"Feature","properties":{"fault_name":"Central Marinduque Fault","segment_name":null,"fault_class":"Active Fault","trace_type":"Certain","symbology":"Solid - red","mechanism":null},"geometry":{"type":"LineString","coordinates":[[122.0069,13.2859],[122.0111,13.2831],[122.0142,13.2805]]}},{"type":"Feature","properties":{"fault_name":"Lubang Fault","segment_name":null,"fault_class":"Active Fault","trace_type":"Approximate","symbology":"Dashed - red","mechanism":"Strike-Slip"},"geometry":{"type":"LineString","coordinates":[[120.0381,13.7054],[120.0545,13.6965],[120.0777,13.6847],[120.0888,13.6772],[120.097,13.6722],[120.1027,13.6651],[120.1098,13.6536],[120.118,13.6437],[120.1316,13.6394],[120.143,13.629],[120.1498,13.6233],[120.1584,13.619],[120.1662,13.6162],[120.1726,13.6112],[120.1759,13.6047],[120.1834,13.5962]]}},{"type":"Feature","properties":{"fault_name":"West Panay Fault","segment_name":null,"fault_class":"Active Fault","trace_type":"Certain","symbology":"Solid - red","mechanism":null},"geometry":{"type":"LineString","coordinates":[[122.1589,11.6606],[122.1622,11.6383],[122.1657,11.6276],[122.1728,11.6157]]}},{"type":"Feature","properties":{"fault_name":"Calubcub Fault","segment_name":null,"fault_class":"Potentially Active Fault","trace_type":"Certain","symbology":"Solid - black","mechanism":"Reverse"},"geometry":{"type":"LineString","coordinates":[[121.374,13.6949],[121.3789,13.6985],[121.3799,13.6991],[121.3812,13.7004],[121.3824,13.7041],[121.3844,13.7063]]}},{"type":"Feature","properties":{"fault_name":"Maribakan Fault","segment_name":null,"fault_class":"Potentially Active Fault","trace_type":"Certain - Downthrown Area","symbology":"Hachured (W) - black","mechanism":"Strike-Slip"},"geometry":{"type":"LineString","coordinates":[[120.8093,13.7325],[120.81,13.7355],[120.8104,13.7379],[120.8104,13.741]]}},{"type":"Feature","properties":{"fault_name":"Maribakan Fault","segment_name":null,"fault_class":"Potentially Active Fault","trace_type":"Approximate - Downthrown Area","symbology":"Dashed (Hachured - E) - black","mechanism":"Strike-Slip"},"geometry":{"type":"LineString","coordinates":[[120.8004,13.7458],[120.8027,13.74],[120.8039,13.7356],[120.804,13.7343]]}},{"type":"Feature","properties":{"fault_name":"Uson Fault","segment_name":null,"fault_class":"Potentially Active Fault","trace_type":"Approximate","symbology":"Dashed - black","mechanism":null},"geometry":{"type":"LineString","coordinates":[[123.7949,12.2284],[123.7971,12.2255],[123.8001,12.2205],[123.8009,12.2189],[123.8033,12.2153],[123.8043,12.2135],[123.8064,12.2081],[123.814,12.1973],[123.8167,12.1917],[123.8253,12.1774],[123.8276,12.1732],[123.8279,12.1724],[123.8284,12.1695],[123.8302,12.1659],[123.8361,12.158],[123.841,12.1501],[123.851,12.1367],[123.8526,12.1339],[123.8563,12.1288],[123.8572,12.127],[123.8584,12.1218],[123.8591,12.12],[123.8603,12.1176],[123.8626,12.1141],[123.8642,12.1111],[123.8731,12.0983],[123.8757,12.0935],[123.877,12.0914],[123.8789,12.0897],[123.8808,12.0876],[123.883,12.0847],[123.8867,12.0807],[123.8908,12.0758]]}},{"type":"Feature","properties":{"fault_name":"Maribakan Fault","segment_name":null,"fault_class":"Potentially Active Fault","trace_type":"Approximate - Downthrown Area","symbology":"Dashed (Hachured - E) - black","mechanism":"Strike-Slip"},"geometry":{"type":"LineString","coordinates":[[120.8123,13.7373],[120.8184,13.7295],[120.8231,13.7215],[120.8277,13.7152]]}},{"type":"Feature","properties":{"fault_name":"Aglubang River Fault","segment_name":null,"fault_class":"Active Fault","trace_type":"Certain","symbology":"Solid - red","mechanism":null},"geometry":{"type":"LineString","coordinates":[[121.174,13.3012],[121.1846,13.2718],[121.1882,13.2493],[121.1883,13.238],[121.1919,13.2181]]}},{"type":"Feature","properties":{"fault_name":"Central Marinduque Fault","segment_name":null,"fault_class":"Active Fault","trace_type":"Approximate","symbology":"Dashed - red","mechanism":null},"geometry":{"type":"LineString","coordinates":[[122.0142,13.2805],[122.016,13.2787],[122.0176,13.2776]]}},{"type":"Feature","properties":{"fault_name":"Lubang Fault","segment_name":null,"fault_class":"Active Fault","trace_type":"Certain","symbology":"Solid - red","mechanism":"Strike-Slip"},"geometry":{"type":"LineString","coordinates":[[120.9916,13.5489],[120.9941,13.5502]]}},{"type":"Feature","properties":{"fault_name":"Malindig Fault","segment_name":null,"fault_class":"Potentially Active Fault","trace_type":"Approximate","symbology":"Dashed (Hachured - E) - black","mechanism":null},"geometry":{"type":"LineString","coordinates":[[121.9929,13.2619],[121.9925,13.2605],[121.9918,13.2601],[121.9912,13.2593],[121.9905,13.258],[121.99,13.2569]]}},{"type":"Feature","properties":{"fault_name":"Unnamed Fault","segment_name":null,"fault_class":"Active Fault","trace_type":"Certain","symbology":"Solid - red","mechanism":null},"geometry":{"type":"LineString","coordinates":[[122.5812,13.5216],[122.5762,13.5268]]}},{"type":"Feature","properties":{"fault_name":"Batangas Bay Fault","segment_name":null,"fault_class":"Active Fault","trace_type":"Certain - Downthrown Area","symbology":"Hachured (E) - red","mechanism":"Strike-Slip"},"geometry":{"type":"LineString","coordinates":[[120.9852,13.6426],[120.9841,13.6416],[120.9826,13.6391],[120.9823,13.6367],[120.9826,13.6356]]}},{"type":"Feature","properties":{"fault_name":"Calubcub Fault","segment_name":null,"fault_class":"Potentially Active Fault","trace_type":"Approximate","symbology":"Dashed - black","mechanism":"Reverse"},"geometry":{"type":"LineString","coordinates":[[121.4096,13.7281],[121.4098,13.7291],[121.4103,13.73]]}},{"type":"Feature","properties":{"fault_name":"North Tablas Fault","segment_name":null,"fault_class":"Potentially Active Fault","trace_type":"Approximate - Upthrown Area","symbology":"Dashed (Sawteeth - W) - black","mechanism":null},"geometry":{"type":"LineString","coordinates":[[122.0922,12.4704],[122.0901,12.4685],[122.089,12.4669],[122.0874,12.4629]]}},{"type":"Feature","properties":{"fault_name":"Verde Fault System","segment_name":null,"fault_class":"Active Fault","trace_type":"Certain","symbology":"Solid - red","mechanism":"Strike-Slip"},"geometry":{"type":"LineString","coordinates":[[121.4521,13.4199],[121.4584,13.4242],[121.4615,13.4271],[121.4617,13.4281],[121.4636,13.4301]]}},{"type":"Feature","properties":{"fault_name":"Pulangbato Fault","segment_name":null,"fault_class":"Potentially Active Fault","trace_type":"Approximate","symbology":"Dashed - black","mechanism":"Strike-Slip"},"geometry":{"type":"LineString","coordinates":[[121.4139,13.737],[121.412,13.7373],[121.4081,13.7385],[121.4067,13.7389],[121.4061,13.7393],[121.4049,13.7397],[121.4031,13.741],[121.4015,13.7413],[121.4003,13.7421],[121.3987,13.7429],[121.397,13.744],[121.3969,13.7443],[121.3964,13.7444],[121.3955,13.7454],[121.3939,13.7465]]}},{"type":"Feature","properties":{"fault_name":"Verde Fault System","segment_name":null,"fault_class":"Active Fault","trace_type":"Certain","symbology":"Solid - red","mechanism":"Strike-Slip"},"geometry":{"type":"LineString","coordinates":[[121.5533,13.4714],[121.5597,13.4726],[121.5635,13.4741],[121.5675,13.4751]]}},{"type":"Feature","properties":{"fault_name":"Batangas Bay Fault","segment_name":null,"fault_class":"Active Fault","trace_type":"Approximate","symbology":"Dashed - red","mechanism":"Strike-Slip"},"geometry":{"type":"LineString","coordinates":[[120.9037,13.7451],[120.9047,13.743],[120.9049,13.742],[120.906,13.7405],[120.9099,13.7369],[120.9105,13.7366],[120.9114,13.7352],[120.9127,13.734]]}},{"type":"Feature","properties":{"fault_name":"Batangas Bay Fault","segment_name":null,"fault_class":"Active Fault","trace_type":"Certain - Downthrown Area","symbology":"Hachured (E) - red","mechanism":"Strike-Slip"},"geometry":{"type":"LineString","coordinates":[[120.9798,13.6481],[120.9792,13.6467],[120.9786,13.6463],[120.9778,13.6454],[120.9776,13.6445],[120.9764,13.6441],[120.9751,13.6433]]}},{"type":"Feature","properties":{"fault_name":"Verde Fault System","segment_name":null,"fault_class":"Active Fault","trace_type":"Certain","symbology":"Solid - red","mechanism":"Strike-Slip"},"geometry":{"type":"LineString","coordinates":[[121.1098,13.4638],[121.1111,13.4638]]}},{"type":"Feature","properties":{"fault_name":"Balayan Fault","segment_name":null,"fault_class":"Potentially Active Fault","trace_type":"Approximate","symbology":"Dashed - black","mechanism":"Strike-Slip"},"geometry":{"type":"LineString","coordinates":[[120.6822,13.9377],[120.6822,13.9377]]}},{"type":"Feature","properties":{"fault_name":"Verde Fault System","segment_name":null,"fault_class":"Active Fault","trace_type":"Certain","symbology":"Solid - red","mechanism":"Strike-Slip"},"geometry":{"type":"LineString","coordinates":[[121.1732,13.4497],[121.1773,13.4493]]}},{"type":"Feature","properties":{"fault_name":"Tablas Fault","segment_name":null,"fault_class":"Active Fault","trace_type":"Certain","symbology":"Solid - red","mechanism":null},"geometry":{"type":"LineString","coordinates":[[122.0731,12.317],[122.0714,12.3132]]}},{"type":"Feature","properties":{"fault_name":"Verde Fault System","segment_name":null,"fault_class":"Active Fault","trace_type":"Approximate","symbology":"Dashed - red","mechanism":"Strike-Slip"},"geometry":{"type":"LineString","coordinates":[[121.2655,13.506],[121.286,13.492],[121.3074,13.4843],[121.333,13.4804],[121.3532,13.4796]]}},{"type":"Feature","properties":{"fault_name":"Tablas Fault","segment_name":null,"fault_class":"Active Fault","trace_type":"Approximate","symbology":"Dashed - red","mechanism":null},"geometry":{"type":"LineString","coordinates":[[122.0714,12.3132],[122.0711,12.3125]]}},{"type":"Feature","properties":{"fault_name":"Verde Fault System","segment_name":null,"fault_class":"Active Fault","trace_type":"Approximate","symbology":"Dashed - red","mechanism":"Strike-Slip"},"geometry":{"type":"LineString","coordinates":[[121.4161,13.5548],[121.4106,13.5506],[121.403,13.5437]]}},{"type":"Feature","properties":{"fault_name":"Verde Fault System","segment_name":null,"fault_class":"Active Fault","trace_type":"Certain - Downthrown Area","symbology":"Hachured (E) - red","mechanism":"Strike-Slip"},"geometry":{"type":"LineString","coordinates":[[121.1446,13.5196],[121.1419,13.5169],[121.139,13.5119],[121.1384,13.5113],[121.1376,13.51]]}},{"type":"Feature","properties":{"fault_name":"Verde Fault System","segment_name":null,"fault_class":"Active Fault","trace_type":"Approximate","symbology":"Dashed - red","mechanism":"Strike-Slip"},"geometry":{"type":"LineString","coordinates":[[121.214,13.5126],[121.2115,13.5094],[121.2094,13.5077]]}},{"type":"Feature","properties":{"fault_name":"Verde Fault System","segment_name":null,"fault_class":"Active Fault","trace_type":"Certain - Downthrown Area","symbology":"Hachured (E) - red","mechanism":"Strike-Slip"},"geometry":{"type":"LineString","coordinates":[[121.0988,13.5101],[121.0983,13.509],[121.0977,13.5085],[121.0968,13.5082]]}},{"type":"Feature","properties":{"fault_name":"Verde Fault System","segment_name":null,"fault_class":"Active Fault","trace_type":"Certain","symbology":"Solid - red","mechanism":"Strike-Slip"},"geometry":{"type":"LineString","coordinates":[[121.3812,13.5188],[121.3783,13.5175],[121.3749,13.5165],[121.3716,13.5162],[121.3667,13.515]]}},{"type":"Feature","properties":{"fault_name":"Verde Fault System","segment_name":null,"fault_class":"Active Fault","trace_type":"Approximate","symbology":"Dashed - red","mechanism":"Strike-Slip"},"geometry":{"type":"LineString","coordinates":[[121.1519,13.5014],[121.1582,13.5037]]}},{"type":"Feature","properties":{"fault_name":"Lubang Fault","segment_name":null,"fault_class":"Active Fault","trace_type":"Certain","symbology":"Solid - red","mechanism":"Strike-Slip"},"geometry":{"type":"LineString","coordinates":[[120.8366,13.5402],[120.8412,13.5368],[120.8448,13.535],[120.8482,13.5342],[120.8523,13.5339],[120.855,13.5344],[120.8588,13.5371]]}},{"type":"Feature","properties":{"fault_name":"Calatagan Fault","segment_name":null,"fault_class":"Active Fault","trace_type":"Certain - Downthrown Area","symbology":"Hachured (E) - red","mechanism":"Strike-Slip"},"geometry":{"type":"LineString","coordinates":[[120.7309,13.6958],[120.7311,13.6936],[120.732,13.6912],[120.7323,13.6887],[120.7321,13.6866],[120.7315,13.6843],[120.7307,13.6801]]}},{"type":"Feature","properties":{"fault_name":"Lubang Fault","segment_name":null,"fault_class":"Active Fault","trace_type":"Approximate","symbology":"Dashed - red","mechanism":"Strike-Slip"},"geometry":{"type":"LineString","coordinates":[[120.7118,13.6329],[120.7036,13.6304],[120.6989,13.6264],[120.6936,13.6236],[120.6889,13.6222],[120.6821,13.6175]]}},{"type":"Feature","properties":{"fault_name":"Calatagan Fault","segment_name":null,"fault_class":"Active Fault","trace_type":"Certain - Downthrown Area","symbology":"Hachured (N) - red","mechanism":"Strike-Slip"},"geometry":{"type":"LineString","coordinates":[[120.6691,13.8348],[120.6694,13.8331],[120.6709,13.8299],[120.6719,13.8258],[120.6734,13.8217],[120.6733,13.8187]]}},{"type":"Feature","properties":{"fault_name":"Batangas Bay Fault","segment_name":null,"fault_class":"Active Fault","trace_type":"Approximate","symbology":"Dashed - red","mechanism":"Strike-Slip"},"geometry":{"type":"LineString","coordinates":[[121.0682,13.5107],[121.0647,13.5142],[121.0602,13.5226],[121.0566,13.5264],[121.0531,13.5296],[121.0487,13.5329],[121.0457,13.5356],[121.0434,13.5379],[121.0421,13.5398],[121.0386,13.5419],[121.0355,13.5451],[121.0329,13.5474],[121.0305,13.5551],[121.0275,13.5611],[121.0199,13.5734]]}},{"type":"Feature","properties":{"fault_name":"Calatagan Fault","segment_name":null,"fault_class":"Potentially Active Fault","trace_type":"Approximate - Downthrown Area","symbology":"Dashed (Hachured - E) - black","mechanism":"Strike-Slip"},"geometry":{"type":"LineString","coordinates":[[120.7375,13.7049],[120.7357,13.7033],[120.7321,13.7004],[120.7304,13.6982]]}},{"type":"Feature","properties":{"fault_name":"Malindig Fault","segment_name":null,"fault_class":"Potentially Active Fault","trace_type":"Approximate","symbology":"Dashed - black","mechanism":null},"geometry":{"type":"LineString","coordinates":[[122.0031,13.275],[122.0062,13.2753],[122.0076,13.2747]]}},{"type":"Feature","properties":{"fault_name":"Unnamed Fault","segment_name":null,"fault_class":"Active Fault","trace_type":"Approximate","symbology":"Dashed - red","mechanism":null},"geometry":{"type":"LineString","coordinates":[[121.6615,14.3854],[121.6648,14.3429],[121.6696,14.2974],[121.6713,14.261],[121.6793,14.1791],[121.6827,14.0972],[121.6923,14.0289]]}},{"type":"Feature","properties":{"fault_name":"Verde Fault System","segment_name":null,"fault_class":"Active Fault","trace_type":"Certain","symbology":"Solid - red","mechanism":"Strike-Slip"},"geometry":{"type":"LineString","coordinates":[[121.4343,13.4981],[121.4355,13.4998],[121.4432,13.5063],[121.4466,13.5096],[121.448,13.5105],[121.4511,13.5113],[121.4558,13.5131],[121.469,13.5163],[121.4717,13.5167],[121.4741,13.5176],[121.4767,13.5179],[121.4803,13.5175],[121.4829,13.5181],[121.4883,13.5204]]}},{"type":"Feature","properties":{"fault_name":"Philippine Fault","segment_name":null,"fault_class":"Active Fault","trace_type":"Approximate Offshore Projection","symbology":"Dotted - red","mechanism":null},"geometry":{"type":"LineString","coordinates":[[122.1947,14.0755],[122.1149,14.1448],[122.0505,14.1944],[121.9111,14.3451],[121.8559,14.4885],[121.764,14.708],[121.6445,15.0082],[121.4065,15.3576]]}},{"type":"Feature","properties":{"fault_name":"Batangas Bay Fault","segment_name":null,"fault_class":"Active Fault","trace_type":"Approximate","symbology":"Dashed - red","mechanism":"Strike-Slip"},"geometry":{"type":"LineString","coordinates":[[120.932,13.6861],[120.9336,13.6849],[120.9341,13.6835],[120.9342,13.6797]]}},{"type":"Feature","properties":{"fault_name":"Balayan Fault","segment_name":null,"fault_class":"Potentially Active Fault","trace_type":"Approximate","symbology":"Dashed - black","mechanism":"Strike-Slip"},"geometry":{"type":"LineString","coordinates":[[120.7376,13.8372],[120.7369,13.8391],[120.7358,13.8406],[120.7341,13.8421],[120.7307,13.8457]]}},{"type":"Feature","properties":{"fault_name":"Verde Fault System","segment_name":null,"fault_class":"Active Fault","trace_type":"Certain","symbology":"Solid - red","mechanism":"Strike-Slip"},"geometry":{"type":"LineString","coordinates":[[121.3749,13.5199],[121.3722,13.5178]]}},{"type":"Feature","properties":{"fault_name":"Aglubang River Fault","segment_name":null,"fault_class":"Active Fault","trace_type":"Certain","symbology":"Solid - red","mechanism":"Strike-Slip"},"geometry":{"type":"LineString","coordinates":[[121.0837,13.445],[121.0787,13.4504],[121.0759,13.455]]}},{"type":"Feature","properties":{"fault_name":"Central Marinduque Fault","segment_name":null,"fault_class":"Active Fault","trace_type":"Certain","symbology":"Solid - red","mechanism":null},"geometry":{"type":"LineString","coordinates":[[121.975,13.3138],[121.9758,13.3132],[121.9778,13.3126],[121.9788,13.312],[121.9801,13.3105],[121.9816,13.3097],[121.9848,13.3089],[121.986,13.3083],[121.9907,13.3052],[121.9935,13.3029]]}},{"type":"Feature","properties":{"fault_name":"North Verde Fault System","segment_name":null,"fault_class":"Active Fault","trace_type":"Approximate","symbology":"Dashed - red","mechanism":"Strike-Slip"},"geometry":{"type":"LineString","coordinates":[[121.1205,13.5993],[121.1224,13.5999],[121.1239,13.6005]]}},{"type":"Feature","properties":{"fault_name":"Verde Fault System","segment_name":null,"fault_class":"Active Fault","trace_type":"Certain","symbology":"Solid - red","mechanism":"Strike-Slip"},"geometry":{"type":"LineString","coordinates":[[121.472,13.4682],[121.4786,13.4718],[121.4863,13.4764],[121.4916,13.4815],[121.4971,13.4872],[121.4998,13.4893]]}},{"type":"Feature","properties":{"fault_name":"Tablas Fault","segment_name":null,"fault_class":"Potentially Active Fault","trace_type":"Certain","symbology":"Solid - black","mechanism":null},"geometry":{"type":"LineString","coordinates":[[122.0853,12.3291],[122.0842,12.3273],[122.0836,12.3261],[122.0811,12.3228],[122.0791,12.3196],[122.0781,12.3184]]}},{"type":"Feature","properties":{"fault_name":"Calatagan Fault","segment_name":null,"fault_class":"Active Fault","trace_type":"Approximate","symbology":"Dashed - red","mechanism":"Strike-Slip"},"geometry":{"type":"LineString","coordinates":[[120.6557,13.8547],[120.6564,13.8544],[120.6569,13.8543],[120.6575,13.8539]]}},{"type":"Feature","properties":{"fault_name":"Lubang Fault","segment_name":null,"fault_class":"Active Fault","trace_type":"Certain - Downthrown Area","symbology":"Hachured (E) - red","mechanism":"Strike-Slip"},"geometry":{"type":"LineString","coordinates":[[120.9024,13.5355],[120.9008,13.5336],[120.9003,13.5332],[120.8994,13.533],[120.8962,13.5302],[120.8931,13.5278],[120.8916,13.527],[120.8906,13.5266],[120.8897,13.5265],[120.8883,13.5267],[120.8874,13.5267]]}},{"type":"Feature","properties":{"fault_name":"Pulangbato Fault","segment_name":null,"fault_class":"Potentially Active Fault","trace_type":"Approximate","symbology":"Dashed - black","mechanism":"Strike-Slip"},"geometry":{"type":"LineString","coordinates":[[121.3918,13.747],[121.3939,13.7465]]}},{"type":"Feature","properties":{"fault_name":"West Panay Fault","segment_name":null,"fault_class":"Active Fault","trace_type":"Certain - Downthrown Area","symbology":"Hachured (W) - red","mechanism":null},"geometry":{"type":"LineString","coordinates":[[122.1829,11.7272],[122.182,11.722]]}},{"type":"Feature","properties":{"fault_name":"Verde Fault System","segment_name":null,"fault_class":"Active Fault","trace_type":"Approximate","symbology":"Dashed - red","mechanism":"Strike-Slip"},"geometry":{"type":"LineString","coordinates":[[121.5118,13.4499],[121.5064,13.4459],[121.5026,13.4423],[121.5005,13.4398]]}},{"type":"Feature","properties":{"fault_name":"Verde Fault System","segment_name":null,"fault_class":"Active Fault","trace_type":"Certain","symbology":"Solid - red","mechanism":"Strike-Slip"},"geometry":{"type":"LineString","coordinates":[[121.5304,13.4608],[121.5359,13.4636],[121.5434,13.465],[121.5512,13.4659]]}},{"type":"Feature","properties":{"fault_name":"Tablas Fault","segment_name":null,"fault_class":"Potentially Active Fault","trace_type":"Approximate","symbology":"Dashed - black","mechanism":null},"geometry":{"type":"LineString","coordinates":[[122.097,12.3556],[122.0944,12.3519],[122.0937,12.3502]]}},{"type":"Feature","properties":{"fault_name":"Verde Fault System","segment_name":null,"fault_class":"Active Fault","trace_type":"Certain","symbology":"Solid - red","mechanism":"Strike-Slip"},"geometry":{"type":"LineString","coordinates":[[121.1323,13.4685],[121.1289,13.4663],[121.1251,13.4647],[121.1205,13.4633],[121.1171,13.4627],[121.1144,13.462]]}},{"type":"Feature","properties":{"fault_name":"Malindig Fault","segment_name":null,"fault_class":"Potentially Active Fault","trace_type":"Certain","symbology":"Hachured (W) - black","mechanism":null},"geometry":{"type":"LineString","coordinates":[[121.9867,13.2672],[121.9846,13.2646],[121.98,13.2606]]}},{"type":"Feature","properties":{"fault_name":"Lubang Fault","segment_name":null,"fault_class":"Active Fault","trace_type":"Approximate","symbology":"Dashed - red","mechanism":"Strike-Slip"},"geometry":{"type":"LineString","coordinates":[[119.9206,13.7224],[119.8939,13.7261],[119.8677,13.7342],[119.8454,13.7377],[119.8332,13.7401],[119.8159,13.7499],[119.7976,13.7525],[119.74,13.7527],[119.7185,13.7526]]}},{"type":"Feature","properties":{"fault_name":"Central Marinduque Fault","segment_name":null,"fault_class":"Active Fault","trace_type":"Approximate","symbology":"Dashed - red","mechanism":null},"geometry":{"type":"LineString","coordinates":[[121.9936,13.296],[121.9949,13.2954],[121.9962,13.2943]]}},{"type":"Feature","properties":{"fault_name":"Pulangbato Fault","segment_name":null,"fault_class":"Potentially Active Fault","trace_type":"Approximate","symbology":"Dashed - black","mechanism":"Strike-Slip"},"geometry":{"type":"LineString","coordinates":[[121.3797,13.7556],[121.3805,13.755],[121.3811,13.7548]]}},{"type":"Feature","properties":{"fault_name":"West Panay Fault","segment_name":null,"fault_class":"Active Fault","trace_type":"Approximate","symbology":"Dashed - red","mechanism":null},"geometry":{"type":"LineString","coordinates":[[122.1731,11.76],[122.1748,11.7754]]}},{"type":"Feature","properties":{"fault_name":"Verde Fault System","segment_name":null,"fault_class":"Active Fault","trace_type":"Approximate","symbology":"Dashed - red","mechanism":"Strike-Slip"},"geometry":{"type":"LineString","coordinates":[[121.3262,13.4937],[121.3371,13.4938],[121.3404,13.4937],[121.3441,13.493]]}},{"type":"Feature","properties":{"fault_name":"Tablas Fault","segment_name":null,"fault_class":"Active Fault","trace_type":"Approximate","symbology":"Dashed - red","mechanism":null},"geometry":{"type":"LineString","coordinates":[[122.067,12.3035],[122.0666,12.3028],[122.0662,12.3014],[122.0656,12.2978],[122.0648,12.2956],[122.0626,12.2928],[122.0598,12.2883],[122.057,12.2843],[122.0566,12.2835]]}},{"type":"Feature","properties":{"fault_name":"Central Verde Fault System","segment_name":null,"fault_class":"Active Fault","trace_type":"Certain - Downthrown Area","symbology":"Hachured (N) - red","mechanism":"Normal"},"geometry":{"type":"LineString","coordinates":[[121.0808,13.546],[121.0793,13.5449],[121.074,13.5416]]}},{"type":"Feature","properties":{"fault_name":"Tablas Fault","segment_name":null,"fault_class":"Active Fault","trace_type":"Approximate","symbology":"Dashed - red","mechanism":null},"geometry":{"type":"LineString","coordinates":[[122.0477,12.2717],[122.0441,12.2698],[122.0435,12.2691],[122.0421,12.2673],[122.0405,12.2644],[122.0393,12.2629],[122.0379,12.2602],[122.0356,12.2563],[122.035,12.2555],[122.0287,12.25],[122.0256,12.2468]]}},{"type":"Feature","properties":{"fault_name":"Central Marinduque Fault","segment_name":null,"fault_class":"Active Fault","trace_type":"Approximate","symbology":"Dashed - red","mechanism":null},"geometry":{"type":"LineString","coordinates":[[121.9234,13.3845],[121.9241,13.3837]]}},{"type":"Feature","properties":{"fault_name":"Balayan Fault","segment_name":null,"fault_class":"Potentially Active Fault","trace_type":"Approximate","symbology":"Dashed - black","mechanism":"Strike-Slip"},"geometry":{"type":"LineString","coordinates":[[120.6898,13.9215],[120.6901,13.9236]]}},{"type":"Feature","properties":{"fault_name":"Central Marinduque Fault","segment_name":null,"fault_class":"Active Fault","trace_type":"Approximate","symbology":"Dashed - red","mechanism":null},"geometry":{"type":"LineString","coordinates":[[121.9025,13.4055],[121.9039,13.4038],[121.9063,13.4012],[121.9074,13.3996],[121.9102,13.3967]]}},{"type":"Feature","properties":{"fault_name":"Central Marinduque Fault","segment_name":null,"fault_class":"Active Fault","trace_type":"Approximate","symbology":"Dashed - red","mechanism":null},"geometry":{"type":"LineString","coordinates":[[122.0038,13.2883],[122.0069,13.2859]]}},{"type":"Feature","properties":{"fault_name":"Central Mindoro Fault","segment_name":null,"fault_class":"Active Fault","trace_type":"Approximate","symbology":"Dashed - red","mechanism":null},"geometry":{"type":"LineString","coordinates":[[120.9984,13.4803],[120.9972,13.4827],[120.9952,13.4857],[120.9944,13.489]]}},{"type":"Feature","properties":{"fault_name":"Tablas Fault","segment_name":null,"fault_class":"Active Fault","trace_type":"Certain","symbology":"Solid - red","mechanism":null},"geometry":{"type":"LineString","coordinates":[[122.0566,12.2835],[122.0543,12.2795],[122.0477,12.2717]]}},{"type":"Feature","properties":{"fault_name":"Batangas Bay Fault","segment_name":null,"fault_class":"Active Fault","trace_type":"Approximate","symbology":"Dashed - red","mechanism":"Strike-Slip"},"geometry":{"type":"LineString","coordinates":[[120.8918,13.7733],[120.8891,13.7778]]}},{"type":"Feature","properties":{"fault_name":"Lubang Fault","segment_name":null,"fault_class":"Active Fault","trace_type":"Approximate","symbology":"Dashed - red","mechanism":"Strike-Slip"},"geometry":{"type":"LineString","coordinates":[[120.1922,13.5574],[120.2011,13.5535],[120.2071,13.5497],[120.2157,13.5482],[120.2291,13.5473],[120.2493,13.5467],[120.2734,13.5422],[120.2805,13.5446],[120.287,13.5462]]}},{"type":"Feature","properties":{"fault_name":"Maribakan Fault","segment_name":null,"fault_class":"Potentially Active Fault","trace_type":"Approximate - Downthrown Area","symbology":"Dashed (Hachured - W) - black","mechanism":"Strike-Slip"},"geometry":{"type":"LineString","coordinates":[[120.8123,13.7373],[120.8112,13.7394]]}},{"type":"Feature","properties":{"fault_name":"Lubang Fault","segment_name":null,"fault_class":"Active Fault","trace_type":"Approximate","symbology":"Dashed - red","mechanism":"Strike-Slip"},"geometry":{"type":"LineString","coordinates":[[120.0372,13.5757],[119.9938,13.5823],[119.9766,13.5829],[119.9676,13.5835],[119.9522,13.5858],[119.9337,13.5894],[119.9236,13.5936],[119.9094,13.5948],[119.8951,13.6001],[119.8867,13.6025],[119.8766,13.6031],[119.8612,13.6055],[119.8433,13.6079],[119.8249,13.609],[119.8088,13.6251],[119.7975,13.634],[119.7761,13.6489],[119.7571,13.6584],[119.7374,13.6715],[119.6988,13.6876]]}},{"type":"Feature","properties":{"fault_name":"Batangas Bay Fault","segment_name":null,"fault_class":"Active Fault","trace_type":"Approximate","symbology":"Dashed - red","mechanism":"Strike-Slip"},"geometry":{"type":"LineString","coordinates":[[120.9382,13.67],[120.9415,13.6648],[120.9436,13.6599],[120.9492,13.6561],[120.9515,13.6535],[120.9517,13.6517],[120.9529,13.65],[120.9546,13.6485]]}},{"type":"Feature","properties":{"fault_name":"Verde Fault System","segment_name":null,"fault_class":"Active Fault","trace_type":"Certain","symbology":"Solid - red","mechanism":"Strike-Slip"},"geometry":{"type":"LineString","coordinates":[[121.19,13.5509],[121.1914,13.5529]]}},{"type":"Feature","properties":{"fault_name":"Verde Fault System","segment_name":null,"fault_class":"Active Fault","trace_type":"Approximate","symbology":"Dashed - red","mechanism":"Strike-Slip"},"geometry":{"type":"LineString","coordinates":[[121.1405,13.4494],[121.1347,13.4498]]}},{"type":"Feature","properties":{"fault_name":"Malindig Fault","segment_name":null,"fault_class":"Potentially Active Fault","trace_type":"Certain","symbology":"Hachured (E) - black","mechanism":null},"geometry":{"type":"LineString","coordinates":[[121.9959,13.2682],[121.9955,13.2679],[121.9941,13.2634],[121.9934,13.2624]]}},{"type":"Feature","properties":{"fault_name":"North Marinduque Fault","segment_name":null,"fault_class":"Active Fault","trace_type":"Certain","symbology":"Solid - red","mechanism":null},"geometry":{"type":"LineString","coordinates":[[121.9564,13.4943],[121.9613,13.4925]]}},{"type":"Feature","properties":{"fault_name":"Batangas Bay Fault","segment_name":null,"fault_class":"Active Fault","trace_type":"Approximate","symbology":"Dashed - red","mechanism":"Strike-Slip"},"geometry":{"type":"LineString","coordinates":[[121.08,13.4853],[121.0831,13.4821]]}},{"type":"Feature","properties":{"fault_name":"North Verde Fault System","segment_name":null,"fault_class":"Active Fault","trace_type":"Certain - Downthrown Area","symbology":"Hachured (E) - red","mechanism":"Normal"},"geometry":{"type":"LineString","coordinates":[[121.0489,13.5882],[121.049,13.586],[121.0494,13.585],[121.0496,13.5841],[121.0494,13.583],[121.0495,13.5821]]}},{"type":"Feature","properties":{"fault_name":"Unnamed Fault","segment_name":null,"fault_class":"Active Fault","trace_type":"Certain","symbology":"Solid - red","mechanism":null},"geometry":{"type":"LineString","coordinates":[[122.5937,13.4979],[122.5911,13.5019],[122.5871,13.5063],[122.5801,13.5166],[122.5733,13.5247]]}},{"type":"Feature","properties":{"fault_name":"Unnamed Offshore Projection","segment_name":null,"fault_class":"Active Fault","trace_type":"Approximate Offshore Projection","symbology":"Dotted - red","mechanism":null},"geometry":{"type":"LineString","coordinates":[[122.2096,13.8892],[122.1772,13.9153]]}},{"type":"Feature","properties":{"fault_name":"Verde Fault System","segment_name":null,"fault_class":"Active Fault","trace_type":"Approximate","symbology":"Dashed - red","mechanism":"Strike-Slip"},"geometry":{"type":"LineString","coordinates":[[121.5205,13.4593],[121.5137,13.4554],[121.5097,13.4524],[121.5087,13.4515]]}},{"type":"Feature","properties":{"fault_name":"Verde Fault System","segment_name":null,"fault_class":"Active Fault","trace_type":"Certain","symbology":"Solid - red","mechanism":"Strike-Slip"},"geometry":{"type":"LineString","coordinates":[[121.5065,13.4747],[121.5147,13.4771],[121.5278,13.4819]]}},{"type":"Feature","properties":{"fault_name":"Central Marinduque Fault","segment_name":null,"fault_class":"Active Fault","trace_type":"Certain","symbology":"Solid - red","mechanism":null},"geometry":{"type":"LineString","coordinates":[[121.9315,13.3655],[121.9349,13.3615]]}},{"type":"Feature","properties":{"fault_name":"Pulangbato Fault","segment_name":null,"fault_class":"Potentially Active Fault","trace_type":"Approximate","symbology":"Dashed - black","mechanism":"Strike-Slip"},"geometry":{"type":"LineString","coordinates":[[121.3877,13.75],[121.387,13.7505],[121.3862,13.7506],[121.3855,13.751]]}},{"type":"Feature","properties":{"fault_name":"Malindig Fault","segment_name":null,"fault_class":"Potentially Active Fault","trace_type":"Approximate","symbology":"Dashed - black","mechanism":null},"geometry":{"type":"LineString","coordinates":[[121.9877,13.2582],[121.99,13.2612],[121.9903,13.2624]]}},{"type":"Feature","properties":{"fault_name":"Verde Fault System","segment_name":null,"fault_class":"Active Fault","trace_type":"Certain","symbology":"Solid - red","mechanism":"Strike-Slip"},"geometry":{"type":"LineString","coordinates":[[121.3532,13.4796],[121.3582,13.481],[121.3684,13.481],[121.3726,13.4812],[121.376,13.4804]]}},{"type":"Feature","properties":{"fault_name":"North Marinduque Fault","segment_name":null,"fault_class":"Active Fault","trace_type":"Certain","symbology":"Hachured (S) - red","mechanism":null},"geometry":{"type":"LineString","coordinates":[[121.999,13.4957],[122.0063,13.4991],[122.0101,13.5002]]}},{"type":"Feature","properties":{"fault_name":"Central Marinduque Fault","segment_name":null,"fault_class":"Active Fault","trace_type":"Certain","symbology":"Solid - red","mechanism":null},"geometry":{"type":"LineString","coordinates":[[121.959,13.3341],[121.9597,13.3333],[121.9641,13.327]]}},{"type":"Feature","properties":{"fault_name":"Unnamed Offshore Projection","segment_name":null,"fault_class":"Active Fault","trace_type":"Approximate Offshore Projection","symbology":"Dotted - red","mechanism":null},"geometry":{"type":"LineString","coordinates":[[122.5191,13.769],[122.545,13.7509],[122.5758,13.7245],[122.6082,13.6916],[122.652,13.6537]]}},{"type":"Feature","properties":{"fault_name":"Balayan Fault","segment_name":null,"fault_class":"Potentially Active Fault","trace_type":"Approximate","symbology":"Dashed - black","mechanism":"Strike-Slip"},"geometry":{"type":"LineString","coordinates":[[120.6822,13.9377],[120.6824,13.9375]]}},{"type":"Feature","properties":{"fault_name":"Tablas Fault","segment_name":null,"fault_class":"Potentially Active Fault","trace_type":"Approximate","symbology":"Dashed - black","mechanism":null},"geometry":{"type":"LineString","coordinates":[[122.0754,12.3129],[122.0749,12.3126],[122.0745,12.3121],[122.0731,12.31]]}},{"type":"Feature","properties":{"fault_name":"Verde Fault System","segment_name":null,"fault_class":"Active Fault","trace_type":"Certain","symbology":"Solid - red","mechanism":"Strike-Slip"},"geometry":{"type":"LineString","coordinates":[[121.5148,13.4625],[121.5179,13.4659],[121.5211,13.4676],[121.527,13.4701]]}},{"type":"Feature","properties":{"fault_name":"Batangas Bay Fault","segment_name":null,"fault_class":"Active Fault","trace_type":"Approximate","symbology":"Dashed - red","mechanism":"Strike-Slip"},"geometry":{"type":"LineString","coordinates":[[120.886,13.7725],[120.8838,13.7786],[120.88,13.7834],[120.8773,13.787],[120.8748,13.7934],[120.8741,13.8005],[120.8718,13.8102]]}},{"type":"Feature","properties":{"fault_name":"Balayan Fault","segment_name":null,"fault_class":"Potentially Active Fault","trace_type":"Approximate","symbology":"Dashed - black","mechanism":"Strike-Slip"},"geometry":{"type":"LineString","coordinates":[[120.6944,13.9158],[120.6959,13.9139],[120.6961,13.9131]]}},{"type":"Feature","properties":{"fault_name":"Tablas Fault","segment_name":null,"fault_class":"Potentially Active Fault","trace_type":"Approximate","symbology":"Dashed - black","mechanism":null},"geometry":{"type":"LineString","coordinates":[[121.9952,12.205],[121.9938,12.1995]]}},{"type":"Feature","properties":{"fault_name":"Central Marinduque Fault","segment_name":null,"fault_class":"Active Fault","trace_type":"Approximate","symbology":"Dashed - red","mechanism":null},"geometry":{"type":"LineString","coordinates":[[121.9641,13.327],[121.9666,13.3239],[121.967,13.3236]]}},{"type":"Feature","properties":{"fault_name":"Central Marinduque Fault","segment_name":null,"fault_class":"Active Fault","trace_type":"Approximate","symbology":"Dashed - red","mechanism":null},"geometry":{"type":"LineString","coordinates":[[121.9396,13.3572],[121.9402,13.3566]]}},{"type":"Feature","properties":{"fault_name":"North Verde Fault System","segment_name":null,"fault_class":"Active Fault","trace_type":"Certain","symbology":"Solid - red","mechanism":"Strike-Slip"},"geometry":{"type":"LineString","coordinates":[[121.1076,13.5984],[121.1111,13.598],[121.1145,13.5982],[121.117,13.5985],[121.1205,13.5993]]}},{"type":"Feature","properties":{"fault_name":"Calatagan Fault","segment_name":null,"fault_class":"Active Fault","trace_type":"Approximate","symbology":"Dashed - red","mechanism":"Strike-Slip"},"geometry":{"type":"LineString","coordinates":[[120.641,13.8747],[120.6404,13.8758],[120.6403,13.8765],[120.6389,13.8781],[120.6384,13.879]]}},{"type":"Feature","properties":{"fault_name":"Unnamed Fault","segment_name":null,"fault_class":"Active Fault","trace_type":"Certain","symbology":"Solid - red","mechanism":null},"geometry":{"type":"LineString","coordinates":[[122.6001,13.4988],[122.5951,13.5046]]}},{"type":"Feature","properties":{"fault_name":"Uson Fault","segment_name":null,"fault_class":"Potentially Active Fault","trace_type":"Approximate","symbology":"Dashed - black","mechanism":null},"geometry":{"type":"LineString","coordinates":[[123.8955,12.1003],[123.8988,12.0953],[123.9021,12.0922],[123.9043,12.0889],[123.9101,12.0791],[123.9194,12.0654],[123.9296,12.0531],[123.9356,12.0469],[123.9454,12.0362],[123.9471,12.0347],[123.9502,12.0325],[123.9595,12.0214],[123.9618,12.019],[123.9636,12.0177],[123.9678,12.0155]]}},{"type":"Feature","properties":{"fault_name":"Verde Fault System","segment_name":null,"fault_class":"Active Fault","trace_type":"Certain","symbology":"Solid - red","mechanism":"Strike-Slip"},"geometry":{"type":"LineString","coordinates":[[121.1582,13.5037],[121.1625,13.5062]]}},{"type":"Feature","properties":{"fault_name":"Sibuyan Island Fault","segment_name":null,"fault_class":"Active Fault","trace_type":"Approximate","symbology":"Dashed - red","mechanism":null},"geometry":{"type":"LineString","coordinates":[[122.5252,12.4201],[122.5255,12.4162],[122.5265,12.4118],[122.5271,12.4104],[122.531,12.4027],[122.5319,12.4006],[122.5333,12.3963],[122.5353,12.3928],[122.538,12.3872]]}},{"type":"Feature","properties":{"fault_name":"Verde Fault System","segment_name":null,"fault_class":"Active Fault","trace_type":"Certain","symbology":"Solid - red","mechanism":"Strike-Slip"},"geometry":{"type":"LineString","coordinates":[[121.3734,13.4827],[121.3753,13.484],[121.3814,13.4851]]}},{"type":"Feature","properties":{"fault_name":"Central Mindoro Fault","segment_name":null,"fault_class":"Active Fault","trace_type":"Certain","symbology":"Solid - red","mechanism":null},"geometry":{"type":"LineString","coordinates":[[121.3152,12.7291],[121.3241,12.7118],[121.3444,12.685]]}},{"type":"Feature","properties":{"fault_name":"Batangas Bay Fault","segment_name":null,"fault_class":"Active Fault","trace_type":"Certain","symbology":"Solid - red","mechanism":"Strike-Slip"},"geometry":{"type":"LineString","coordinates":[[121.1064,13.4541],[121.1097,13.4494]]}},{"type":"Feature","properties":{"fault_name":"Aglubang River Fault","segment_name":null,"fault_class":"Active Fault","trace_type":"Certain","symbology":"Solid - red","mechanism":null},"geometry":{"type":"LineString","coordinates":[[121.1199,13.4102],[121.1279,13.3999],[121.1341,13.3869],[121.1368,13.3722],[121.135,13.3652],[121.1359,13.3575],[121.1404,13.3531]]}},{"type":"Feature","properties":{"fault_name":"Central Verde Fault System","segment_name":null,"fault_class":"Active Fault","trace_type":"Certain - Downthrown Area","symbology":"Hachured (N) - red","mechanism":"Normal"},"geometry":{"type":"LineString","coordinates":[[121.1024,13.5626],[121.0993,13.5614],[121.0982,13.5608],[121.0938,13.5592],[121.091,13.5576],[121.0894,13.5561],[121.0879,13.5539],[121.0866,13.5531],[121.0858,13.5524],[121.084,13.5501],[121.0825,13.5486],[121.0808,13.546],[121.0799,13.5436],[121.0793,13.5412],[121.0769,13.537],[121.0752,13.5347]]}},{"type":"Feature","properties":{"fault_name":"Calatagan Fault","segment_name":null,"fault_class":"Active Fault","trace_type":"Approximate","symbology":"Dashed - red","mechanism":"Strike-Slip"},"geometry":{"type":"LineString","coordinates":[[120.6369,13.8772],[120.6377,13.8776],[120.6383,13.8797],[120.6391,13.8805]]}},{"type":"Feature","properties":{"fault_name":"Batangas Bay Fault","segment_name":null,"fault_class":"Active Fault","trace_type":"Certain","symbology":"Solid - red","mechanism":"Strike-Slip"},"geometry":{"type":"LineString","coordinates":[[120.9252,13.7029],[120.9255,13.6981],[120.9259,13.6955]]}},{"type":"Feature","properties":{"fault_name":"Malindig Fault","segment_name":null,"fault_class":"Potentially Active Fault","trace_type":"Certain","symbology":"Hachured (E) - black","mechanism":null},"geometry":{"type":"LineString","coordinates":[[121.9995,13.2706],[121.9982,13.2696],[121.9966,13.2681]]}},{"type":"Feature","properties":{"fault_name":"Tablas Fault","segment_name":null,"fault_class":"Active Fault","trace_type":"Approximate","symbology":"Dashed - red","mechanism":null},"geometry":{"type":"LineString","coordinates":[[122.0733,12.3172],[122.0756,12.3206],[122.0771,12.3223]]}},{"type":"Feature","properties":{"fault_name":"Sibuyan Island Fault","segment_name":null,"fault_class":"Active Fault","trace_type":"Certain","symbology":"Solid - red","mechanism":null},"geometry":{"type":"LineString","coordinates":[[122.5805,12.3247],[122.5846,12.3232],[122.5857,12.3226],[122.5878,12.3208],[122.5899,12.3196],[122.5938,12.3181],[122.5959,12.3168],[122.5971,12.3157]]}},{"type":"Feature","properties":{"fault_name":"Batangas Bay Fault","segment_name":null,"fault_class":"Active Fault","trace_type":"Certain - Downthrown Area","symbology":"Hachured (E) - red","mechanism":"Strike-Slip"},"geometry":{"type":"LineString","coordinates":[[120.997,13.6279],[120.9972,13.6271],[120.9972,13.6255],[120.9961,13.6235],[120.9962,13.6225],[120.9959,13.6218],[120.9951,13.6206]]}},{"type":"Feature","properties":{"fault_name":"Verde Fault System","segment_name":null,"fault_class":"Active Fault","trace_type":"Certain","symbology":"Solid - red","mechanism":"Strike-Slip"},"geometry":{"type":"LineString","coordinates":[[121.3779,13.4817],[121.3844,13.4829],[121.3884,13.4842],[121.4032,13.4872],[121.4079,13.4881],[121.4097,13.4883]]}},{"type":"Feature","properties":{"fault_name":"Aglubang River Fault","segment_name":null,"fault_class":"Active Fault","trace_type":"Certain","symbology":"Solid - red","mechanism":null},"geometry":{"type":"LineString","coordinates":[[121.1931,13.1454],[121.1941,13.1143],[121.196,13.0788],[121.1996,13.0632],[121.1979,13.045],[121.2006,13.0199],[121.2016,13.0]]}},{"type":"Feature","properties":{"fault_name":"Central Mindoro Fault","segment_name":null,"fault_class":"Active Fault","trace_type":"Certain","symbology":"Solid - red","mechanism":null},"geometry":{"type":"LineString","coordinates":[[120.9984,13.4803],[120.999,13.4784],[120.9999,13.4768]]}},{"type":"Feature","properties":{"fault_name":"Lubang Fault","segment_name":null,"fault_class":"Active Fault","trace_type":"Approximate","symbology":"Dashed - red","mechanism":"Strike-Slip"},"geometry":{"type":"LineString","coordinates":[[120.759,13.5732],[120.7561,13.5717],[120.7539,13.571],[120.7495,13.5681],[120.7388,13.5589],[120.7353,13.5567]]}},{"type":"Feature","properties":{"fault_name":"Aglubang River Fault","segment_name":null,"fault_class":"Active Fault","trace_type":"Certain","symbology":"Solid - red","mechanism":null},"geometry":{"type":"LineString","coordinates":[[121.1448,13.3462],[121.1466,13.3358],[121.1528,13.3168],[121.1652,13.3073],[121.1704,13.3038]]}},{"type":"Feature","properties":{"fault_name":"Southern Masbate Fault","segment_name":null,"fault_class":"Potentially Active Fault","trace_type":"Approximate","symbology":"Dashed - black","mechanism":null},"geometry":{"type":"LineString","coordinates":[[124.0159,11.9349],[124.0161,11.9294],[124.0166,11.926],[124.0177,11.9217]]}},{"type":"Feature","properties":{"fault_name":"Central Marinduque Fault","segment_name":null,"fault_class":"Active Fault","trace_type":"Certain","symbology":"Solid - red","mechanism":null},"geometry":{"type":"LineString","coordinates":[[121.9962,13.2943],[121.9966,13.2937],[121.9991,13.2915],[122.0021,13.2899],[122.0038,13.2883]]}},{"type":"Feature","properties":{"fault_name":"Malindig Fault","segment_name":null,"fault_class":"Potentially Active Fault","trace_type":"Approximate","symbology":"Dashed - black","mechanism":null},"geometry":{"type":"LineString","coordinates":[[121.9805,13.2599],[121.983,13.262]]}},{"type":"Feature","properties":{"fault_name":"Verde Fault System","segment_name":null,"fault_class":"Active Fault","trace_type":"Certain","symbology":"Solid - red","mechanism":"Strike-Slip"},"geometry":{"type":"LineString","coordinates":[[121.1942,13.5561],[121.1962,13.5586],[121.1966,13.5594],[121.1972,13.5598]]}},{"type":"Feature","properties":{"fault_name":"Central Mindoro Fault","segment_name":null,"fault_class":"Active Fault","trace_type":"Certain","symbology":"Solid - red","mechanism":null},"geometry":{"type":"LineString","coordinates":[[121.0214,13.3917],[121.0042,13.4464]]}},{"type":"Feature","properties":{"fault_name":"Central Marinduque Fault","segment_name":null,"fault_class":"Active Fault","trace_type":"Certain","symbology":"Solid - red","mechanism":null},"geometry":{"type":"LineString","coordinates":[[121.9402,13.3566],[121.9441,13.3528],[121.9454,13.3512],[121.9462,13.3498]]}},{"type":"Feature","properties":{"fault_name":"Malindig Fault","segment_name":null,"fault_class":"Potentially Active Fault","trace_type":"Approximate","symbology":"Dashed - black","mechanism":null},"geometry":{"type":"LineString","coordinates":[[121.9881,13.2618],[121.9896,13.2636]]}},{"type":"Feature","properties":{"fault_name":"Tablas Fault","segment_name":null,"fault_class":"Potentially Active Fault","trace_type":"Certain","symbology":"Solid - black","mechanism":null},"geometry":{"type":"LineString","coordinates":[[121.9957,12.2062],[121.9952,12.205]]}},{"type":"Feature","properties":{"fault_name":"Central Verde Fault System","segment_name":null,"fault_class":"Active Fault","trace_type":"Certain - Downthrown Area","symbology":"Hachured (N) - red","mechanism":"Normal"},"geometry":{"type":"LineString","coordinates":[[121.1073,13.5507],[121.1018,13.5464],[121.0977,13.5439],[121.0956,13.5412],[121.0947,13.5406],[121.0936,13.54],[121.0923,13.5389],[121.0913,13.5361],[121.0904,13.5344],[121.0893,13.5334],[121.0876,13.5322]]}},{"type":"Feature","properties":{"fault_name":"Verde Fault System","segment_name":null,"fault_class":"Active Fault","trace_type":"Approximate","symbology":"Dashed - red","mechanism":"Strike-Slip"},"geometry":{"type":"LineString","coordinates":[[121.4914,13.4712],[121.4826,13.4669],[121.4783,13.4644],[121.4746,13.4612]]}},{"type":"Feature","properties":{"fault_name":"Unnamed Fault","segment_name":null,"fault_class":"Active Fault","trace_type":"Approximate","symbology":"Dashed - red","mechanism":null},"geometry":{"type":"LineString","coordinates":[[121.7941,14.073],[121.823,14.0396],[121.8447,14.0194],[121.8848,13.9941],[121.9003,13.981]]}},{"type":"Feature","properties":{"fault_name":"North Verde Fault System","segment_name":null,"fault_class":"Active Fault","trace_type":"Certain","symbology":"Solid - red","mechanism":"Strike-Slip"},"geometry":{"type":"LineString","coordinates":[[121.1946,13.5962],[121.1966,13.5951],[121.1983,13.5948],[121.2,13.5941]]}},{"type":"Feature","properties":{"fault_name":"West Panay Fault","segment_name":null,"fault_class":"Active Fault","trace_type":"Certain - Downthrown Area","symbology":"Hachured (W) - red","mechanism":null},"geometry":{"type":"LineString","coordinates":[[122.1805,11.7307],[122.181,11.7437]]}},{"type":"Feature","properties":{"fault_name":"Unnamed Fault","segment_name":null,"fault_class":"Active Fault","trace_type":"Approximate","symbology":"Dashed - red","mechanism":null},"geometry":{"type":"LineString","coordinates":[[121.786,14.0396],[121.8314,13.9941]]}},{"type":"Feature","properties":{"fault_name":"North Verde Fault System","segment_name":null,"fault_class":"Active Fault","trace_type":"Certain - Downthrown Area","symbology":"Hachured (E) - red","mechanism":"Normal"},"geometry":{"type":"LineString","coordinates":[[121.0527,13.5637],[121.0553,13.5597]]}},{"type":"Feature","properties":{"fault_name":"West Panay Fault","segment_name":null,"fault_class":"Active Fault","trace_type":"Approximate","symbology":"Dashed - red","mechanism":null},"geometry":{"type":"LineString","coordinates":[[122.1512,11.7589],[122.1486,11.7643]]}},{"type":"Feature","properties":{"fault_name":"North Marinduque Fault","segment_name":null,"fault_class":"Active Fault","trace_type":"Certain","symbology":"Solid - red","mechanism":null},"geometry":{"type":"LineString","coordinates":[[121.9854,13.491],[121.9864,13.4909],[121.9886,13.4912],[121.9911,13.4921]]}},{"type":"Feature","properties":{"fault_name":"Verde Fault System","segment_name":null,"fault_class":"Active Fault","trace_type":"Certain","symbology":"Solid - red","mechanism":"Strike-Slip"},"geometry":{"type":"LineString","coordinates":[[121.3157,13.5258],[121.3113,13.5234],[121.3072,13.5208],[121.3028,13.519],[121.2839,13.5154],[121.2655,13.5115],[121.2571,13.511]]}},{"type":"Feature","properties":{"fault_name":"Lubang Fault","segment_name":null,"fault_class":"Active Fault","trace_type":"Approximate","symbology":"Dashed - red","mechanism":"Strike-Slip"},"geometry":{"type":"LineString","coordinates":[[120.6832,13.5462],[120.6749,13.5458],[120.6671,13.5451],[120.6588,13.5451],[120.6488,13.5448]]}},{"type":"Feature","properties":{"fault_name":"Sibuyan Island Fault","segment_name":null,"fault_class":"Active Fault","trace_type":"Certain","symbology":"Solid - red","mechanism":null},"geometry":{"type":"LineString","coordinates":[[122.5456,12.3678],[122.5444,12.3682],[122.5427,12.3699],[122.5402,12.3716],[122.5393,12.3724],[122.5386,12.3731],[122.5364,12.3761],[122.5354,12.3771]]}},{"type":"Feature","properties":{"fault_name":"Valley Fault System","segment_name":"West Valley Fault","fault_class":"Active Fault","trace_type":"Approximate","symbology":"Dashed - red","mechanism":null},"geometry":{"type":"LineString","coordinates":[[121.0463,14.1787],[121.0478,14.176]]}},{"type":"Feature","properties":{"fault_name":"Valley Fault System","segment_name":"West Valley Fault","fault_class":"Active Fault","trace_type":"Approximate","symbology":"Dashed - red","mechanism":null},"geometry":{"type":"LineString","coordinates":[[121.0361,14.2493],[121.0358,14.251]]}},{"type":"Feature","properties":{"fault_name":"Valley Fault System","segment_name":"West Valley Fault","fault_class":"Active Fault","trace_type":"Certain","symbology":"Solid - red","mechanism":null},"geometry":{"type":"LineString","coordinates":[[121.0514,14.1706],[121.0543,14.167]]}},{"type":"Feature","properties":{"fault_name":"Valley Fault System","segment_name":"West Valley Fault","fault_class":"Active Fault","trace_type":"Certain","symbology":"Solid - red","mechanism":null},"geometry":{"type":"LineString","coordinates":[[121.0388,14.2593],[121.0375,14.257],[121.0365,14.2546],[121.036,14.2525]]}},{"type":"Feature","properties":{"fault_name":"Philippine Fault","segment_name":"Guinayangan Segment Offshore Extension","fault_class":"Active Fault","trace_type":"Approximate","symbology":"Dashed - red","mechanism":null},"geometry":{"type":"LineString","coordinates":[[122.2334,14.0177],[122.2571,13.9961],[122.26,13.9942]]}},{"type":"Feature","properties":{"fault_name":"Philippine Fault","segment_name":"Burias Segment","fault_class":"Active Fault","trace_type":"Certain","symbology":"Solid - red","mechanism":null},"geometry":{"type":"LineString","coordinates":[[123.2633,12.8803],[123.2664,12.8768],[123.2689,12.873],[123.2708,12.8686]]}},{"type":"Feature","properties":{"fault_name":"Valley Fault System","segment_name":"West Valley Fault","fault_class":"Active Fault","trace_type":"Approximate","symbology":"Dashed - red","mechanism":null},"geometry":{"type":"LineString","coordinates":[[121.0431,14.1834],[121.0435,14.1825],[121.0445,14.1813]]}},{"type":"Feature","properties":{"fault_name":"Philippine Fault","segment_name":"Guinayangan Segment Offshore Extension","fault_class":"Potentially Active Fault","trace_type":"Approximate","symbology":"Dashed - black","mechanism":null},"geometry":{"type":"LineString","coordinates":[[122.1704,13.926],[122.1789,13.9226]]}},{"type":"Feature","properties":{"fault_name":"Valley Fault System","segment_name":"West Valley Fault","fault_class":"Active Fault","trace_type":"Certain","symbology":"Solid - red","mechanism":null},"geometry":{"type":"LineString","coordinates":[[121.0323,14.2981],[121.0332,14.2969]]}},{"type":"Feature","properties":{"fault_name":"Philippine Fault","segment_name":"Guinayangan Segment","fault_class":"Active Fault","trace_type":"Certain","symbology":"Solid - red","mechanism":null},"geometry":{"type":"LineString","coordinates":[[122.3355,13.9408],[122.338,13.9377],[122.3435,13.9331],[122.3514,13.9273],[122.3537,13.9248],[122.3576,13.9226],[122.3599,13.9209],[122.3698,13.9098]]}},{"type":"Feature","properties":{"fault_name":"Valley Fault System","segment_name":"West Valley Fault","fault_class":"Active Fault","trace_type":"Certain","symbology":"Solid - red","mechanism":null},"geometry":{"type":"LineString","coordinates":[[121.0364,14.2485],[121.0376,14.2461],[121.0392,14.244]]}},{"type":"Feature","properties":{"fault_name":"Valley Fault System","segment_name":"West Valley Fault","fault_class":"Active Fault","trace_type":"Certain - Downthrown Area","symbology":"Hachured (E) - red","mechanism":null},"geometry":{"type":"LineString","coordinates":[[121.0469,14.2265],[121.0483,14.2241]]}},{"type":"Feature","properties":{"fault_name":"Valley Fault System","segment_name":"West Valley Fault","fault_class":"Active Fault","trace_type":"Certain","symbology":"Solid - red","mechanism":null},"geometry":{"type":"LineString","coordinates":[[121.0398,14.2728],[121.0396,14.2716]]}},{"type":"Feature","properties":{"fault_name":"Philippine Fault","segment_name":"Guinayangan Segment","fault_class":"Active Fault","trace_type":"Certain","symbology":"Solid - red","mechanism":null},"geometry":{"type":"LineString","coordinates":[[122.3962,13.8869],[122.4001,13.8839],[122.4081,13.8773],[122.4112,13.8756],[122.4176,13.8701],[122.4276,13.8593],[122.4339,13.8539],[122.4371,13.8515],[122.4395,13.8488],[122.4445,13.8451]]}},{"type":"Feature","properties":{"fault_name":"Valley Fault System","segment_name":"West Valley Fault","fault_class":"Active Fault","trace_type":"Certain - Downthrown Area","symbology":"Hachured (E) - red","mechanism":null},"geometry":{"type":"LineString","coordinates":[[121.0367,14.3083],[121.0371,14.3042],[121.0368,14.3033]]}},{"type":"Feature","properties":{"fault_name":"Philippine Fault","segment_name":"Guinayangan Segment","fault_class":"Active Fault","trace_type":"Certain","symbology":"Solid - red","mechanism":null},"geometry":{"type":"LineString","coordinates":[[122.4553,13.837],[122.4581,13.8348],[122.4625,13.8319],[122.464,13.8303],[122.4676,13.8285],[122.4713,13.8261],[122.4778,13.821],[122.4799,13.8199],[122.4876,13.8136],[122.4967,13.8045],[122.4996,13.8021],[122.5029,13.8007],[122.5056,13.7984],[122.5097,13.7948],[122.5116,13.7921],[122.5136,13.7902]]}},{"type":"Feature","properties":{"fault_name":"Philippine Fault","segment_name":"Guinayangan Segment Offshore Extension","fault_class":"Potentially Active Fault","trace_type":"Approximate","symbology":"Dashed - black","mechanism":null},"geometry":{"type":"LineString","coordinates":[[122.1518,13.9312],[122.1621,13.9282]]}},{"type":"Feature","properties":{"fault_name":"Philippine Fault","segment_name":"Guinayangan Segment","fault_class":"Active Fault","trace_type":"Approximate","symbology":"Dashed - red","mechanism":null},"geometry":{"type":"LineString","coordinates":[[122.2107,13.8859],[122.2547,13.8423],[122.3312,13.7877],[122.3882,13.7269],[122.4614,13.6692]]}},{"type":"Feature","properties":{"fault_name":"Philippine Fault","segment_name":"Guinayangan Segment","fault_class":"Active Fault","trace_type":"Approximate","symbology":"Dashed - red","mechanism":null},"geometry":{"type":"LineString","coordinates":[[122.4445,13.8451],[122.4472,13.8436],[122.4553,13.837]]}},{"type":"Feature","properties":{"fault_name":"Valley Fault System","segment_name":"West Valley Fault","fault_class":"Active Fault","trace_type":"Approximate","symbology":"Dashed - red","mechanism":null},"geometry":{"type":"LineString","coordinates":[[121.0388,14.2593],[121.0397,14.2627]]}},{"type":"Feature","properties":{"fault_name":"Philippine Fault","segment_name":"Guinayangan Segment Offshore Extension","fault_class":"Potentially Active Fault","trace_type":"Approximate","symbology":"Dashed - black","mechanism":null},"geometry":{"type":"LineString","coordinates":[[122.1621,13.9282],[122.1704,13.926]]}},{"type":"Feature","properties":{"fault_name":"Valley Fault System","segment_name":"West Valley Fault","fault_class":"Active Fault","trace_type":"Certain - Downthrown Area","symbology":"Hachured (E) - red","mechanism":null},"geometry":{"type":"LineString","coordinates":[[121.0453,14.2152],[121.0454,14.2133],[121.0453,14.2121],[121.0439,14.2081],[121.0438,14.2052],[121.0432,14.2023],[121.0424,14.2005],[121.0418,14.1985]]}},{"type":"Feature","properties":{"fault_name":"Valley Fault System","segment_name":"West Valley Fault","fault_class":"Active Fault","trace_type":"Certain - Downthrown Area","symbology":"Hachured (W) - red","mechanism":null},"geometry":{"type":"LineString","coordinates":[[121.0453,14.1803],[121.0463,14.1787]]}},{"type":"Feature","properties":{"fault_name":"Philippine Fault","segment_name":"Infanta Segment","fault_class":"Active Fault","trace_type":"Certain","symbology":"Solid - red","mechanism":null},"geometry":{"type":"LineString","coordinates":[[121.6349,14.4947],[121.6505,14.4446],[121.6583,14.4158],[121.677,14.3718],[121.7343,14.305]]}},{"type":"Feature","properties":{"fault_name":"Valley Fault System","segment_name":"West Valley Fault","fault_class":"Active Fault","trace_type":"Certain - Downthrown Area","symbology":"Hachured (E) - red","mechanism":null},"geometry":{"type":"LineString","coordinates":[[121.0418,14.1985],[121.0412,14.1976],[121.0406,14.1958],[121.0397,14.1914]]}},{"type":"Feature","properties":{"fault_name":"Valley Fault System","segment_name":"West Valley Fault","fault_class":"Active Fault","trace_type":"Certain","symbology":"Solid - red","mechanism":null},"geometry":{"type":"LineString","coordinates":[[121.0447,14.1811],[121.0453,14.1803]]}},{"type":"Feature","properties":{"fault_name":"Valley Fault System","segment_name":"West Valley Fault","fault_class":"Active Fault","trace_type":"Certain","symbology":"Solid - red","mechanism":null},"geometry":{"type":"LineString","coordinates":[[121.035,14.2892],[121.036,14.2856],[121.0365,14.2827]]}},{"type":"Feature","properties":{"fault_name":"Philippine Fault","segment_name":"Burias Segment","fault_class":"Active Fault","trace_type":"Approximate","symbology":"Dashed - red","mechanism":null},"geometry":{"type":"LineString","coordinates":[[123.1102,13.0306],[123.1111,13.0294],[123.1126,13.0265],[123.1148,13.0233],[123.119,13.0164],[123.1209,13.0111],[123.1241,13.0052],[123.127,13.0011],[123.13,12.9961],[123.1335,12.9916],[123.1359,12.9889],[123.1366,12.9876],[123.1384,12.9838],[123.139,12.9827],[123.1414,12.98],[123.1422,12.9785],[123.1434,12.977]]}},{"type":"Feature","properties":{"fault_name":"Valley Fault System","segment_name":"West Valley Fault","fault_class":"Active Fault","trace_type":"Concealed","symbology":"Dotted - red","mechanism":null},"geometry":{"type":"LineString","coordinates":[[121.041,14.2761],[121.0398,14.2728]]}},{"type":"Feature","properties":{"fault_name":"Valley Fault System","segment_name":"West Valley Fault","fault_class":"Active Fault","trace_type":"Certain - Downthrown Area","symbology":"Hachured (E) - red","mechanism":null},"geometry":{"type":"LineString","coordinates":[[121.0408,14.2795],[121.041,14.2761]]}},{"type":"Feature","properties":{"fault_name":"Valley Fault System","segment_name":"West Valley Fault","fault_class":"Active Fault","trace_type":"Certain - Downthrown Area","symbology":"Hachured (E) - red","mechanism":null},"geometry":{"type":"LineString","coordinates":[[121.0402,14.1915],[121.0404,14.1878]]}},{"type":"Feature","properties":{"fault_name":"Philippine Fault","segment_name":"Guinayangan Segment","fault_class":"Active Fault","trace_type":"Certain","symbology":"Solid - red","mechanism":null},"geometry":{"type":"LineString","coordinates":[[122.3698,13.9098],[122.3729,13.9076],[122.3741,13.9063],[122.3763,13.9048],[122.3809,13.9004],[122.3833,13.8985],[122.385,13.8966],[122.3962,13.8869]]}},{"type":"Feature","properties":{"fault_name":"Valley Fault System","segment_name":"West Valley Fault","fault_class":"Active Fault","trace_type":"Certain","symbology":"Solid - red","mechanism":null},"geometry":{"type":"LineString","coordinates":[[121.0384,14.2909],[121.0389,14.2899]]}},{"type":"Feature","properties":{"fault_name":"Valley Fault System","segment_name":"West Valley Fault","fault_class":"Active Fault","trace_type":"Approximate","symbology":"Dashed - red","mechanism":null},"geometry":{"type":"LineString","coordinates":[[121.0362,14.2486],[121.0361,14.2493]]}},{"type":"Feature","properties":{"fault_name":"Valley Fault System","segment_name":"West Valley Fault","fault_class":"Active Fault","trace_type":"Certain - Downthrown Area","symbology":"Hachured (E) - red","mechanism":null},"geometry":{"type":"LineString","coordinates":[[121.0389,14.2899],[121.0399,14.2873],[121.0401,14.2861],[121.0408,14.2795]]}},{"type":"Feature","properties":{"fault_name":"Valley Fault System","segment_name":"West Valley Fault","fault_class":"Active Fault","trace_type":"Certain","symbology":"Solid - red","mechanism":null},"geometry":{"type":"LineString","coordinates":[[121.0478,14.176],[121.0488,14.1743],[121.0514,14.1706]]}},{"type":"Feature","properties":{"fault_name":"Valley Fault System","segment_name":"West Valley Fault","fault_class":"Active Fault","trace_type":"Certain","symbology":"Solid - red","mechanism":null},"geometry":{"type":"LineString","coordinates":[[121.0261,14.3041],[121.0276,14.3103],[121.028,14.3127],[121.0293,14.317],[121.0309,14.3206],[121.0328,14.323]]}},{"type":"Feature","properties":{"fault_name":"Philippine Fault","segment_name":"Guinayangan Segment","fault_class":"Active Fault","trace_type":"Approximate","symbology":"Dashed - red","mechanism":null},"geometry":{"type":"LineString","coordinates":[[122.3007,13.9794],[122.3016,13.9782],[122.3055,13.9744],[122.3078,13.9716],[122.3098,13.9697],[122.3129,13.966],[122.3153,13.9637],[122.3228,13.9546],[122.3296,13.9476],[122.3355,13.9408]]}},{"type":"Feature","properties":{"fault_name":"Valley Fault System","segment_name":"West Valley Fault","fault_class":"Active Fault","trace_type":"Approximate","symbology":"Dashed - red","mechanism":null},"geometry":{"type":"LineString","coordinates":[[121.0358,14.251],[121.036,14.2525]]}},{"type":"Feature","properties":{"fault_name":"Valley Fault System","segment_name":"West Valley Fault","fault_class":"Active Fault","trace_type":"Certain - Downthrown Area","symbology":"Hachured (W) - red","mechanism":null},"geometry":{"type":"LineString","coordinates":[[121.0445,14.1813],[121.0447,14.1811]]}},{"type":"Feature","properties":{"fault_name":"Valley Fault System","segment_name":"West Valley Fault","fault_class":"Active Fault","trace_type":"Certain","symbology":"Solid - red","mechanism":null},"geometry":{"type":"LineString","coordinates":[[121.0396,14.2702],[121.0392,14.2667],[121.0397,14.2627]]}},{"type":"Feature","properties":{"fault_name":"Valley Fault System","segment_name":"West Valley Fault","fault_class":"Active Fault","trace_type":"Approximate","symbology":"Dashed - red","mechanism":null},"geometry":{"type":"LineString","coordinates":[[121.0404,14.1878],[121.0405,14.1866],[121.0417,14.1842]]}},{"type":"Feature","properties":{"fault_name":"Philippine Fault","segment_name":"Burias Segment","fault_class":"Active Fault","trace_type":"Approximate","symbology":"Dashed - red","mechanism":null},"geometry":{"type":"LineString","coordinates":[[123.2708,12.8686],[123.2713,12.8678],[123.2725,12.866],[123.2771,12.861],[123.2789,12.858],[123.2803,12.8561],[123.2812,12.8545],[123.2821,12.8522]]}},{"type":"Feature","properties":{"fault_name":"Philippine Fault","segment_name":"Guinayangan Segment Offshore Extension","fault_class":"Active Fault","trace_type":"Approximate","symbology":"Dashed - red","mechanism":null},"geometry":{"type":"LineString","coordinates":[[122.1886,14.05],[122.1846,14.0529]]}},{"type":"Feature","properties":{"fault_name":"Philippine Fault","segment_name":"Guinayangan Segment Offshore Extension","fault_class":"Active Fault","trace_type":"Approximate","symbology":"Dashed - red","mechanism":null},"geometry":{"type":"LineString","coordinates":[[122.2082,14.0304],[122.2145,14.0267],[122.2229,14.0208]]}},{"type":"Feature","properties":{"fault_name":"Valley Fault System","segment_name":"West Valley Fault","fault_class":"Active Fault","trace_type":"Certain - Downthrown Area","symbology":"Hachured (E) - red","mechanism":null},"geometry":{"type":"LineString","coordinates":[[121.0392,14.244],[121.0402,14.2418]]}},{"type":"Feature","properties":{"fault_name":"Valley Fault System","segment_name":"West Valley Fault","fault_class":"Active Fault","trace_type":"Certain","symbology":"Solid - red","mechanism":null},"geometry":{"type":"LineString","coordinates":[[121.0332,14.2969],[121.0366,14.2915]]}},{"type":"Feature","properties":{"fault_name":"Valley Fault System","segment_name":"West Valley Fault","fault_class":"Active Fault","trace_type":"Certain","symbology":"Solid - red","mechanism":null},"geometry":{"type":"LineString","coordinates":[[121.0483,14.2241],[121.0503,14.2185]]}},{"type":"Feature","properties":{"fault_name":"Valley Fault System","segment_name":"West Valley Fault","fault_class":"Active Fault","trace_type":"Approximate","symbology":"Dashed - red","mechanism":null},"geometry":{"type":"LineString","coordinates":[[121.0467,14.2269],[121.0469,14.2265]]}},{"type":"Feature","properties":{"fault_name":"Philippine Fault","segment_name":"Burias Segment","fault_class":"Active Fault","trace_type":"Approximate","symbology":"Dashed - red","mechanism":null},"geometry":{"type":"LineString","coordinates":[[123.2251,12.9061],[123.2294,12.9031],[123.2311,12.9022],[123.236,12.9003],[123.2397,12.8982],[123.2418,12.8967],[123.245,12.8956],[123.2511,12.8924],[123.253,12.8906],[123.2551,12.8881],[123.2578,12.8861],[123.2588,12.8848],[123.2609,12.8831],[123.2633,12.8803]]}},{"type":"Feature","properties":{"fault_name":"Philippine Fault","segment_name":"Guinayangan Segment Offshore Extension","fault_class":"Potentially Active Fault","trace_type":"Approximate","symbology":"Dashed - black","mechanism":null},"geometry":{"type":"LineString","coordinates":[[122.1886,14.05],[122.1956,14.0448],[122.204,14.0388]]}},{"type":"Feature","properties":{"fault_name":"Valley Fault System","segment_name":"West Valley Fault","fault_class":"Active Fault","trace_type":"Concealed","symbology":"Dotted - red","mechanism":null},"geometry":{"type":"LineString","coordinates":[[121.0396,14.2702],[121.0396,14.2716]]}},{"type":"Feature","properties":{"fault_name":"Valley Fault System","segment_name":"West Valley Fault","fault_class":"Active Fault","trace_type":"Certain","symbology":"Solid - red","mechanism":null},"geometry":{"type":"LineString","coordinates":[[121.0402,14.2418],[121.0442,14.2335],[121.0467,14.2269]]}},{"type":"Feature","properties":{"fault_name":"Philippine Fault","segment_name":"Masbate Segment","fault_class":"Active Fault","trace_type":"Approximate","symbology":"Dashed - red","mechanism":null},"geometry":{"type":"LineString","coordinates":[[124.0144,11.9935],[124.0147,11.9933]]}},{"type":"Feature","properties":{"fault_name":"Philippine Fault","segment_name":"Masbate Segment","fault_class":"Active Fault","trace_type":"Approximate","symbology":"Dashed - red","mechanism":null},"geometry":{"type":"LineString","coordinates":[[124.0164,11.9919],[124.0168,11.9916]]}},{"type":"Feature","properties":{"fault_name":"Philippine Fault","segment_name":"Masbate Segment","fault_class":"Active Fault","trace_type":"Approximate","symbology":"Dashed - red","mechanism":null},"geometry":{"type":"LineString","coordinates":[[124.0167,11.9916],[124.0168,11.9916]]}},{"type":"Feature","properties":{"fault_name":"Philippine Fault","segment_name":"Masbate Segment","fault_class":"Active Fault","trace_type":"Approximate","symbology":"Dashed - red","mechanism":null},"geometry":{"type":"LineString","coordinates":[[124.0165,11.9906],[124.0172,11.99]]}},{"type":"Feature","properties":{"fault_name":"Philippine Fault","segment_name":"Masbate Segment","fault_class":"Active Fault","trace_type":"Approximate","symbology":"Dashed - red","mechanism":null},"geometry":{"type":"LineString","coordinates":[[124.0147,11.9933],[124.0153,11.9927]]}},{"type":"Feature","properties":{"fault_name":"Philippine Fault","segment_name":"Masbate Segment","fault_class":"Active Fault","trace_type":"Approximate","symbology":"Dashed - red","mechanism":null},"geometry":{"type":"LineString","coordinates":[[124.0148,11.993],[124.0153,11.9927],[124.0164,11.9919]]}},{"type":"Feature","properties":{"fault_name":"Philippine Fault","segment_name":"Masbate Segment","fault_class":"Active Fault","trace_type":"Approximate","symbology":"Dashed - red","mechanism":null},"geometry":{"type":"LineString","coordinates":[[124.0168,11.9916],[124.0168,11.9916]]}},{"type":"Feature","properties":{"fault_name":"Philippine Fault","segment_name":"Masbate Segment","fault_class":"Active Fault","trace_type":"Approximate","symbology":"Dashed - red","mechanism":null},"geometry":{"type":"LineString","coordinates":[[124.0167,11.9916],[124.0167,11.9916]]}},{"type":"Feature","properties":{"fault_name":"Philippine Fault","segment_name":"Masbate Segment","fault_class":"Active Fault","trace_type":"Approximate","symbology":"Dashed - red","mechanism":null},"geometry":{"type":"LineString","coordinates":[[124.0168,11.9916],[124.0168,11.9915]]}},{"type":"Feature","properties":{"fault_name":"Philippine Fault","segment_name":"Masbate Segment","fault_class":"Active Fault","trace_type":"Certain","symbology":"Solid - red","mechanism":null},"geometry":{"type":"LineString","coordinates":[[123.8703,12.1924],[123.8716,12.1902]]}},{"type":"Feature","properties":{"fault_name":"Philippine Fault","segment_name":"Masbate Segment","fault_class":"Active Fault","trace_type":"Certain","symbology":"Solid - red","mechanism":null},"geometry":{"type":"LineString","coordinates":[[123.8716,12.1902],[123.872,12.1894],[123.8748,12.1852]]}},{"type":"Feature","properties":{"fault_name":"Philippine Fault","segment_name":"Masbate Segment","fault_class":"Active Fault","trace_type":"Certain","symbology":"Solid - red","mechanism":null},"geometry":{"type":"LineString","coordinates":[[123.876,12.1838],[123.8769,12.1825],[123.8794,12.1797],[123.8814,12.1765]]}},{"type":"Feature","properties":{"fault_name":"Philippine Fault","segment_name":"Masbate Segment","fault_class":"Active Fault","trace_type":"Certain","symbology":"Solid - red","mechanism":null},"geometry":{"type":"LineString","coordinates":[[123.8814,12.1765],[123.8821,12.1757]]}},{"type":"Feature","properties":{"fault_name":"Philippine Fault","segment_name":"Masbate Segment","fault_class":"Active Fault","trace_type":"Certain","symbology":"Solid - red","mechanism":null},"geometry":{"type":"LineString","coordinates":[[123.8833,12.1744],[123.8844,12.173]]}},{"type":"Feature","properties":{"fault_name":"Philippine Fault","segment_name":"Masbate Segment","fault_class":"Active Fault","trace_type":"Certain","symbology":"Solid - red","mechanism":null},"geometry":{"type":"LineString","coordinates":[[123.8956,12.1593],[123.8961,12.1584]]}},{"type":"Feature","properties":{"fault_name":"Philippine Fault","segment_name":"Masbate Segment","fault_class":"Active Fault","trace_type":"Certain","symbology":"Solid - red","mechanism":null},"geometry":{"type":"LineString","coordinates":[[123.8961,12.1584],[123.8967,12.1571],[123.8981,12.155]]}},{"type":"Feature","properties":{"fault_name":"Philippine Fault","segment_name":"Masbate Segment","fault_class":"Active Fault","trace_type":"Certain","symbology":"Solid - red","mechanism":null},"geometry":{"type":"LineString","coordinates":[[123.8946,12.1591],[123.8947,12.1589]]}},{"type":"Feature","properties":{"fault_name":"Philippine Fault","segment_name":"Masbate Segment","fault_class":"Active Fault","trace_type":"Certain","symbology":"Solid - red","mechanism":null},"geometry":{"type":"LineString","coordinates":[[123.8946,12.161],[123.8953,12.1599]]}},{"type":"Feature","properties":{"fault_name":"Philippine Fault","segment_name":"Masbate Segment","fault_class":"Active Fault","trace_type":"Certain","symbology":"Solid - red","mechanism":null},"geometry":{"type":"LineString","coordinates":[[123.8953,12.1599],[123.8954,12.1596]]}},{"type":"Feature","properties":{"fault_name":"Philippine Fault","segment_name":"Masbate Segment","fault_class":"Active Fault","trace_type":"Certain","symbology":"Solid - red","mechanism":null},"geometry":{"type":"LineString","coordinates":[[123.8954,12.1596],[123.8956,12.1593]]}},{"type":"Feature","properties":{"fault_name":"Philippine Fault","segment_name":"Masbate Segment","fault_class":"Active Fault","trace_type":"Certain","symbology":"Solid - red","mechanism":null},"geometry":{"type":"LineString","coordinates":[[123.8981,12.155],[123.8994,12.1535]]}},{"type":"Feature","properties":{"fault_name":"Philippine Fault","segment_name":"Masbate Segment","fault_class":"Active Fault","trace_type":"Certain","symbology":"Solid - red","mechanism":null},"geometry":{"type":"LineString","coordinates":[[123.9074,12.1442],[123.9086,12.1427]]}},{"type":"Feature","properties":{"fault_name":"Philippine Fault","segment_name":"Masbate Segment","fault_class":"Active Fault","trace_type":"Certain","symbology":"Solid - red","mechanism":null},"geometry":{"type":"LineString","coordinates":[[123.9291,12.1164],[123.9301,12.1139],[123.9307,12.1129]]}},{"type":"Feature","properties":{"fault_name":"Philippine Fault","segment_name":"Masbate Segment","fault_class":"Active Fault","trace_type":"Certain","symbology":"Solid - red","mechanism":null},"geometry":{"type":"LineString","coordinates":[[123.936,12.1041],[123.9382,12.0999]]}},{"type":"Feature","properties":{"fault_name":"Philippine Fault","segment_name":"Masbate Segment","fault_class":"Active Fault","trace_type":"Certain","symbology":"Solid - red","mechanism":null},"geometry":{"type":"LineString","coordinates":[[123.9444,12.091],[123.9452,12.0901],[123.9456,12.0888],[123.9465,12.0875]]}},{"type":"Feature","properties":{"fault_name":"Philippine Fault","segment_name":"Masbate Segment","fault_class":"Active Fault","trace_type":"Certain","symbology":"Solid - red","mechanism":null},"geometry":{"type":"LineString","coordinates":[[123.8864,12.1707],[123.8868,12.1699],[123.888,12.1687],[123.89,12.166],[123.8924,12.1639]]}},{"type":"Feature","properties":{"fault_name":"Philippine Fault","segment_name":"Masbate Segment","fault_class":"Active Fault","trace_type":"Certain","symbology":"Solid - red","mechanism":null},"geometry":{"type":"LineString","coordinates":[[124.042,11.9649],[124.0438,11.9635]]}},{"type":"Feature","properties":{"fault_name":"Philippine Fault","segment_name":"Masbate Segment","fault_class":"Active Fault","trace_type":"Certain","symbology":"Solid - red","mechanism":null},"geometry":{"type":"LineString","coordinates":[[124.0434,11.964],[124.0443,11.9634],[124.0452,11.9633],[124.0455,11.9631]]}},{"type":"Feature","properties":{"fault_name":"Philippine Fault","segment_name":"Masbate Segment","fault_class":"Active Fault","trace_type":"Certain","symbology":"Solid - red","mechanism":null},"geometry":{"type":"LineString","coordinates":[[124.041,11.967],[124.0429,11.9657],[124.0433,11.9651],[124.0435,11.9645]]}},{"type":"Feature","properties":{"fault_name":"Philippine Fault","segment_name":"Masbate Segment","fault_class":"Active Fault","trace_type":"Certain","symbology":"Solid - red","mechanism":null},"geometry":{"type":"LineString","coordinates":[[124.0396,11.9702],[124.0405,11.9696],[124.0412,11.9684],[124.0424,11.9676],[124.0434,11.9672]]}},{"type":"Feature","properties":{"fault_name":"Philippine Fault","segment_name":"Masbate Segment","fault_class":"Active Fault","trace_type":"Certain","symbology":"Solid - red","mechanism":null},"geometry":{"type":"LineString","coordinates":[[124.0387,11.9703],[124.0393,11.9698],[124.0399,11.9694]]}},{"type":"Feature","properties":{"fault_name":"Philippine Fault","segment_name":"Masbate Segment","fault_class":"Active Fault","trace_type":"Certain","symbology":"Solid - red","mechanism":null},"geometry":{"type":"LineString","coordinates":[[124.0379,11.971],[124.0381,11.9707]]}},{"type":"Feature","properties":{"fault_name":"Philippine Fault","segment_name":"Masbate Segment","fault_class":"Active Fault","trace_type":"Certain","symbology":"Solid - red","mechanism":null},"geometry":{"type":"LineString","coordinates":[[124.034,11.976],[124.0344,11.9753]]}},{"type":"Feature","properties":{"fault_name":"Philippine Fault","segment_name":"Masbate Segment","fault_class":"Active Fault","trace_type":"Certain","symbology":"Solid - red","mechanism":null},"geometry":{"type":"LineString","coordinates":[[124.0356,11.9739],[124.0373,11.9718]]}},{"type":"Feature","properties":{"fault_name":"Philippine Fault","segment_name":"Masbate Segment","fault_class":"Active Fault","trace_type":"Certain","symbology":"Solid - red","mechanism":null},"geometry":{"type":"LineString","coordinates":[[124.034,11.9761],[124.0328,11.978]]}},{"type":"Feature","properties":{"fault_name":"Philippine Fault","segment_name":"Masbate Segment","fault_class":"Active Fault","trace_type":"Certain","symbology":"Solid - red","mechanism":null},"geometry":{"type":"LineString","coordinates":[[124.0291,11.9818],[124.0283,11.9828]]}},{"type":"Feature","properties":{"fault_name":"Philippine Fault","segment_name":"Masbate Segment","fault_class":"Active Fault","trace_type":"Certain","symbology":"Solid - red","mechanism":null},"geometry":{"type":"LineString","coordinates":[[124.0167,11.9966],[124.0173,11.9957],[124.0178,11.9952]]}},{"type":"Feature","properties":{"fault_name":"Philippine Fault","segment_name":"Masbate Segment","fault_class":"Active Fault","trace_type":"Certain","symbology":"Solid - red","mechanism":null},"geometry":{"type":"LineString","coordinates":[[124.0179,11.995],[124.0181,11.9948]]}},{"type":"Feature","properties":{"fault_name":"Philippine Fault","segment_name":"Masbate Segment","fault_class":"Active Fault","trace_type":"Certain","symbology":"Solid - red","mechanism":null},"geometry":{"type":"LineString","coordinates":[[124.0181,11.9948],[124.0194,11.9933]]}},{"type":"Feature","properties":{"fault_name":"Philippine Fault","segment_name":"Masbate Segment","fault_class":"Active Fault","trace_type":"Certain","symbology":"Solid - red","mechanism":null},"geometry":{"type":"LineString","coordinates":[[124.0171,12.0023],[124.0173,12.0007],[124.0176,12.0004]]}},{"type":"Feature","properties":{"fault_name":"Philippine Fault","segment_name":"Masbate Segment","fault_class":"Active Fault","trace_type":"Certain","symbology":"Solid - red","mechanism":null},"geometry":{"type":"LineString","coordinates":[[124.0156,12.0049],[124.0157,12.0044]]}},{"type":"Feature","properties":{"fault_name":"Philippine Fault","segment_name":"Masbate Segment","fault_class":"Active Fault","trace_type":"Certain","symbology":"Solid - red","mechanism":null},"geometry":{"type":"LineString","coordinates":[[124.0164,12.0041],[124.0167,12.0034]]}},{"type":"Feature","properties":{"fault_name":"Philippine Fault","segment_name":"Masbate Segment","fault_class":"Active Fault","trace_type":"Certain","symbology":"Solid - red","mechanism":null},"geometry":{"type":"LineString","coordinates":[[123.9833,12.0361],[123.9819,12.0379]]}},{"type":"Feature","properties":{"fault_name":"Philippine Fault","segment_name":"Masbate Segment","fault_class":"Active Fault","trace_type":"Certain","symbology":"Solid - red","mechanism":null},"geometry":{"type":"LineString","coordinates":[[123.9816,12.0383],[123.9808,12.0392]]}},{"type":"Feature","properties":{"fault_name":"Philippine Fault","segment_name":"Masbate Segment","fault_class":"Active Fault","trace_type":"Certain","symbology":"Solid - red","mechanism":null},"geometry":{"type":"LineString","coordinates":[[123.9805,12.0397],[123.9803,12.04]]}},{"type":"Feature","properties":{"fault_name":"Philippine Fault","segment_name":"Masbate Segment","fault_class":"Active Fault","trace_type":"Certain","symbology":"Solid - red","mechanism":null},"geometry":{"type":"LineString","coordinates":[[123.9803,12.04],[123.9803,12.04]]}},{"type":"Feature","properties":{"fault_name":"Philippine Fault","segment_name":"Masbate Segment","fault_class":"Active Fault","trace_type":"Certain","symbology":"Solid - red","mechanism":null},"geometry":{"type":"LineString","coordinates":[[123.9798,12.0406],[123.9797,12.0407]]}},{"type":"Feature","properties":{"fault_name":"Philippine Fault","segment_name":"Masbate Segment","fault_class":"Active Fault","trace_type":"Certain","symbology":"Solid - red","mechanism":null},"geometry":{"type":"LineString","coordinates":[[123.9776,12.0436],[123.9776,12.0437]]}},{"type":"Feature","properties":{"fault_name":"Philippine Fault","segment_name":"Masbate Segment","fault_class":"Active Fault","trace_type":"Certain","symbology":"Solid - red","mechanism":null},"geometry":{"type":"LineString","coordinates":[[123.9763,12.0454],[123.9766,12.0449]]}},{"type":"Feature","properties":{"fault_name":"Philippine Fault","segment_name":"Masbate Segment","fault_class":"Active Fault","trace_type":"Certain","symbology":"Solid - red","mechanism":null},"geometry":{"type":"LineString","coordinates":[[123.9587,12.0706],[123.9563,12.074]]}},{"type":"Feature","properties":{"fault_name":"Philippine Fault","segment_name":"Masbate Segment","fault_class":"Active Fault","trace_type":"Certain","symbology":"Solid - red","mechanism":null},"geometry":{"type":"LineString","coordinates":[[123.9837,12.0356],[123.9839,12.0353]]}},{"type":"Feature","properties":{"fault_name":"Philippine Fault","segment_name":"Masbate Segment","fault_class":"Active Fault","trace_type":"Certain","symbology":"Solid - red","mechanism":null},"geometry":{"type":"LineString","coordinates":[[123.9839,12.0353],[123.9846,12.0344]]}},{"type":"Feature","properties":{"fault_name":"Philippine Fault","segment_name":"Masbate Segment","fault_class":"Active Fault","trace_type":"Certain","symbology":"Solid - red","mechanism":null},"geometry":{"type":"LineString","coordinates":[[123.9868,12.0316],[123.9869,12.0315]]}},{"type":"Feature","properties":{"fault_name":"Philippine Fault","segment_name":"Masbate Segment","fault_class":"Active Fault","trace_type":"Certain","symbology":"Solid - red","mechanism":null},"geometry":{"type":"LineString","coordinates":[[123.9869,12.0315],[123.989,12.029]]}},{"type":"Feature","properties":{"fault_name":"Philippine Fault","segment_name":"Masbate Segment","fault_class":"Active Fault","trace_type":"Certain","symbology":"Solid - red","mechanism":null},"geometry":{"type":"LineString","coordinates":[[123.989,12.029],[123.9893,12.0286]]}},{"type":"Feature","properties":{"fault_name":"Philippine Fault","segment_name":"Masbate Segment","fault_class":"Active Fault","trace_type":"Certain","symbology":"Solid - red","mechanism":null},"geometry":{"type":"LineString","coordinates":[[123.9893,12.0286],[123.9896,12.0282]]}},{"type":"Feature","properties":{"fault_name":"Philippine Fault","segment_name":"Masbate Segment","fault_class":"Active Fault","trace_type":"Certain","symbology":"Solid - red","mechanism":null},"geometry":{"type":"LineString","coordinates":[[123.9908,12.0266],[123.9911,12.0262]]}},{"type":"Feature","properties":{"fault_name":"Philippine Fault","segment_name":"Masbate Segment","fault_class":"Active Fault","trace_type":"Certain","symbology":"Solid - red","mechanism":null},"geometry":{"type":"LineString","coordinates":[[123.9919,12.0251],[123.9923,12.0246]]}},{"type":"Feature","properties":{"fault_name":"Philippine Fault","segment_name":"Masbate Segment","fault_class":"Active Fault","trace_type":"Certain","symbology":"Solid - red","mechanism":null},"geometry":{"type":"LineString","coordinates":[[123.9924,12.0243],[123.9929,12.0237]]}},{"type":"Feature","properties":{"fault_name":"Philippine Fault","segment_name":"Masbate Segment","fault_class":"Active Fault","trace_type":"Certain","symbology":"Solid - red","mechanism":null},"geometry":{"type":"LineString","coordinates":[[123.9929,12.0237],[123.9931,12.0234]]}},{"type":"Feature","properties":{"fault_name":"Philippine Fault","segment_name":"Masbate Segment","fault_class":"Active Fault","trace_type":"Certain","symbology":"Solid - red","mechanism":null},"geometry":{"type":"LineString","coordinates":[[123.9942,12.0219],[123.9943,12.0218]]}},{"type":"Feature","properties":{"fault_name":"Philippine Fault","segment_name":"Masbate Segment","fault_class":"Active Fault","trace_type":"Certain","symbology":"Solid - red","mechanism":null},"geometry":{"type":"LineString","coordinates":[[123.9943,12.0218],[123.9944,12.0216]]}},{"type":"Feature","properties":{"fault_name":"Philippine Fault","segment_name":"Masbate Segment","fault_class":"Active Fault","trace_type":"Certain","symbology":"Solid - red","mechanism":null},"geometry":{"type":"LineString","coordinates":[[123.995,12.0208],[123.9952,12.0204]]}},{"type":"Feature","properties":{"fault_name":"Philippine Fault","segment_name":"Masbate Segment","fault_class":"Active Fault","trace_type":"Certain","symbology":"Solid - red","mechanism":null},"geometry":{"type":"LineString","coordinates":[[123.9954,12.0202],[123.9956,12.02]]}},{"type":"Feature","properties":{"fault_name":"Philippine Fault","segment_name":"Masbate Segment","fault_class":"Active Fault","trace_type":"Certain","symbology":"Solid - red","mechanism":null},"geometry":{"type":"LineString","coordinates":[[123.9956,12.02],[123.9957,12.0198]]}},{"type":"Feature","properties":{"fault_name":"Philippine Fault","segment_name":"Masbate Segment","fault_class":"Active Fault","trace_type":"Certain","symbology":"Solid - red","mechanism":null},"geometry":{"type":"LineString","coordinates":[[123.9957,12.0198],[123.9957,12.0198]]}},{"type":"Feature","properties":{"fault_name":"Philippine Fault","segment_name":"Masbate Segment","fault_class":"Active Fault","trace_type":"Certain","symbology":"Solid - red","mechanism":null},"geometry":{"type":"LineString","coordinates":[[123.996,12.0195],[123.9962,12.0192]]}},{"type":"Feature","properties":{"fault_name":"Philippine Fault","segment_name":"Masbate Segment","fault_class":"Active Fault","trace_type":"Certain","symbology":"Solid - red","mechanism":null},"geometry":{"type":"LineString","coordinates":[[123.997,12.0182],[123.9972,12.0177]]}},{"type":"Feature","properties":{"fault_name":"Philippine Fault","segment_name":"Masbate Segment","fault_class":"Active Fault","trace_type":"Certain","symbology":"Solid - red","mechanism":null},"geometry":{"type":"LineString","coordinates":[[123.9976,12.0172],[123.9981,12.0164]]}},{"type":"Feature","properties":{"fault_name":"Philippine Fault","segment_name":"Masbate Segment","fault_class":"Active Fault","trace_type":"Certain","symbology":"Solid - red","mechanism":null},"geometry":{"type":"LineString","coordinates":[[123.9981,12.0164],[123.9983,12.0162]]}},{"type":"Feature","properties":{"fault_name":"Philippine Fault","segment_name":"Masbate Segment","fault_class":"Active Fault","trace_type":"Certain","symbology":"Solid - red","mechanism":null},"geometry":{"type":"LineString","coordinates":[[123.9988,12.0154],[123.9994,12.0144]]}},{"type":"Feature","properties":{"fault_name":"Philippine Fault","segment_name":"Masbate Segment","fault_class":"Active Fault","trace_type":"Certain","symbology":"Solid - red","mechanism":null},"geometry":{"type":"LineString","coordinates":[[123.9994,12.0144],[124.0008,12.0121]]}},{"type":"Feature","properties":{"fault_name":"Philippine Fault","segment_name":"Masbate Segment","fault_class":"Active Fault","trace_type":"Certain","symbology":"Solid - red","mechanism":null},"geometry":{"type":"LineString","coordinates":[[124.0008,12.0121],[124.0008,12.0121]]}},{"type":"Feature","properties":{"fault_name":"Philippine Fault","segment_name":"Masbate Segment","fault_class":"Active Fault","trace_type":"Certain","symbology":"Solid - red","mechanism":null},"geometry":{"type":"LineString","coordinates":[[124.0008,12.0121],[124.0008,12.012]]}},{"type":"Feature","properties":{"fault_name":"Philippine Fault","segment_name":"Masbate Segment","fault_class":"Active Fault","trace_type":"Certain","symbology":"Solid - red","mechanism":null},"geometry":{"type":"LineString","coordinates":[[123.9837,12.0356],[123.9833,12.0361]]}},{"type":"Feature","properties":{"fault_name":"Philippine Fault","segment_name":"Masbate Segment","fault_class":"Active Fault","trace_type":"Certain","symbology":"Solid - red","mechanism":null},"geometry":{"type":"LineString","coordinates":[[124.0445,11.9663],[124.0451,11.9657],[124.0462,11.9641],[124.0473,11.9631]]}},{"type":"Feature","properties":{"fault_name":"Philippine Fault","segment_name":"Masbate Segment","fault_class":"Active Fault","trace_type":"Certain","symbology":"Solid - red","mechanism":null},"geometry":{"type":"LineString","coordinates":[[124.0434,11.9672],[124.0439,11.9666],[124.0445,11.9663]]}},{"type":"Feature","properties":{"fault_name":"Philippine Fault","segment_name":"Masbate Segment","fault_class":"Active Fault","trace_type":"Certain","symbology":"Solid - red","mechanism":null},"geometry":{"type":"LineString","coordinates":[[123.9587,12.0706],[123.9592,12.0701]]}},{"type":"Feature","properties":{"fault_name":"Philippine Fault","segment_name":"Masbate Segment","fault_class":"Active Fault","trace_type":"Certain","symbology":"Solid - red","mechanism":null},"geometry":{"type":"LineString","coordinates":[[123.9592,12.0701],[123.9592,12.07]]}},{"type":"Feature","properties":{"fault_name":"Philippine Fault","segment_name":"Masbate Segment","fault_class":"Active Fault","trace_type":"Certain","symbology":"Solid - red","mechanism":null},"geometry":{"type":"LineString","coordinates":[[123.9594,12.0696],[123.9592,12.07]]}},{"type":"Feature","properties":{"fault_name":"Philippine Fault","segment_name":"Masbate Segment","fault_class":"Active Fault","trace_type":"Certain","symbology":"Solid - red","mechanism":null},"geometry":{"type":"LineString","coordinates":[[123.9594,12.0696],[123.9605,12.0683]]}},{"type":"Feature","properties":{"fault_name":"Philippine Fault","segment_name":"Masbate Segment","fault_class":"Active Fault","trace_type":"Certain","symbology":"Solid - red","mechanism":null},"geometry":{"type":"LineString","coordinates":[[123.9605,12.0683],[123.9612,12.0672]]}},{"type":"Feature","properties":{"fault_name":"Philippine Fault","segment_name":"Masbate Segment","fault_class":"Active Fault","trace_type":"Certain","symbology":"Solid - red","mechanism":null},"geometry":{"type":"LineString","coordinates":[[123.9617,12.0665],[123.9621,12.0659]]}},{"type":"Feature","properties":{"fault_name":"Philippine Fault","segment_name":"Masbate Segment","fault_class":"Active Fault","trace_type":"Certain","symbology":"Solid - red","mechanism":null},"geometry":{"type":"LineString","coordinates":[[123.978,12.0431],[123.9776,12.0436]]}},{"type":"Feature","properties":{"fault_name":"Philippine Fault","segment_name":"Masbate Segment","fault_class":"Active Fault","trace_type":"Certain","symbology":"Solid - red","mechanism":null},"geometry":{"type":"LineString","coordinates":[[123.9792,12.0415],[123.9786,12.0423]]}},{"type":"Feature","properties":{"fault_name":"Philippine Fault","segment_name":"Masbate Segment","fault_class":"Active Fault","trace_type":"Certain","symbology":"Solid - red","mechanism":null},"geometry":{"type":"LineString","coordinates":[[123.9911,12.0262],[123.9914,12.0258]]}},{"type":"Feature","properties":{"fault_name":"Philippine Fault","segment_name":"Masbate Segment","fault_class":"Active Fault","trace_type":"Certain","symbology":"Solid - red","mechanism":null},"geometry":{"type":"LineString","coordinates":[[123.9923,12.0246],[123.9924,12.0244]]}},{"type":"Feature","properties":{"fault_name":"Philippine Fault","segment_name":"Masbate Segment","fault_class":"Active Fault","trace_type":"Certain","symbology":"Solid - red","mechanism":null},"geometry":{"type":"LineString","coordinates":[[123.9512,12.0816],[123.9528,12.079]]}},{"type":"Feature","properties":{"fault_name":"Philippine Fault","segment_name":"Masbate Segment","fault_class":"Active Fault","trace_type":"Certain","symbology":"Solid - red","mechanism":null},"geometry":{"type":"LineString","coordinates":[[123.986,12.0327],[123.9862,12.0324]]}},{"type":"Feature","properties":{"fault_name":"Philippine Fault","segment_name":"Masbate Segment","fault_class":"Active Fault","trace_type":"Certain","symbology":"Solid - red","mechanism":null},"geometry":{"type":"LineString","coordinates":[[123.9856,12.033],[123.986,12.0327]]}},{"type":"Feature","properties":{"fault_name":"Philippine Fault","segment_name":"Masbate Segment","fault_class":"Active Fault","trace_type":"Certain","symbology":"Solid - red","mechanism":null},"geometry":{"type":"LineString","coordinates":[[123.9862,12.0321],[123.9868,12.0316]]}},{"type":"Feature","properties":{"fault_name":"Philippine Fault","segment_name":"Masbate Segment","fault_class":"Active Fault","trace_type":"Certain","symbology":"Solid - red","mechanism":null},"geometry":{"type":"LineString","coordinates":[[123.9896,12.0282],[123.9899,12.0279]]}},{"type":"Feature","properties":{"fault_name":"Philippine Fault","segment_name":"Masbate Segment","fault_class":"Active Fault","trace_type":"Certain","symbology":"Solid - red","mechanism":null},"geometry":{"type":"LineString","coordinates":[[123.9899,12.0279],[123.9902,12.0275]]}},{"type":"Feature","properties":{"fault_name":"Philippine Fault","segment_name":"Masbate Segment","fault_class":"Active Fault","trace_type":"Certain","symbology":"Solid - red","mechanism":null},"geometry":{"type":"LineString","coordinates":[[123.9902,12.0275],[123.9905,12.027]]}},{"type":"Feature","properties":{"fault_name":"Philippine Fault","segment_name":"Masbate Segment","fault_class":"Active Fault","trace_type":"Certain","symbology":"Solid - red","mechanism":null},"geometry":{"type":"LineString","coordinates":[[123.9905,12.027],[123.9908,12.0266]]}},{"type":"Feature","properties":{"fault_name":"Philippine Fault","segment_name":"Masbate Segment","fault_class":"Active Fault","trace_type":"Certain","symbology":"Solid - red","mechanism":null},"geometry":{"type":"LineString","coordinates":[[123.9914,12.0258],[123.9916,12.0255]]}},{"type":"Feature","properties":{"fault_name":"Philippine Fault","segment_name":"Masbate Segment","fault_class":"Active Fault","trace_type":"Certain","symbology":"Solid - red","mechanism":null},"geometry":{"type":"LineString","coordinates":[[123.9916,12.0255],[123.9918,12.0253]]}},{"type":"Feature","properties":{"fault_name":"Philippine Fault","segment_name":"Masbate Segment","fault_class":"Active Fault","trace_type":"Certain","symbology":"Solid - red","mechanism":null},"geometry":{"type":"LineString","coordinates":[[123.9918,12.0253],[123.9919,12.0251]]}},{"type":"Feature","properties":{"fault_name":"Philippine Fault","segment_name":"Masbate Segment","fault_class":"Active Fault","trace_type":"Certain","symbology":"Solid - red","mechanism":null},"geometry":{"type":"LineString","coordinates":[[123.9931,12.0234],[123.9932,12.0233]]}},{"type":"Feature","properties":{"fault_name":"Philippine Fault","segment_name":"Masbate Segment","fault_class":"Active Fault","trace_type":"Certain","symbology":"Solid - red","mechanism":null},"geometry":{"type":"LineString","coordinates":[[123.9932,12.0233],[123.9942,12.0219]]}},{"type":"Feature","properties":{"fault_name":"Philippine Fault","segment_name":"Masbate Segment","fault_class":"Active Fault","trace_type":"Certain","symbology":"Solid - red","mechanism":null},"geometry":{"type":"LineString","coordinates":[[123.9947,12.0211],[123.995,12.0208]]}},{"type":"Feature","properties":{"fault_name":"Philippine Fault","segment_name":"Masbate Segment","fault_class":"Active Fault","trace_type":"Certain","symbology":"Solid - red","mechanism":null},"geometry":{"type":"LineString","coordinates":[[123.942,12.0944],[123.9434,12.0927],[123.9444,12.091]]}},{"type":"Feature","properties":{"fault_name":"Philippine Fault","segment_name":"Masbate Segment","fault_class":"Active Fault","trace_type":"Certain","symbology":"Solid - red","mechanism":null},"geometry":{"type":"LineString","coordinates":[[123.9414,12.095],[123.942,12.0944]]}},{"type":"Feature","properties":{"fault_name":"Philippine Fault","segment_name":"Masbate Segment","fault_class":"Active Fault","trace_type":"Certain","symbology":"Solid - red","mechanism":null},"geometry":{"type":"LineString","coordinates":[[123.9382,12.0999],[123.9386,12.0992],[123.9392,12.0985]]}},{"type":"Feature","properties":{"fault_name":"Philippine Fault","segment_name":"Masbate Segment","fault_class":"Active Fault","trace_type":"Certain","symbology":"Solid - red","mechanism":null},"geometry":{"type":"LineString","coordinates":[[123.9392,12.0985],[123.9414,12.095]]}},{"type":"Feature","properties":{"fault_name":"Philippine Fault","segment_name":"Masbate Segment","fault_class":"Active Fault","trace_type":"Certain","symbology":"Solid - red","mechanism":null},"geometry":{"type":"LineString","coordinates":[[123.933,12.1089],[123.9342,12.1073],[123.9347,12.1063]]}},{"type":"Feature","properties":{"fault_name":"Philippine Fault","segment_name":"Masbate Segment","fault_class":"Active Fault","trace_type":"Certain","symbology":"Solid - red","mechanism":null},"geometry":{"type":"LineString","coordinates":[[123.9307,12.1129],[123.9315,12.1109]]}},{"type":"Feature","properties":{"fault_name":"Philippine Fault","segment_name":"Masbate Segment","fault_class":"Active Fault","trace_type":"Certain","symbology":"Solid - red","mechanism":null},"geometry":{"type":"LineString","coordinates":[[123.9323,12.1099],[123.933,12.1089]]}},{"type":"Feature","properties":{"fault_name":"Philippine Fault","segment_name":"Masbate Segment","fault_class":"Active Fault","trace_type":"Certain","symbology":"Solid - red","mechanism":null},"geometry":{"type":"LineString","coordinates":[[123.9321,12.1102],[123.9315,12.1109]]}},{"type":"Feature","properties":{"fault_name":"Philippine Fault","segment_name":"Masbate Segment","fault_class":"Active Fault","trace_type":"Certain","symbology":"Solid - red","mechanism":null},"geometry":{"type":"LineString","coordinates":[[123.9321,12.1102],[123.9323,12.1099]]}},{"type":"Feature","properties":{"fault_name":"Philippine Fault","segment_name":"Masbate Segment","fault_class":"Active Fault","trace_type":"Certain","symbology":"Solid - red","mechanism":null},"geometry":{"type":"LineString","coordinates":[[123.9237,12.126],[123.9243,12.1253],[123.9248,12.1242]]}},{"type":"Feature","properties":{"fault_name":"Philippine Fault","segment_name":"Masbate Segment","fault_class":"Active Fault","trace_type":"Certain","symbology":"Solid - red","mechanism":null},"geometry":{"type":"LineString","coordinates":[[123.978,12.0431],[123.9786,12.0423]]}},{"type":"Feature","properties":{"fault_name":"Philippine Fault","segment_name":"Masbate Segment","fault_class":"Active Fault","trace_type":"Certain","symbology":"Solid - red","mechanism":null},"geometry":{"type":"LineString","coordinates":[[123.9612,12.0672],[123.9617,12.0665]]}},{"type":"Feature","properties":{"fault_name":"Philippine Fault","segment_name":"Masbate Segment","fault_class":"Active Fault","trace_type":"Certain","symbology":"Solid - red","mechanism":null},"geometry":{"type":"LineString","coordinates":[[123.9478,12.0863],[123.9485,12.0858],[123.9505,12.083]]}},{"type":"Feature","properties":{"fault_name":"Philippine Fault","segment_name":"Masbate Segment","fault_class":"Active Fault","trace_type":"Certain","symbology":"Solid - red","mechanism":null},"geometry":{"type":"LineString","coordinates":[[123.9287,12.1174],[123.9291,12.1164]]}},{"type":"Feature","properties":{"fault_name":"Philippine Fault","segment_name":"Masbate Segment","fault_class":"Active Fault","trace_type":"Certain","symbology":"Solid - red","mechanism":null},"geometry":{"type":"LineString","coordinates":[[124.0223,11.9987],[124.0227,11.998]]}},{"type":"Feature","properties":{"fault_name":"Philippine Fault","segment_name":"Masbate Segment","fault_class":"Active Fault","trace_type":"Certain","symbology":"Solid - red","mechanism":null},"geometry":{"type":"LineString","coordinates":[[124.0262,11.9957],[124.0263,11.9956]]}},{"type":"Feature","properties":{"fault_name":"Philippine Fault","segment_name":"Masbate Segment","fault_class":"Active Fault","trace_type":"Certain","symbology":"Solid - red","mechanism":null},"geometry":{"type":"LineString","coordinates":[[124.0269,11.9936],[124.0271,11.9934]]}},{"type":"Feature","properties":{"fault_name":"Philippine Fault","segment_name":"Masbate Segment","fault_class":"Active Fault","trace_type":"Certain","symbology":"Solid - red","mechanism":null},"geometry":{"type":"LineString","coordinates":[[124.0273,11.9942],[124.0276,11.994]]}},{"type":"Feature","properties":{"fault_name":"Philippine Fault","segment_name":"Masbate Segment","fault_class":"Active Fault","trace_type":"Certain","symbology":"Solid - red","mechanism":null},"geometry":{"type":"LineString","coordinates":[[124.028,11.994],[124.0284,11.9936]]}},{"type":"Feature","properties":{"fault_name":"Philippine Fault","segment_name":"Masbate Segment","fault_class":"Active Fault","trace_type":"Approximate","symbology":"Dashed - red","mechanism":null},"geometry":{"type":"LineString","coordinates":[[123.8665,12.1977],[123.8683,12.1958],[123.8694,12.1936],[123.8703,12.1924]]}},{"type":"Feature","properties":{"fault_name":"Philippine Fault","segment_name":"Masbate Segment","fault_class":"Active Fault","trace_type":"Approximate","symbology":"Dashed - red","mechanism":null},"geometry":{"type":"LineString","coordinates":[[123.8748,12.1852],[123.8752,12.1846],[123.876,12.1838]]}},{"type":"Feature","properties":{"fault_name":"Philippine Fault","segment_name":"Masbate Segment","fault_class":"Active Fault","trace_type":"Approximate","symbology":"Dashed - red","mechanism":null},"geometry":{"type":"LineString","coordinates":[[123.8821,12.1757],[123.8833,12.1744]]}},{"type":"Feature","properties":{"fault_name":"Philippine Fault","segment_name":"Masbate Segment","fault_class":"Active Fault","trace_type":"Approximate","symbology":"Dashed - red","mechanism":null},"geometry":{"type":"LineString","coordinates":[[123.8844,12.173],[123.8864,12.1707]]}},{"type":"Feature","properties":{"fault_name":"Philippine Fault","segment_name":"Masbate Segment","fault_class":"Active Fault","trace_type":"Approximate","symbology":"Dashed - red","mechanism":null},"geometry":{"type":"LineString","coordinates":[[123.8924,12.1639],[123.8939,12.1623],[123.8946,12.161]]}},{"type":"Feature","properties":{"fault_name":"Philippine Fault","segment_name":"Masbate Segment","fault_class":"Active Fault","trace_type":"Approximate","symbology":"Dashed - red","mechanism":null},"geometry":{"type":"LineString","coordinates":[[123.8947,12.1589],[123.8957,12.1579]]}},{"type":"Feature","properties":{"fault_name":"Philippine Fault","segment_name":"Masbate Segment","fault_class":"Active Fault","trace_type":"Approximate","symbology":"Dashed - red","mechanism":null},"geometry":{"type":"LineString","coordinates":[[123.8994,12.1535],[123.9016,12.1508]]}},{"type":"Feature","properties":{"fault_name":"Philippine Fault","segment_name":"Masbate Segment","fault_class":"Active Fault","trace_type":"Approximate","symbology":"Dashed - red","mechanism":null},"geometry":{"type":"LineString","coordinates":[[123.9016,12.1508],[123.903,12.1491],[123.9059,12.1453],[123.9074,12.1442]]}},{"type":"Feature","properties":{"fault_name":"Philippine Fault","segment_name":"Masbate Segment","fault_class":"Active Fault","trace_type":"Approximate","symbology":"Dashed - red","mechanism":null},"geometry":{"type":"LineString","coordinates":[[123.9086,12.1427],[123.9096,12.1411],[123.913,12.1375]]}},{"type":"Feature","properties":{"fault_name":"Philippine Fault","segment_name":"Masbate Segment","fault_class":"Active Fault","trace_type":"Approximate","symbology":"Dashed - red","mechanism":null},"geometry":{"type":"LineString","coordinates":[[123.913,12.1375],[123.9146,12.1359]]}},{"type":"Feature","properties":{"fault_name":"Philippine Fault","segment_name":"Masbate Segment","fault_class":"Active Fault","trace_type":"Approximate","symbology":"Dashed - red","mechanism":null},"geometry":{"type":"LineString","coordinates":[[123.9146,12.1359],[123.9154,12.1349]]}},{"type":"Feature","properties":{"fault_name":"Philippine Fault","segment_name":"Masbate Segment","fault_class":"Active Fault","trace_type":"Approximate","symbology":"Dashed - red","mechanism":null},"geometry":{"type":"LineString","coordinates":[[123.922,12.1283],[123.9237,12.126]]}},{"type":"Feature","properties":{"fault_name":"Philippine Fault","segment_name":"Masbate Segment","fault_class":"Active Fault","trace_type":"Approximate","symbology":"Dashed - red","mechanism":null},"geometry":{"type":"LineString","coordinates":[[124.0373,11.9718],[124.0379,11.971]]}},{"type":"Feature","properties":{"fault_name":"Philippine Fault","segment_name":"Masbate Segment","fault_class":"Active Fault","trace_type":"Approximate","symbology":"Dashed - red","mechanism":null},"geometry":{"type":"LineString","coordinates":[[124.0344,11.9753],[124.0356,11.9739]]}},{"type":"Feature","properties":{"fault_name":"Philippine Fault","segment_name":"Masbate Segment","fault_class":"Active Fault","trace_type":"Approximate","symbology":"Dashed - red","mechanism":null},"geometry":{"type":"LineString","coordinates":[[124.0328,11.978],[124.0317,11.979],[124.0306,11.9797],[124.0291,11.9818]]}},{"type":"Feature","properties":{"fault_name":"Philippine Fault","segment_name":"Masbate Segment","fault_class":"Active Fault","trace_type":"Approximate","symbology":"Dashed - red","mechanism":null},"geometry":{"type":"LineString","coordinates":[[124.0283,11.9828],[124.0279,11.9833],[124.0272,11.9835],[124.0264,11.9844],[124.0255,11.985],[124.025,11.9855],[124.0235,11.9876],[124.0228,11.9881],[124.0219,11.9901]]}},{"type":"Feature","properties":{"fault_name":"Philippine Fault","segment_name":"Masbate Segment","fault_class":"Active Fault","trace_type":"Approximate","symbology":"Dashed - red","mechanism":null},"geometry":{"type":"LineString","coordinates":[[124.0178,11.9952],[124.0179,11.995]]}},{"type":"Feature","properties":{"fault_name":"Philippine Fault","segment_name":"Masbate Segment","fault_class":"Active Fault","trace_type":"Approximate","symbology":"Dashed - red","mechanism":null},"geometry":{"type":"LineString","coordinates":[[124.0194,11.9933],[124.0198,11.9929],[124.02,11.992],[124.0206,11.9908],[124.0212,11.9904],[124.0214,11.9892],[124.0222,11.9885],[124.0227,11.9874],[124.0236,11.9864],[124.0238,11.9858],[124.0257,11.9828],[124.0261,11.9823],[124.0284,11.9811],[124.0298,11.9791]]}},{"type":"Feature","properties":{"fault_name":"Philippine Fault","segment_name":"Masbate Segment","fault_class":"Active Fault","trace_type":"Approximate","symbology":"Dashed - red","mechanism":null},"geometry":{"type":"LineString","coordinates":[[123.9653,12.0618],[123.9671,12.0602],[123.9679,12.0589],[123.969,12.0579],[123.97,12.0555],[123.9705,12.0549],[123.9708,12.054]]}},{"type":"Feature","properties":{"fault_name":"Philippine Fault","segment_name":"Masbate Segment","fault_class":"Active Fault","trace_type":"Approximate","symbology":"Dashed - red","mechanism":null},"geometry":{"type":"LineString","coordinates":[[123.9653,12.0609],[123.9658,12.0598],[123.9679,12.0578],[123.9683,12.0571]]}},{"type":"Feature","properties":{"fault_name":"Philippine Fault","segment_name":"Masbate Segment","fault_class":"Active Fault","trace_type":"Approximate","symbology":"Dashed - red","mechanism":null},"geometry":{"type":"LineString","coordinates":[[123.9717,12.0523],[123.9726,12.0514],[123.9739,12.0493],[123.9746,12.0477],[123.9752,12.0471],[123.9754,12.0466],[123.9762,12.0455]]}},{"type":"Feature","properties":{"fault_name":"Philippine Fault","segment_name":"Masbate Segment","fault_class":"Active Fault","trace_type":"Approximate","symbology":"Dashed - red","mechanism":null},"geometry":{"type":"LineString","coordinates":[[123.9819,12.0379],[123.9816,12.0383]]}},{"type":"Feature","properties":{"fault_name":"Philippine Fault","segment_name":"Masbate Segment","fault_class":"Active Fault","trace_type":"Approximate","symbology":"Dashed - red","mechanism":null},"geometry":{"type":"LineString","coordinates":[[123.9803,12.04],[123.9798,12.0406]]}},{"type":"Feature","properties":{"fault_name":"Philippine Fault","segment_name":"Masbate Segment","fault_class":"Active Fault","trace_type":"Approximate","symbology":"Dashed - red","mechanism":null},"geometry":{"type":"LineString","coordinates":[[123.9797,12.0407],[123.9792,12.0415]]}},{"type":"Feature","properties":{"fault_name":"Philippine Fault","segment_name":"Masbate Segment","fault_class":"Active Fault","trace_type":"Approximate","symbology":"Dashed - red","mechanism":null},"geometry":{"type":"LineString","coordinates":[[123.9792,12.0415],[123.9792,12.0415]]}},{"type":"Feature","properties":{"fault_name":"Philippine Fault","segment_name":"Masbate Segment","fault_class":"Active Fault","trace_type":"Approximate","symbology":"Dashed - red","mechanism":null},"geometry":{"type":"LineString","coordinates":[[123.9776,12.0437],[123.9766,12.0449]]}},{"type":"Feature","properties":{"fault_name":"Philippine Fault","segment_name":"Masbate Segment","fault_class":"Active Fault","trace_type":"Approximate","symbology":"Dashed - red","mechanism":null},"geometry":{"type":"LineString","coordinates":[[123.9762,12.0455],[123.9763,12.0454]]}},{"type":"Feature","properties":{"fault_name":"Philippine Fault","segment_name":"Masbate Segment","fault_class":"Active Fault","trace_type":"Approximate","symbology":"Dashed - red","mechanism":null},"geometry":{"type":"LineString","coordinates":[[123.9717,12.0523],[123.9708,12.054]]}},{"type":"Feature","properties":{"fault_name":"Philippine Fault","segment_name":"Masbate Segment","fault_class":"Active Fault","trace_type":"Approximate","symbology":"Dashed - red","mechanism":null},"geometry":{"type":"LineString","coordinates":[[123.9653,12.0618],[123.9644,12.0629],[123.9642,12.0636],[123.9639,12.0641]]}},{"type":"Feature","properties":{"fault_name":"Philippine Fault","segment_name":"Masbate Segment","fault_class":"Active Fault","trace_type":"Approximate","symbology":"Dashed - red","mechanism":null},"geometry":{"type":"LineString","coordinates":[[123.9639,12.0634],[123.963,12.0652],[123.9624,12.0658]]}},{"type":"Feature","properties":{"fault_name":"Philippine Fault","segment_name":"Masbate Segment","fault_class":"Active Fault","trace_type":"Approximate","symbology":"Dashed - red","mechanism":null},"geometry":{"type":"LineString","coordinates":[[123.8853,12.1721],[123.8854,12.172]]}},{"type":"Feature","properties":{"fault_name":"Philippine Fault","segment_name":"Masbate Segment","fault_class":"Active Fault","trace_type":"Approximate","symbology":"Dashed - red","mechanism":null},"geometry":{"type":"LineString","coordinates":[[123.8864,12.1709],[123.8865,12.1706]]}},{"type":"Feature","properties":{"fault_name":"Philippine Fault","segment_name":"Masbate Segment","fault_class":"Active Fault","trace_type":"Approximate","symbology":"Dashed - red","mechanism":null},"geometry":{"type":"LineString","coordinates":[[123.9846,12.0344],[123.9856,12.033]]}},{"type":"Feature","properties":{"fault_name":"Philippine Fault","segment_name":"Masbate Segment","fault_class":"Active Fault","trace_type":"Approximate","symbology":"Dashed - red","mechanism":null},"geometry":{"type":"LineString","coordinates":[[123.9862,12.0324],[123.9863,12.0323]]}},{"type":"Feature","properties":{"fault_name":"Philippine Fault","segment_name":"Masbate Segment","fault_class":"Active Fault","trace_type":"Approximate","symbology":"Dashed - red","mechanism":null},"geometry":{"type":"LineString","coordinates":[[123.9952,12.0204],[123.9954,12.0202]]}},{"type":"Feature","properties":{"fault_name":"Philippine Fault","segment_name":"Masbate Segment","fault_class":"Active Fault","trace_type":"Approximate","symbology":"Dashed - red","mechanism":null},"geometry":{"type":"LineString","coordinates":[[123.9957,12.0198],[123.9958,12.0197]]}},{"type":"Feature","properties":{"fault_name":"Philippine Fault","segment_name":"Masbate Segment","fault_class":"Active Fault","trace_type":"Approximate","symbology":"Dashed - red","mechanism":null},"geometry":{"type":"LineString","coordinates":[[123.9958,12.0197],[123.996,12.0195]]}},{"type":"Feature","properties":{"fault_name":"Philippine Fault","segment_name":"Masbate Segment","fault_class":"Active Fault","trace_type":"Approximate","symbology":"Dashed - red","mechanism":null},"geometry":{"type":"LineString","coordinates":[[123.9973,12.0177],[123.9976,12.0172]]}},{"type":"Feature","properties":{"fault_name":"Philippine Fault","segment_name":"Masbate Segment","fault_class":"Active Fault","trace_type":"Approximate","symbology":"Dashed - red","mechanism":null},"geometry":{"type":"LineString","coordinates":[[123.9983,12.0162],[123.9985,12.0158]]}},{"type":"Feature","properties":{"fault_name":"Philippine Fault","segment_name":"Masbate Segment","fault_class":"Active Fault","trace_type":"Approximate","symbology":"Dashed - red","mechanism":null},"geometry":{"type":"LineString","coordinates":[[123.9985,12.0158],[123.9988,12.0154]]}},{"type":"Feature","properties":{"fault_name":"Philippine Fault","segment_name":"Masbate Segment","fault_class":"Active Fault","trace_type":"Approximate","symbology":"Dashed - red","mechanism":null},"geometry":{"type":"LineString","coordinates":[[123.9962,12.0192],[123.997,12.0182]]}},{"type":"Feature","properties":{"fault_name":"Philippine Fault","segment_name":"Masbate Segment","fault_class":"Active Fault","trace_type":"Approximate","symbology":"Dashed - red","mechanism":null},"geometry":{"type":"LineString","coordinates":[[124.0008,12.012],[124.0009,12.0117]]}},{"type":"Feature","properties":{"fault_name":"Philippine Fault","segment_name":"Masbate Segment","fault_class":"Active Fault","trace_type":"Approximate","symbology":"Dashed - red","mechanism":null},"geometry":{"type":"LineString","coordinates":[[123.9805,12.0397],[123.9808,12.0392]]}},{"type":"Feature","properties":{"fault_name":"Philippine Fault","segment_name":"Masbate Segment","fault_class":"Active Fault","trace_type":"Approximate","symbology":"Dashed - red","mechanism":null},"geometry":{"type":"LineString","coordinates":[[124.0473,11.9631],[124.0486,11.9623],[124.0492,11.9616]]}},{"type":"Feature","properties":{"fault_name":"Philippine Fault","segment_name":"Masbate Segment","fault_class":"Active Fault","trace_type":"Approximate","symbology":"Dashed - red","mechanism":null},"geometry":{"type":"LineString","coordinates":[[123.9628,12.065],[123.9621,12.0659]]}},{"type":"Feature","properties":{"fault_name":"Philippine Fault","segment_name":"Masbate Segment","fault_class":"Active Fault","trace_type":"Approximate","symbology":"Dashed - red","mechanism":null},"geometry":{"type":"LineString","coordinates":[[123.9528,12.079],[123.9535,12.0779]]}},{"type":"Feature","properties":{"fault_name":"Philippine Fault","segment_name":"Masbate Segment","fault_class":"Active Fault","trace_type":"Approximate","symbology":"Dashed - red","mechanism":null},"geometry":{"type":"LineString","coordinates":[[123.9535,12.0779],[123.954,12.0774],[123.9547,12.0763]]}},{"type":"Feature","properties":{"fault_name":"Philippine Fault","segment_name":"Masbate Segment","fault_class":"Active Fault","trace_type":"Approximate","symbology":"Dashed - red","mechanism":null},"geometry":{"type":"LineString","coordinates":[[123.9547,12.0763],[123.9552,12.0757],[123.9559,12.0744],[123.9563,12.074]]}},{"type":"Feature","properties":{"fault_name":"Philippine Fault","segment_name":"Masbate Segment","fault_class":"Active Fault","trace_type":"Approximate","symbology":"Dashed - red","mechanism":null},"geometry":{"type":"LineString","coordinates":[[123.9944,12.0216],[123.9947,12.0211]]}},{"type":"Feature","properties":{"fault_name":"Philippine Fault","segment_name":"Masbate Segment","fault_class":"Active Fault","trace_type":"Approximate","symbology":"Dashed - red","mechanism":null},"geometry":{"type":"LineString","coordinates":[[123.9347,12.1063],[123.936,12.1041]]}},{"type":"Feature","properties":{"fault_name":"Philippine Fault","segment_name":"Masbate Segment","fault_class":"Active Fault","trace_type":"Approximate","symbology":"Dashed - red","mechanism":null},"geometry":{"type":"LineString","coordinates":[[123.9505,12.083],[123.9512,12.0816]]}},{"type":"Feature","properties":{"fault_name":"Philippine Fault","segment_name":"Masbate Segment","fault_class":"Active Fault","trace_type":"Approximate","symbology":"Dashed - red","mechanism":null},"geometry":{"type":"LineString","coordinates":[[123.9465,12.0875],[123.9477,12.0858],[123.9488,12.0849]]}},{"type":"Feature","properties":{"fault_name":"Philippine Fault","segment_name":"Masbate Segment","fault_class":"Active Fault","trace_type":"Approximate","symbology":"Dashed - red","mechanism":null},"geometry":{"type":"LineString","coordinates":[[123.9248,12.1242],[123.9254,12.123],[123.927,12.1209],[123.9277,12.1187],[123.9287,12.1174]]}},{"type":"Feature","properties":{"fault_name":"Philippine Fault","segment_name":"Masbate Segment","fault_class":"Active Fault","trace_type":"Approximate","symbology":"Dashed - red","mechanism":null},"geometry":{"type":"LineString","coordinates":[[123.9154,12.1349],[123.918,12.1324],[123.9191,12.1311],[123.9209,12.1295],[123.922,12.1283]]}},{"type":"Feature","properties":{"fault_name":"Philippine Fault","segment_name":"Masbate Segment","fault_class":"Potentially Active Fault","trace_type":"Approximate","symbology":"Dashed - black","mechanism":null},"geometry":{"type":"LineString","coordinates":[[124.0869,11.8823],[124.0882,11.8798],[124.0944,11.8716],[124.0946,11.8716]]}}]}